x1,x2,x3,x4,x5,x6,x7,x8,x9,x10,target
0.991382771765735,0.43310917406161953,0.05942652355493605,0.8990053108138277,0.1729320874249669,0.4035198194639964,0.2779989134609969,0.963875453161763,0.3780985789097976,0.7087169639103551,8.663046699057881
0.5983829719320699,0.0429751716018536,0.38431467849967393,0.3900219626063629,0.9898333254045116,0.8119287010585503,0.8566542761215217,0.31352117002117474,0.3290546151133398,0.5156057084357788,4.152428029179351
0.6310151327284356,0.728293488115033,0.820801855786188,0.8732022193405542,0.024625910834040865,0.7960958830519336,0.6108369897930337,0.5320847794674697,0.6284663368583336,0.8819382457691883,9.673675162125125
0.5452908943075642,0.1621880058989672,0.43677715019534,0.9244595335592114,0.8144837569072545,0.2030456014149311,0.7141437507729675,0.25622672148923153,0.34853699699027796,0.4689173639758044,3.474128777369114
0.4408696278606917,0.029279826680144283,0.7740092249801654,0.8463859941684465,0.5309432396793292,0.17295108286843863,0.24793802548534405,0.12633421075914775,0.16950625433305344,0.8763973937795889,5.446349614698129
0.4801627909099958,0.11101346785073551,0.25474526198868697,0.9495014162300962,0.5092656901392741,0.5156342963206682,0.5256448638015684,0.1116168143680969,0.970313658660648,0.08448574734821446,3.01403589408772
0.7000384210873634,0.05776481895748797,0.4435917704185258,0.8996782730061772,0.7684445423850141,0.33467602163320376,0.5513477659464994,0.16527465561823584,0.956120239424638,0.7086773437486638,4.926155837185931
0.37429376097666656,0.317934595154278,0.23863874955528042,0.7865195492536043,0.4346142504114111,0.33021722104442464,0.9052217470402175,0.15021794757146056,0.2638354940639476,0.3447657124798501,3.289174804796647
0.25985148554842263,0.5854030412211051,0.6010311115029306,0.05474897248361621,0.14452906406482424,0.19852875637934486,0.07032806851502016,0.12476198929931304,0.23965138898562255,0.345620607387769,5.374300613037043
0.7913090120625669,0.21790507888932487,0.6700258314433484,0.05788101958472436,0.6582409263037408,0.7947192056552077,0.60480794884463,0.2013922903748835,0.33040801386240604,0.805181348861262,4.873230410273719
0.4319718924912561,0.2552346479283726,0.932691536575539,0.6373548566105905,0.8057147105482197,0.02450188490630445,0.3393365831630998,0.45889690238299696,0.5874215541357629,0.18997188647013108,6.595054140616603
0.49795355271918373,0.6856253676896876,0.34587605669202415,0.691442203038059,0.3896540403718406,0.46946340237177453,0.13429290057226662,0.6512745660618043,0.22427568802337206,0.8288501290470924,7.291661380480019
0.553443371046957,0.5602567496152047,0.9124765224137087,0.16740271130948625,0.5302346778776662,0.3822050104458876,0.9663240750996771,0.7927140468480504,0.757500864629054,0.20412135613468962,7.198340591319404
0.23732324584835618,0.029180827391828812,0.6385353619424559,0.3708353818381809,0.3120406943743329,0.6370312255109051,0.8286876152565452,0.13302954599319283,0.9186614539059682,0.03427122909631097,3.1050104880054827
0.09510634023513398,0.8381281391219745,0.4927038268175541,0.9392548542708771,0.4616529965912206,0.9261229859557751,0.23962962563069434,0.6164496227685764,0.9944680029457548,0.3760628080576477,6.848457568150279
0.0014546845088795335,0.06405220548203894,0.8590596035467116,0.49188563515468753,0.5367181983877042,0.799426104675694,0.8115790087425638,0.47742130798545657,0.8580607767683818,0.4684249583396769,4.361467883483906
0.6750213743740148,0.033361831061546665,0.13799938686170243,0.8514200372536157,0.3131184223042647,0.334743940594597,0.6629911971389482,0.5925381507299451,0.08218864064898868,0.7657650342514933,4.640251459605208
0.6172224295097185,0.8553318528566709,0.5354969100489608,0.41432483598353964,0.3713404577232706,0.004418926245998822,0.039784222644689504,0.13121142528066,0.9295373867629104,0.8806505323422356,8.2981214205596
0.4971963549949745,0.1801963934158528,0.14611136058146468,0.25613059361078394,0.9087228289058915,0.5214680590355849,0.8040418449516701,0.5067543544778217,0.6094473177713507,0.6101026150672351,2.633301571297815
0.03133777640699298,0.4452685180319105,0.8640490370286394,0.48909863189640157,0.4353354213274435,0.5265455742419763,0.3807670379368303,0.5153999675492458,0.13534481610396465,0.9679467854021748,5.723501840666758
0.03412993998404823,0.4832074309058516,0.20999253239123328,0.058355805930901505,0.6517053785272915,0.985181258397041,0.7496049540512667,0.2540206673837978,0.493389062491138,0.04978155597866085,2.626180338706747
0.5316702578888689,0.09946319815429894,0.79460764288713,0.05670639899768082,0.009360965900580775,0.8615570385815131,0.9425422111088441,0.0865540251500253,0.2789166590746187,0.7416972783325139,3.3858700229903063
0.5396534652651104,0.9492368129359128,0.38918001104461486,0.003322889284172126,0.019745639469550214,0.5648544560408182,0.7521053978779572,0.7906170179696616,0.9115170390869909,0.22907454088329005,7.457650996066282
0.7384059053690288,0.8270980952468643,0.8362753514478158,0.4115435688957064,0.6259830067575314,0.5515653034433535,0.5974859347684773,0.28203123592704793,0.6832344483065328,0.7100173102612464,9.57559333212206
0.1959483843939216,0.44363243859682955,0.4221055762812693,0.7489506483884493,0.666503060249372,0.47619583056430426,0.6525313097399958,0.26286160521726665,0.23234788240754112,0.23991965275395455,5.236184506443338
0.029497675339813068,0.6910762613606479,0.9858480871630934,0.3090321415512228,0.9298333617284478,0.6065426093709135,0.22493426534108063,0.011864637143467305,0.7237314285207513,0.6965742349920703,9.165162652744653
0.22925333279352822,0.3327050891389923,0.8980467393161642,0.15723331103483207,0.8354438681219112,0.1692234425177459,0.48172713573849724,0.49896528770475224,0.47208964643592854,0.2879295690678889,3.472672591131859
0.2533647288940776,0.73315476899806,0.27567690318724447,0.6099153712053182,0.8466396870846448,0.8370344447338819,0.16715140814781837,0.6547376429670347,0.6022791318153863,0.28198451084299014,7.819558312639083
0.39145398099303974,0.28511302462926846,0.5370651600842862,0.8036273979535111,0.8775033363842705,0.7228235931977032,0.4834503611739397,0.9580952835869141,0.5638790114784856,0.47854668872551553,4.021430459371455
0.8567736229967764,0.18462332873760656,0.15787834526893885,0.7825424714243219,0.8705708303720625,0.07277478165509288,0.7640861015968985,0.4244617204145371,0.7037268231007593,0.13496933606479267,6.424336591577959
0.9730127526590837,0.8812802940597564,0.40597252826792507,0.8933588261333548,0.8949257271374506,0.4612530249150194,0.9468855019361152,0.9768571255832856,0.2172127389736962,0.0666666796456008,12.17578085252566
0.3311497840290294,0.48883526109249886,0.09267639871668754,0.1406595574809576,0.9716991219783655,0.7373005963263676,0.8749380692600253,0.9711545788347126,0.3781443593009144,0.6878639415779026,3.9658039026568304
0.18402199443013734,0.5516672007719884,0.2098784779801901,0.1604309628991618,0.09844363172495862,0.579736562564043,0.9498511993337185,0.12222179485104323,0.5023144553803639,0.6870681172647907,4.3371947960470045
0.49586168070014225,0.9117759243802698,0.16629565065784235,0.024163261007595804,0.3831181218991264,0.5554888088017809,0.25450709140810523,0.16843354772656693,0.8048378304777674,0.18857519208358797,5.767984733707342
0.44268220795238467,0.9544811105482061,0.6127048336696321,0.49772345275561736,0.3602502326728225,0.5203854530478397,0.7343070605501117,0.8225272385157476,0.649847736784429,0.7903170547244899,8.052834933835932
0.08841778461508332,0.014374450136209083,0.7344110309087452,0.26170407022809516,0.8776782503720556,0.5358506776601739,0.4785209479554454,0.7728187724647265,0.7410960035518378,0.7042765323899776,3.2163349071948115
0.6899009560005396,0.5153959971781844,0.9264755359754916,0.8906414097273678,0.3294049414604667,0.8046945392605807,0.891108513912535,0.6182549711256878,0.5555791927081154,0.6718867475946383,7.608633645640488
0.16306065747870713,0.08734367620943084,0.8201502749671149,0.5733262271054287,0.12250149033526614,0.41631802714486943,0.29823437145023635,0.8754779542256842,0.5072201811460026,0.5775125461032431,4.004236885447513
0.2352904049283392,0.799063547591341,0.9301012875966261,0.7924943486984724,0.49285914319778623,0.8350889317638635,0.1879588711624095,0.11341366003892872,0.43821912028964016,0.1815344670786071,10.217163673271846
0.25916055611432043,0.5851167586812654,0.4039031137837422,0.8658782796104407,0.22561234547512776,0.9967906989660529,0.35939341592639407,0.5154028506592396,0.1323321098087158,0.5792990127461399,7.4176533933345565
0.9612848944348956,0.7493977778770115,0.24405456014951832,0.4426117108340628,0.4254333140290475,0.09794776759251,0.885850180677666,0.3814560499750199,0.49425961110409466,0.2912477748765686,11.13949562487619
0.15239562678773755,0.9021106197714737,0.03739747766010071,0.3998795013161306,0.7306954269469824,0.30885791820086606,0.4460286069622458,0.5644772510341152,0.9950816122358074,0.7583013378008664,5.314440263349732
0.9671153737567904,0.6931454739893605,0.2690528880924695,0.2874888090400288,0.8224643033672443,0.4277134911966751,0.37022419340327084,0.9450940263729383,0.0132331664707519,0.5249668852018622,11.095661774611644
0.7750766572878195,0.736169016182467,0.36757438713798185,0.5356483118368134,0.00557729468787449,0.534830269701731,0.5904012263994217,0.8747913375922108,0.21073726981010144,0.8251457124078087,7.534349860898913
0.7180665107553083,0.6660308648859996,0.3943878243007597,0.3674343814376506,0.7032612224337852,0.9902232142522016,0.40535375917870453,0.918599777596716,0.5865450823644102,0.8681656535698615,7.825926045592459
0.21719044704193335,0.762232074744488,0.8349435107418249,0.8321691399013262,0.7847113786995289,0.30419562973271086,0.5219502197833262,0.2997047801748718,0.34296590670871285,0.3012188835882025,9.528382410329515
0.2842270480016398,0.6934216725085645,0.6502636993146175,0.20426423462312415,0.691518720100034,0.29106859594114454,0.20171833454980226,0.7472518804019275,0.36286809280883014,0.5693505243246638,5.4640322880549546
0.20012396046562642,0.6136938373259199,0.20799343458832054,0.1668769234336014,0.3865285717851099,0.7900618394149156,0.17653434826004766,0.11702656751357488,0.03164769246181587,0.41596575653042844,6.923228127398711
0.28202506489691026,0.29210845061229873,0.9819419427951475,0.19412340290502117,0.45842705051941535,0.9863681712390052,0.030618052622012892,0.6966574446753606,0.3710829522534198,0.9060976136117666,2.8289097502541574
0.9119414377270739,0.38721273593928895,0.22146346528026428,0.4280034383008202,0.9653062746143974,0.28139858912045346,0.9813177982330326,0.8193914977968271,0.2674523315361902,0.7910694670829013,8.592719015958261
0.04979944313212703,0.5480633765543927,0.35734913916878697,0.426935998383708,0.4728543380742576,0.502712760199264,0.6564122744889872,0.6967770277822629,0.975704036618496,0.7627786687244811,4.575415407048226
0.6877977757168012,0.3924588839307134,0.11780806448724535,0.05878841944566826,0.4776847103251447,0.668256712627261,0.6501598512584138,0.9528614201751181,0.38242997324233985,0.6277838132396025,2.0830495253343235
0.887873821880245,0.40407775657799627,0.4777431528506857,0.9229728959108812,0.5502419530301137,0.7996099382650921,0.9356238362227709,0.571058038556002,0.10918696899440561,0.8216999537743888,7.4304986719519
0.8177821653963037,0.1149851943435154,0.548118151615561,0.4870856354523244,0.8471629327063953,0.27462783245766487,0.42627770828600087,0.6047910447391338,0.5172451926410183,0.9550342746935518,5.662180745572232
0.960657327732793,0.08157249078440287,0.2978469922948356,0.007534815711570775,0.4178603485046831,0.6621390528812694,0.4712847810858649,0.06718187356014338,0.19595623750026292,0.17329134830044646,5.387184162792514
0.5111282897589237,0.6776800157428927,0.3163254231506184,0.13046006434363555,0.798597648072569,0.8583618368159266,0.2764882134447507,0.42074770236120773,0.08193110262646541,0.2276972631939599,6.299164009093397
0.7670003780501842,0.3651978896075416,0.6046922654017522,0.9461844803832838,0.7236378458210945,0.45345218461375336,0.36688031036577373,0.19052701496096558,0.7561400729805763,0.11242521915954085,6.924517390516769
0.06139369037884046,0.1048286752640597,0.24290538686472896,0.627123414870051,0.8613301333378369,0.9926224030611015,0.7314841478100327,0.14597709568062034,0.27770475812949014,0.1319867442733701,2.0761858202398242
0.11555178151378398,0.5677326485413827,0.9067230569068515,0.6843263613353056,0.8006501972603666,0.5080967613570747,0.4753211046537892,0.9374845661876614,0.7219646380655572,0.4593411106089331,9.068500562923612
0.332582446511565,0.09312749311787327,0.8209829110528687,0.1693236928993309,0.5150158293104699,0.6372792393587148,0.7440781052641624,0.08334355811649297,0.010686138978628246,0.7060084958445804,5.108228621214674
0.45439127475976604,0.18113535989830643,0.9820274120561833,0.7913541552525123,0.5785130611603787,0.7021070928956882,0.15502345644708537,0.9622251950668718,0.9963670790472781,0.6484455097387702,3.785069264055001
0.6683126014427521,0.7044585257353936,0.6657862234387675,0.4385408284422121,0.5406762372208875,0.28272619749017314,0.4468479163821141,0.4361033059961682,0.28814042231335113,0.7867048194872305,10.65329410282169
0.4096720043763472,0.5517152789668076,0.1560905231859555,0.47496690018061316,0.7614553312034725,0.44452563910692433,0.5577413838472018,0.7017065841165571,0.38897557461702903,0.3532825525747202,6.418040637235895
0.08574195807126195,0.5822723943632249,0.7069585490631191,0.5812524615056033,0.28352534509198535,0.2623368762985272,0.1594876132061105,0.04699083099021284,0.42687803622619025,0.160520321251864,7.318478409665908
0.6907977009908989,0.9617330095030937,0.07348155558502056,0.8929557836710087,0.6577160884975052,0.860278980709475,0.15495885119297237,0.9064820285519539,0.9578718214583227,0.9067141089524458,7.674484210794049
0.7854996314432919,0.0903042572601016,0.22073107130922442,0.9131352111075521,0.22942429722679447,0.34771403231708653,0.050476894557177854,0.6280930046150305,0.5633009222692845,0.9617716679076564,5.2006178567788135
0.8923446352868648,0.5059438908620141,0.609337303052524,0.41319682015501635,0.13245913740781035,0.8677905954385866,0.549538581005535,0.42539212388592795,0.06846540603443663,0.6653834083547242,9.352508509530113
0.3996649057557419,0.2536958662800869,0.8767532717691339,0.18363183433241237,0.5150198744417153,0.7957560186235015,0.8490747731126775,0.818705399919617,0.8966263353065039,0.14235737756159494,6.645907213646092
0.9404585323915335,0.01080293249616282,0.2559040017507661,0.08403874621081775,0.9455331351715159,0.42393565336590255,0.3152694048782926,0.16708746353097004,0.15581790744045354,0.6139316860429521,8.376208730581752
0.04708416639242352,0.5943303752315523,0.7746493721988065,0.6010148669588327,0.8265787680459591,0.26525870404845764,0.07717151761165586,0.7209906169235091,0.8281303903912739,0.5016765365654541,6.418134009887012
0.8206169399887553,0.4579191554552663,0.19852763392245953,0.47439401760687805,0.2159506489516182,0.4720315707880056,0.14755155917893448,0.1855620714266194,0.8829127654771611,0.11585818060556108,5.4214216358758645
0.2242742800954033,0.9955200506216537,0.5760185160907866,0.5858192171594657,0.8449708764223329,0.5243196364889574,0.22178195348345475,0.4224665563007842,0.755001253630462,0.87244843844339,8.067237878162874
0.2732038249982952,0.26197526413919325,0.3276082062077956,0.5962106998561777,0.27850906560634514,0.8931369254605925,0.978007588716314,0.6791199224946348,0.9702996960522451,0.28785046849926976,4.129531416167689
0.8151703531855431,0.6784446398447578,0.26319183066403706,0.31840728024466736,0.4886256665033851,0.791643336534515,0.8722222692052979,0.6339470437515061,0.7215763722243298,0.2638495376149723,8.328232684322623
0.7410715497781724,0.6049798129916096,0.22292090524629027,0.9501869716023997,0.5128596094148573,0.7944620194596453,0.525612766807365,0.9329367163365058,0.14127938463779832,0.5461546257705577,7.828289258718743
0.025155002059851772,0.19739359253811406,0.2810265046037107,0.472610071097347,0.8201726574240963,0.4666545005664924,0.5611871995083941,0.9240543606813104,0.756532464502061,0.0502033882154046,2.7822361600747567
0.1764625907215568,0.03821751213126723,0.06905626077848481,0.3388548019879476,0.7278585038662536,0.24435289277058736,0.39228626247153764,0.3938746614436194,0.590306550342294,0.8929190071650376,1.430348827474997
0.9832272834305901,0.6046109643278814,0.5050704798386406,0.6818756850331991,0.6680312474220225,0.5239458626758763,0.7369562988174959,0.49127140298490657,0.9964584262520463,0.048997303446906004,13.19961501437357
0.4432156217674187,0.39702434390558217,0.770303956946872,0.19082535640741527,0.43407549800772605,0.6979445366550107,0.6031918663168112,0.5451218314766183,0.4349551324058273,0.7520088002439591,6.555376675102986
0.6464251279102711,0.8747110253460137,0.7329988864498437,0.14040756444974722,0.6195380417646209,0.044538433227170215,0.3873708622928873,0.4119377067217761,0.8548829034338018,0.18037170677715464,9.3349432756773
0.6435415049232854,0.19238702258563845,0.9486701511977943,0.5294969326482134,0.7082137648284782,0.6465453904770071,0.3036385239698891,0.9011977604231268,0.6272486687156631,0.5103180193975416,6.884604325337298
0.5283606934495687,0.8906905241422043,0.059119472834270104,0.3890620920910871,0.841627527819013,0.037515246925695855,0.6391812193221356,0.403264183139867,0.20458347050203007,0.6114048672570058,7.858751292910599
0.8310610029954698,0.4673395543462625,0.146737389421015,0.3061512198219627,0.9813532500490171,0.1110918867238575,0.16071502018564754,0.9901778479098711,0.8821014236879178,0.707128744735747,6.63527476772778
0.15098325346103414,0.2405491498516137,0.18018220406530294,0.6309548550105958,0.3988688877403843,0.04777913619509366,0.2912923027265041,0.8606532260646512,0.796042333414664,0.6430118039692142,2.0076980283686865
0.08554351419413952,0.8827908191395487,0.5345178087482548,0.49457601003004703,0.934063576982224,0.00884402692507713,0.5558972068347732,0.7912443911887062,0.06369047465551414,0.3571720674148693,7.36545910216552
0.9774851845197069,0.21178605165664766,0.5311794334059553,0.7460690260345552,0.39037385250693557,0.40787324665773605,0.06326835210326942,0.1900933484206505,0.8806092255155881,0.8183176404167509,9.574163586966524
0.3046385222630683,0.38171129898092215,0.44041042362204597,0.3459436282742695,0.6539117041804259,0.012828430871628327,0.8801680559214993,0.30064909355261926,0.8723734618263393,0.4543858176232872,3.6374775866683247
0.7763309917067788,0.8257798389116462,0.3012888236312329,0.6403248091169027,0.6074139759773918,0.47601410191686455,0.4695686768972711,0.3052032703377143,0.31019051160796196,0.5481516082720349,8.035386029191397
0.03227061798934783,0.9336643819747221,0.6499793229697816,0.44344353982988083,0.061806002133892424,0.6300125101230699,0.017742662744165028,0.6798671950920174,0.07252444752398224,0.6561021897598133,8.320847222876811
0.40588776635044854,0.6626284948497968,0.13849732557330596,0.11738290920776084,0.24742404100987636,0.4115113182232514,0.2530309518799695,0.08201538437639022,0.3250280983066608,0.7057609001297677,4.4817345551041665
0.5830861041838166,0.9633245550195472,0.43592166099054863,0.3328023551379785,0.6936795276927338,0.41195878946299946,0.6183092687332262,0.9462872805663635,0.4991892285392244,0.49817500589132946,6.569495772961943
0.7751665234272955,0.7560766551830006,0.5162314463907974,0.06472034889679046,0.9807869938546315,0.37732042102927354,0.3167064164487492,0.9815468332841474,0.8721352168939731,0.3302166418374931,7.979574960781433
0.30830905575296796,0.7209541426341094,0.3343159024950785,0.25143196316440497,0.9796708469272624,0.5657102377839001,0.7624976212549441,0.7130549596918908,0.7555259946501128,0.9033899761835433,7.0874931020671825
0.5007683328938403,0.7533781792615347,0.7968138343230714,0.9463845854960208,0.7130967030526743,0.8926157993848791,0.09503810019996184,0.1260965939080787,0.15834618951034252,0.14481307204343852,10.685178225663307
0.08751881240134385,0.12257378578626776,0.9959102848673269,0.272185029550456,0.4780481071451963,0.82161536953545,0.11830467408788492,0.31736500630877373,0.15928602021759597,0.06255611602740674,4.408873188383401
0.9607533806305084,0.858357836018203,0.8792979948702578,0.8686801331323772,0.1545668342254617,0.7849968962341056,0.7278712017672849,0.9254153604245823,0.2193222722631667,0.4140443868756545,12.63646943350458
0.29492851271388076,0.2579178183168003,0.6523816875228379,0.16394334979743908,0.46480711963317956,0.6466404474267973,0.1303030670700427,0.25698013733773784,0.9673660579043314,0.7954293316705847,2.2985864644689737
0.6769546762873895,0.855969207101299,0.013968452138894416,0.006074434400113904,0.1539666359756705,0.4952571194177743,0.5699737071658532,0.11368853144206126,0.07228561985068005,0.8283341310968813,6.475559801289385
0.4644684814730584,0.992494425788923,0.22934665911301566,0.6472011120998281,0.8043881655310055,0.8726381560127496,0.306319015472593,0.19328038290721616,0.22609457331930538,0.6667427695365171,7.334919886460474
0.5223298381721884,0.5989913826294786,0.020528617981786845,0.39097320907040223,0.310148466085014,0.8637812907445047,0.7762586892496911,0.4295718643596934,0.6305295810844596,0.04767939374179675,5.817277665157629
0.6372514507916336,0.09720499535444438,0.7140187809190119,0.5738384485335735,0.3004932426422062,0.37083999632247555,0.09009158243315607,0.32278847041465986,0.9668429102962225,0.4861848626171792,4.730662094708095
0.4742409220518462,0.6292287889895489,0.4844438097364806,0.35550909976297684,0.139521574068726,0.6303152381667957,0.7489224227793437,0.9231026529824208,0.0030138565718731414,0.06666041121398913,6.989323860270018
0.8994056619763349,0.6311555395195846,0.9579102764321558,0.43084459412206955,0.41668717024970736,0.34426457939737165,0.14281892386971617,0.3786329089477688,0.014648540193637927,0.5093132848736548,11.922825091009521
0.8472102071182454,0.32119675369061473,0.09464015652135693,0.9737613233539568,0.12897760888102583,0.5286974967794993,0.8091856872541197,0.2523452073952678,0.841489539895631,0.5570251407068214,7.857848666320292
0.33193567988111783,0.8656892161306027,0.6220001533129509,0.6153844265877504,0.504009717136523,0.2747374871337327,0.30486044612174446,0.08807907285943062,0.2437237061827452,0.27782508604023226,8.377855294740927
0.058701492631464514,0.11031473667912306,0.27025298853770374,0.6772525231196905,0.1842349910312261,0.521849599887867,0.5079032654955288,0.8340380796236564,0.6091638053915898,0.9169990786938409,2.0902244694035743
0.6281013693154016,0.025515637799250257,0.38149207189500645,0.6990479760561127,0.47512189441949415,0.4193978698215808,0.6715456308958614,0.2857328796515979,0.9089780316918369,0.413143600990584,4.427065739286172
0.6312178109175328,0.9823332665701954,0.7854802299540283,0.5316231587714912,0.8593875882494352,0.5604377184691128,0.44165343462793916,0.8734529449979953,0.02715535689094295,0.40746613676320886,8.578111177102947
0.3429924665692461,0.7140863063620819,0.01258621515381364,0.660852478804474,0.34636123592457824,0.09789337904290463,0.9803307817355692,0.21222873785077112,0.3491299289476336,0.20704658927937936,5.087187483149607
0.6619911972920222,0.782516314068156,0.860640834641581,0.3109982179441636,0.5245533915315163,0.663257624856191,0.629520975120391,0.7160271936158054,0.7697273036447547,0.09747335607130392,10.376659141411233
0.16831102469166492,0.734321049514089,0.4766755339098696,0.427033791072572,0.45544012507759424,0.3720260134313603,0.5910675125809927,0.32332554265537594,0.6368154005908988,0.20263711551880692,7.203211741884538
0.7576889136157564,0.7815999745742507,0.578520816224646,0.36932346274954375,0.01439657323686161,0.12153247245131338,0.07968701278866752,0.010205025148865898,0.722219771900903,0.9560667599363938,9.66462779566077
0.011168265298814983,0.11269060179546397,0.8606758593498712,0.6885022494762415,0.4047103964963029,0.9927965174673155,0.573621341789995,0.6695990127494281,0.6531763668355127,0.2227016300888941,2.8451238602854514
0.48812440977749216,0.21641129855032548,0.5094645302076236,0.03078121880860618,0.38195917685169245,0.3722100728884685,0.29163062185182476,0.07922894216523713,0.770967060262436,0.420454864288032,1.714732858837018
0.8139731787612435,0.8357272379215589,0.21359738990178967,0.4213301137988239,0.7209740052090353,0.4994961536748965,0.8550682304029711,0.5715690077134065,0.6295809678585665,0.7870234645447052,9.092084224616354
0.12222210762851127,0.5842482379180547,0.0854298687641476,0.2605511235370386,0.2125717064245788,0.5670760906618405,0.8439023783904528,0.1328096095505159,0.7683965276470849,0.14306612542274888,3.7028974995880017
0.18967171284842688,0.9169401972550658,0.009729155506654652,0.19714404123353868,0.21555609127841835,0.28188056338097656,0.36341170709443615,0.10317801183873221,0.4684542798830339,0.39935036736388907,3.427649787675276
0.6249338109152496,0.8675176340687013,0.2977202601358906,0.5464877742595945,0.3713773701401848,0.04025028108832973,0.8210753641270929,0.6342164399919384,0.002172270375283003,0.24957194020261664,6.49396202144716
0.30898940498897676,0.8115315405311417,0.7607132104066978,0.3961438521355196,0.1573422162786452,0.38603215258137435,0.8101463223989502,0.45239136031665306,0.11587018828585505,0.03854747240105727,7.246915615094087
0.33333527229009674,0.14836281102084614,0.7450411784616523,0.27875681402009533,0.8774530309594293,0.6173492893760915,0.3936637598143454,0.6100575543246238,0.29517397303243287,0.14132387903777854,4.46608883461385
0.9641775949233995,0.5631614455496842,0.007328121254804643,0.3103142062955758,0.15953449412566123,0.2581833131895387,0.055715519733534835,0.24508562797454847,0.6830161005327833,0.8206095473917537,10.366578546949267
0.34739201763250205,0.5224657485484294,0.04179059691018072,0.09080080042450267,0.5519241418933932,0.8405769108347484,0.08798796505396933,0.4185466685860141,0.9704246678501471,0.7387925453751276,2.6495218371505116
0.19760322028020727,0.2851742671658356,0.9479162324714243,0.22098769307485422,0.4409073819907364,0.3556100535870508,0.4900388319689325,0.23658018696621608,0.668350429964355,0.23459098616910612,2.9998956115518665
0.6021013543498394,0.3577693114964655,0.25147613192651497,0.695002630626535,0.9652397784601923,0.8693754415711226,0.08683539251972161,0.45441378818770195,0.6947799461534385,0.5626158413895062,2.9901992245327547
0.7263568331365131,0.9751201418012574,0.3422718098048221,0.7708731590749056,0.09407131743687258,0.8697482332191487,0.7784322423611788,0.5209674590028168,0.8210334700101612,0.6666234452548965,9.062754019413209
0.5522262327393552,0.9460005119237314,0.13026521701057814,0.9929676718816512,0.15443287706272635,0.4801759619858873,0.23141099685655364,0.27191364944262264,0.631831971047396,0.03471014278671125,7.566013042333669
0.940746778685844,0.279622123898843,0.2725325653152574,0.8635637299212194,0.7648361866273349,0.6717219309875556,0.1463584506026966,0.7696167191060016,0.36076629132968974,0.9938886473298013,6.700572114211928
0.671249545025436,0.8358930744683252,0.7337852916646517,0.59423834274482,0.7163190541153374,0.5974838290373553,0.05119859064796073,0.345523140657792,0.3164175187784467,0.7139732080723811,8.736315705573915
0.5761732008295404,0.6104888027000064,0.846981581217105,0.5253071389080773,0.21827719980610527,0.01243967684474323,0.1594975334911426,0.030579091332269992,0.23706491854337453,0.6349971911656639,8.292513366073655
0.15141895613683776,0.08192322976739574,0.970854586675819,0.9969050239275121,0.6370235122822412,0.1085663936544995,0.8215206320969027,0.539213692919299,0.18207360349884438,0.5756921957160671,5.660222669784307
0.039382123273216996,0.972471110139427,0.8259654991434208,0.26077691745424714,0.4189118920982804,0.3952835805005138,0.8614941720435259,0.3546343644933696,0.04798016661818727,0.21468884980370384,6.495428424783956
0.21556965746515588,0.9492410479963862,0.9240547680095215,0.30059328699215415,0.0027671001095881387,0.5169976309125972,0.7972399218728001,0.2686049819467803,0.43904402604948356,0.17278920456672842,7.789659790330051
0.3273952695162554,0.7588530028668904,0.4282812746404877,0.44727084376306603,0.7895516465914806,0.7629727423124542,0.18715279471237656,0.4152721794157108,0.8488578362126448,0.4567376824445024,5.940690772136876
0.6617634829270479,0.30596214931032906,0.05955856156194461,0.1648990315461285,0.4017208921460901,0.35346702838891686,0.8956407607911259,0.5456226704794241,0.6271553970941065,0.6886827146961796,2.4513197877458657
0.5316259303936581,0.7696456693716353,0.7831004843325561,0.3513859717826876,0.08478515349223492,0.9863542283433665,0.64262070052239,0.7089160731632512,0.7566960065202346,0.6129634217067987,7.779718641377619
0.47090146949574885,0.9846696942593811,0.7276574100690406,0.845848761556485,0.43967537152191494,0.9047774990907466,0.7321510522815579,0.7461279904455865,0.08693124373245631,0.6174567054531491,9.372925381844063
0.33521673487269377,0.6690016658462381,0.5682141093081201,0.11118950671170436,0.5299877427661398,0.4512584399051728,0.7764434919836022,0.5026382709904981,0.4811621675994351,0.7194909782924446,7.918822486896722
0.6685878901528772,0.9918543786334574,0.3519527007450677,0.6883565687650943,0.1672585558496954,0.8045607572350478,0.7861556185100005,0.7258206850925089,0.11905076493791866,0.9875445874921394,7.679233846444496
0.942610603440034,0.370091482135417,0.5773158844375452,0.8888869701419331,0.4946439905256921,0.599163339944421,0.603242859184233,0.6492549677495605,0.5755003591190677,0.4059442229335728,8.621715776751506
0.5394793648301232,0.8714426817966703,0.86410334567355,0.7725457468608395,0.414107606922672,0.7859725518735307,0.3878563471896105,0.6640686974505979,0.5674281394057725,0.30002466695650043,7.433764595681708
0.45287827845624373,0.8303617592780399,0.9127528081609347,0.20529542904968723,0.4562148098260016,0.4335055581536278,0.48901529720827464,0.976625667537555,0.5187425131402299,0.8300766881991817,10.183360023817974
0.663937073980884,0.1071909017165027,0.695656801093779,0.647059164698411,0.7584688946988624,0.07444852161513593,0.24130755996297537,0.7692886897533584,0.37061597291038617,0.9108189568220749,3.704076934925771
0.5176704089677379,0.0010271335695998252,0.6988359629245723,0.5134639712630222,0.3170943558487329,0.020440698403210056,0.19874623242529832,0.1615939183274021,0.5828541444201629,0.7695540205077395,4.150869472568374
0.23460641681375594,0.6977231342275483,0.8998242585550063,0.6215860213445481,0.7756476259730759,0.20423150552022995,0.07493852195061035,0.3653878012429278,0.7090069248723642,0.6860985893150875,6.350052627000742
0.9550792411450078,0.6299784197666168,0.4112844609930495,0.7971314266529271,0.1530679116407455,0.8130223383483772,0.3659304657650362,0.1540100090222426,0.1621406240384511,0.983597495296082,10.440725792466026
0.6232227625406103,0.1742645943220812,0.26856253801028973,0.3720797690916112,0.055899470252876116,0.10841571641336878,0.7617542943987393,0.7868739696208048,0.9882346113645742,0.0675963853471534,4.556731135238382
0.8891844116211186,0.317216045644085,0.3278505857462005,0.1272822518804576,0.9863001769447391,0.9809892369086733,0.8648296087379439,0.09078008664523651,0.8416496257092356,0.634613993132807,6.974764590721736
0.1287754459542828,0.2617577572464618,0.6892241314982004,0.8034407743807608,0.8480870459764742,0.543830241058919,0.5346199166159713,0.6842090128612494,0.7777225492331079,0.17058578123542134,5.708842323224129
0.7398376595512928,0.34168658915571326,0.38375862092234236,0.07771296487580193,0.5884207622682687,0.09342009753464486,0.9131356037168568,0.6209703062606208,0.9902818551181863,0.24565215263060536,3.7927348109459746
0.6796005638656374,0.9644299883251574,0.2985782643116781,0.09632264849009353,0.6339765767215981,0.3660991667653586,0.2730576337101296,0.9935876507434108,0.7541093361033211,0.4853946330124377,8.88852413051712
0.05000339738296611,0.19161567751387543,0.2987784252729758,0.4871966015662851,0.49724984156495955,0.024733363223272464,0.9433562700169744,0.5428071794385061,0.019727166985385458,0.7013351941755451,2.755847701047802
0.07135151191748523,0.7211704248752308,0.7014924808277764,0.9849231640718714,0.34203741900804685,0.14432729155620838,0.09186927264528366,0.07172607017319477,0.8103332019188126,0.7185480698277238,9.191830090585999
0.9759152167268906,0.30918604001577765,0.803102453194843,0.09301409544523409,0.9038798924183518,0.051830308809569514,0.7878834824080981,0.30735552483599093,0.1811930065503532,0.7045145277165422,11.190630574145866
0.8958780317725217,0.7641260393832877,0.31309994507250605,0.3535706548949362,0.18930459488898066,0.8240615928810386,0.10709363432911001,0.9032139272687502,0.6011342470204014,0.5888549556969969,10.505827675491284
0.8378214680964453,0.6675332513946711,0.304239258238281,0.34951512211682656,0.17305419112463594,0.46406324189881676,0.11015476574537764,0.6530365073268742,0.16922884111400438,0.863931773080585,8.437791539530535
0.7004625869282826,0.8915112545312555,0.08703098758689021,0.7985093345022022,0.8808047250283427,0.04456980890805162,0.9990759552011765,0.3006443161582324,0.21172121420910117,0.4149052232572311,8.89526604554469
0.008635392161345234,0.8859063259938282,0.26849088256260567,0.5215915003083935,0.6235595196178519,0.7910917957996293,0.25020611322083885,0.7171463674048554,0.11766088104213868,0.704235167888883,7.978085997698569
0.9192955325575564,0.08502626835322535,0.11670280081525009,0.5572274999306963,0.04640042234298569,0.18739050928894896,0.19019213638464905,0.4812474627313026,0.24848702931046718,0.4755228555695976,6.087912607425324
0.5211757882794222,0.7306443875369544,0.9459921947408432,0.503747216366288,0.3550053454922537,0.2587034130508934,0.6346572115041288,0.942917111525436,0.7646549117737659,0.20610263188837785,9.74845684435432
0.8933041306354866,0.73551330808424,0.12794486123635818,0.7128024155789623,0.2893554574062266,0.49139665733010973,0.3002313140914188,0.08405923794102976,0.7685835846833593,0.828683758708124,10.914142959057559
0.23197900136072058,0.23963811791952871,0.42995772820864,0.8114693191033808,0.07726807204675457,0.8087113532963133,0.9227229609555734,0.5615041677899073,0.06039148150939477,0.26955275985627436,5.794930182452292
0.11138647410537161,0.25928357074942265,0.8117820094921042,0.05566778922793114,0.28382363485199136,0.5169507626254914,0.8740409764859547,0.2499821659169742,0.7783271565368833,0.5835690747388903,2.0840240960543235
0.6763694173796942,0.8617686475746907,0.02641565370504928,0.529733479603489,0.7472142070305571,0.8846030561990968,0.13269418828777868,0.3414516377201041,0.07855579169516014,0.8349340838088829,8.081273191936567
0.8573663478196435,0.4835853148756044,0.02079529334295871,0.10219814925739212,0.6243581194764398,0.9826191858829555,0.8388640772393573,0.797922216036418,0.4179698809626994,0.9852122521464877,6.11136455382194
0.8249728508613035,0.33565282156404186,0.7484910288683159,0.43252291943891197,0.6604556701758324,0.9700538567702081,0.24645155526718754,0.7950021909876572,0.5903743211800885,0.9499709132437084,6.240339816749065
0.1344633099539424,0.7197094988451969,0.037153151034586274,0.24655348061427218,0.32085453006611797,0.4322557604920333,0.9652999771247959,0.06760140172949303,0.16898286435324283,0.20304722618544513,4.400478290805033
0.4239967023155736,0.06069986914411385,0.9654195465450689,0.5598516911782219,0.8132869029225716,0.7724984305640135,0.660825136021508,0.9044094186310219,0.9023837121577031,0.12777182966481737,7.027117060834787
0.9019282991242334,0.5238910353829083,0.26806971348189823,0.6085004668564389,0.2809035999095031,0.4790078626524297,0.8164378486552563,0.03219797594530538,0.18308899156595182,0.9565826751228611,7.436967195773095
0.44509837342925396,0.30332424447545214,0.9232795412941368,0.9112139109381736,0.04424245709782282,0.3624780164058903,0.9128216497716243,0.17977196935563722,0.5782135095231155,0.3207780136701538,3.897475607086423
0.736565434119525,0.15826247461439225,0.5960531803207838,8.432211304310044e-06,0.2525637555098975,0.1621652115107044,0.2098307119820263,0.860426292306112,0.9147965854669137,0.7550315730089154,3.385519160564367
0.5901065298506963,0.23085651586305422,0.27472137842529865,0.3098897731051621,0.777005460495953,0.2528843078366999,0.9733894253703137,0.7964635212568995,0.9997177229961974,0.4591785633972043,1.5168882189542725
0.5893281849963158,0.2804015450910542,0.6037445870352405,0.9739002853454441,0.03038021516829259,0.289288792408791,0.2812941697902931,0.982369865045279,0.13264938742396226,0.8123601814300355,4.048685792719306
0.2745538463356443,0.8606029798781231,0.48775090134031074,0.2422610851523772,0.7097330155906459,0.84158076340469,0.47013920921207375,0.7139892757143564,0.18158252392557417,0.93761218077816,5.901884002058614
0.09644950638111949,0.2219507089713585,0.28835976607690916,0.15275300027115202,0.40668033217566246,0.4577360278981032,0.5185892575457532,0.04079954755561099,0.21910606997737925,0.8077632512120207,1.8257116665177466
0.8106046545697839,0.3300067517543468,0.4611743614372382,0.1834529277296143,0.8221398904218673,0.9566837216454395,0.29135286025650564,0.7819379271553325,0.3523891362301227,0.0026339215744580757,6.706806292962202
0.5997277265910264,0.4103986534092572,0.7584350264951598,0.7487640801377465,0.9460312441225,0.43781900890934833,0.4825119035507076,0.40040530737988334,0.2969388770227198,0.6378422149099721,5.802021698007897
0.8280367629625526,0.15781067454491593,0.9818393277600184,0.6838073636349211,0.780111016230974,0.9988545858967041,0.5040314965789106,0.07129125656089563,0.7902917269389234,0.8707660276114114,8.70700357646029
0.16239715010637512,0.02413742184253953,0.1358236769266825,0.3239664141001557,0.9242810373854657,0.002467193824184366,0.8037978957268744,0.8548547362114505,0.8110523260529817,0.08221435564369795,2.922717074387798
0.6791899988557549,0.9539036234992153,0.12036276852220995,0.03168179821574657,0.8736590316919295,0.644929668403208,0.6464354657405516,0.9644314289272914,0.769765583589199,0.3974448856349245,4.5903047308979925
0.43584111730034225,0.14469297997580755,0.30404986689869506,0.44540371548165747,0.2610854267782462,0.9158728481442246,0.011802673618445225,0.5870220896803678,0.7716081290362528,0.7321089964765778,2.087052281153466
0.6437329591290303,0.41033549459743746,0.9184772327053372,0.3289463379704679,0.7501341262839317,0.9266509717984287,0.12838362291953187,0.9470810480191002,0.7760327012469906,0.6165916630411982,5.671167798843755
0.37339870562496225,0.9042654251797599,0.04404293621391331,0.4318290554455043,0.7566338975840929,0.8111404424571679,0.2022784973308036,0.047604652015881044,0.8028511552536013,0.42189226772118193,6.577954309767688
0.1435237300825668,0.08556834810813096,0.6406395705134355,0.5828178656023051,0.8539903767014971,0.03156701227248415,0.8684272331675332,0.887243109405655,0.44629967746252563,0.07666644781876153,4.690167935311089
0.9467432046023149,0.07202990532817088,0.5906753104461819,0.49315650267282096,0.8350864563280583,0.5026068527059596,0.4691202817060468,0.8806501463788919,0.964010082764836,0.549270108398807,8.337281934024345
0.4547239308417197,0.8310951432144021,0.8310934613898313,0.31938171608533206,0.5762236554220038,0.1541169813555996,0.6355419893793224,0.83398901354285,0.1875150848722249,0.3230470463247518,7.424462613842951
0.4489342837224328,0.8450800641258142,0.7313700112406765,0.3168703882400219,0.24303355367038704,0.695704710046121,0.47988746504013235,0.5935542245494027,0.6486974592760553,0.5586867335319174,7.0359350150191435
0.6130720298820463,0.8875031525124247,0.8681989274774778,0.14903427325942942,0.586496714585824,0.43930199666924374,0.28552007506518484,0.6311474094177983,0.5108835340901225,0.7749040653297997,7.145686655965839
0.09343098959169627,0.3026807493721033,0.02578225882776297,0.7459597536354803,0.9124573330084168,0.5873763406486373,0.6169791596660393,0.046425121663590585,0.5037812982362111,0.5268722326182029,2.769254931551904
0.038974485759422306,0.7823871397495825,0.27832013742830664,0.72344700681125,0.4029253468698244,0.9956461374481076,0.21220514620713438,0.05823559129060052,0.9799054932004886,0.24384201807556494,6.4204125857097205
0.6353311871158296,0.37456821981522814,0.6396278568346602,0.5960585894214749,0.7072738812892629,0.01844335597669189,0.836194217154001,0.47866586422023905,0.5188528016714431,0.4110251910401259,5.92161023556407
0.9893824822730471,0.8015713740947037,0.31139337502980846,0.7830712747887544,0.4369935272552643,0.8700133426956475,0.030846495264535534,0.35540649865247786,0.4298191559617217,0.7442495797272172,12.85740195083552
0.1823002665891229,0.2862810943938451,0.7238802923862641,0.07684365920982084,0.2011242947670444,0.7533665623418415,0.8755286509328855,0.7288280507965881,0.527138285130853,0.09906130119077605,2.454941633123071
0.8272257429802956,0.12403899717111522,0.38507845311142097,0.0504993443453331,0.7096750948794159,0.5034949643932126,0.9076077334154367,0.13874249559457974,0.8191659503768125,0.5106687579575284,4.985686831758584
0.3660923833572072,0.6435668858860308,0.7904173699947702,0.44028527341124424,0.23280568033775118,0.9157891494983014,0.31299774414398907,0.9982364438975082,0.7673249289565258,0.6878191749136586,7.486935722085499
0.012399727831886698,0.4485313259284245,0.5024610756873775,0.3763763961867913,0.14997310050140744,0.3674504442551082,0.07497334119100885,0.2909189197000419,0.08367927562306199,0.7524234538224849,2.454528646198156
0.6711572931744334,0.9399331368290706,0.3799288219754219,0.7862009579958734,0.5876072027349273,0.6461034280926169,0.5474612697643997,0.7791601404607412,0.04199143191454868,0.08048816391450553,7.964306318271702
0.09592376997619023,0.28869073406263546,0.5911287895483891,0.6456175495344664,0.7126036701895048,0.2807632238847576,0.6502127438984495,0.11768999275806757,0.009979210058657428,0.6946807875504998,1.712682735199126
0.7156122084805838,0.6221427079241109,0.2588699490969971,0.9274684605818259,0.8756755831302486,0.5155405606191753,0.9891397510452915,0.29861955655549666,0.49113428467036435,0.9279217718531161,8.542060199277955
0.46212213260351576,0.4710082277451876,0.07939260133410642,0.21134639948988643,0.15786522601369735,0.5652658703937136,0.3184915710166951,0.07703045919606977,0.5099723923349672,0.6692171616291405,2.2960950243838494
0.7365267373224511,0.837517907401389,0.481956394819929,0.390611857482022,0.6841217862775952,0.013364752671491953,0.6335265863932911,0.40568192411558446,0.45287528633723273,0.29626953341634044,7.714573340154957
0.12727551758610312,0.4014246641742084,0.30820233015899856,0.960118372886491,0.9435394317360265,0.6439172650792181,0.9037013103981524,0.7512747777674929,0.3458914891267758,0.6039006672743048,5.262850445874787
0.22032357359948607,0.6872082509438159,0.04480757190082263,0.8313417486990499,0.5832298243089615,0.05843834672271886,0.8717611653274692,0.8777014109050659,0.8528158379783177,0.774301976818723,7.055584377992087
0.6779254152635964,0.39690912187858307,0.13633916728645545,0.288775275033222,0.3470771383514343,0.3580764673647915,0.5654896151273219,0.20838280814577226,0.1896611290687501,0.7169627019347409,3.8443346719459526
0.0075005504305162285,0.14951943541302737,0.4349580822579714,0.1490831661198947,0.9598125513189427,0.6701039514683428,0.4327695115445267,0.11225534786679603,0.385186290154628,0.6506016686779605,3.361132424927363
0.9688142033580671,0.4726873636408009,0.6924122460924058,0.19535899732672313,0.6236333707356633,0.239054899907017,0.19813405211574564,0.5092205616700667,0.21166429743359993,0.721327527224228,9.376240236622825
0.9373365909663379,0.3936021023947349,0.3224614034267267,0.1758848936027093,0.3903964275874954,0.5596340905320569,0.3729694129930725,0.6230762184988846,0.6624234149532126,0.09782956201474535,6.3724397318318085
0.6977827060096121,0.9003175309116718,0.026252148609508308,0.5513522105988594,0.6038743737535993,0.7098153350703653,0.3857686637991171,0.8187103168568544,0.5398964662361845,0.4089366015639,8.244154596458895
0.7192566957365676,0.9273755316052872,0.8120016437774679,0.9306647779883941,0.26593476203020927,0.11851297088670798,0.5343495501588525,0.044430424842008986,0.6745897689212559,0.24000152326555446,11.00590492107074
0.45435008840812163,0.6555618405393181,0.4830953033714662,0.23606206056654622,0.8803705199960897,0.7645353210400474,0.6010724935694522,0.6985402636083992,0.41532589762793903,0.37589209641835664,8.274195174841305
0.16011157572849788,0.8035914874497382,0.38104424518121416,0.6923239745010772,0.2999419913209217,0.7959892601266382,0.10524341133290571,0.6250141993350907,0.80759471144147,0.6602502459865176,6.964640896592854
0.6961158066751002,0.525988955417744,0.5590319971087657,0.06589343886963506,0.2508031470055788,0.7219287467036839,0.9454214220576649,0.5417809575929401,0.7255913322577284,0.6835798706143285,5.200803261654155
0.9993843210661949,0.7950044390185197,0.627647333785172,0.11515931571345961,0.362662005996614,0.2506989555408894,0.853675633248466,0.4461730139295992,0.5352996669530106,0.9648232996893881,12.148484554667471
0.836683801650467,0.7898202602401063,0.14221965442839724,0.022768422336719385,0.125548355858763,0.7402833306143588,0.41071779776007844,0.1174695863791434,0.7390195035537647,0.1945840328338102,6.848357558125531
0.5890433096512144,0.7415428207858039,0.6080606248455004,0.9936365408395262,0.43416272056357597,0.31180508760996284,0.20119668009991842,0.5037796311756175,0.8524799402513696,0.9469151899289169,9.922537198508342
0.9720548729392211,0.5313783384763144,0.6052603455461887,0.5815397646821692,0.465972395351964,0.15223981431673783,0.06545868676558042,0.43663789569762335,0.1861676952776683,0.8866517450816592,11.222771284553675
0.7616999448659605,0.6184067039775916,0.047411975094178826,0.6222454141733581,0.6210691987210546,0.439211257728802,0.6577529908820342,0.8579145309982186,0.7579868538980747,0.47343420291927785,7.821484290870316
0.2622844983394411,0.4778372964642149,0.9459708360123259,0.819986559006329,0.027039689751496288,0.7829632510107755,0.1705576379117757,0.5711113330377712,0.8065175377799603,0.5612884229581993,5.962280972763258
0.40386072602124456,0.3212676367798448,0.3051002405891353,0.8374275044430259,0.8250508979996075,0.8233766483069195,0.28272901238305503,0.7989177712157737,0.03663484157926644,0.20645626201468747,5.027939797459583
0.5145029892716575,0.40674616259856244,0.111888256843791,0.04172045985839212,0.6111711361839096,0.31348128381143303,0.01596173026166825,0.4308946302573806,0.30676711614008056,0.5766073499221033,3.2736653603642876
0.9298139601240443,0.30786633608663816,0.997136518284381,0.08604484731851536,0.08827816340042816,0.7129599360045068,0.7486318102032227,0.4228711953395182,0.2860475966177689,0.7940020723932937,6.898604162821009
0.9562389447097354,0.9899018933012446,0.6344540801861044,0.7401147319504457,0.8222465950492575,0.7988698177595481,0.9933923028165589,0.8104318522440563,0.6625724292897357,0.3762159396669912,11.560310492627218
0.5979866065163444,0.8803594504907357,0.3054800629089084,0.030652554972682378,0.3271822078145139,0.9602300589707152,0.7940675712316193,0.18713988070566445,0.012000975906958145,0.6691194148861663,6.5758621105409265
0.579008723839856,0.08298198092546216,0.9659964264356341,0.6177932040718216,0.6515209809402319,0.8535977948894975,0.33706326864298575,0.5582529848675587,0.5761883270601778,0.9673555573275167,6.9854943736250945
0.1314864995345454,0.758913072035747,0.5751512085387495,0.8453790319656058,0.8319517295306085,0.012030301643037644,0.2564546737559992,0.1808173429017712,0.46171064780985704,0.9052874619538376,7.133155712175129
0.005006056676262527,0.48819197575698914,0.8847934352143603,0.9262124360268502,0.6572986033042896,0.8297522976453218,0.32406819418493826,0.28595946988698506,0.04911964711617223,0.5032026230667869,7.501419611904084
0.4558320125195102,0.3719154906867407,0.11333409917213622,0.23076315882424614,0.2036756158238714,0.943968402237511,0.9664603373291147,0.00342160485901033,0.1705479009084907,0.8887808002374523,1.0900531275392007
0.03834008466514405,0.9434515125902656,0.38006465438120374,0.5386857625703454,0.7638196211609599,0.24390509098915913,0.10067400783048852,0.8099481997721392,0.9846264128356869,0.6587780189333631,6.080492738008134
0.8252243104515354,0.9413123925320509,0.22857978147292823,0.35040595410716036,0.21902607355812098,0.06178377197935503,0.7322757973155768,0.14565760362984181,0.09270939690505697,0.35763487062423316,9.249872264788321
0.060556114207506284,0.17955831730656235,0.06994120753979749,0.8772778068079596,0.7797343899517938,0.8595148077019076,0.8683310754629643,0.9445090557386991,0.18665456558294902,0.9000090640591113,3.5284402481834154
0.5250389021723687,0.1662310250150435,0.655773376776939,0.3270005222041876,0.04646947741894358,0.0786479854527512,0.4237159839477618,0.8264835480340096,0.3110277690439386,0.7661258632412201,3.3372843157798835
0.055743962848515904,0.3937325012847652,0.12744025350811183,0.8635483353493599,0.9679382068391408,0.3256157114724031,0.9888626607835865,0.7523075602314153,0.001233899427147911,0.4852717757845948,4.418463497480082
0.8341006370574237,0.5338753812185402,0.5499607754446798,0.44769962297311705,0.3950388694958148,0.02739675783816764,0.6217330611726494,0.7667263364525255,0.7901778431041926,0.624636139844816,9.088348125594532
0.34127724964233597,0.022609668481897383,0.8957795472571289,0.4290462183774053,0.6011754486640765,0.19455607518102203,0.14195571792589223,0.08681771280791806,0.7987652052183883,0.6464607132724755,3.0522589829219937
0.621159258949184,0.9193977476873135,0.15871223921951905,0.17026935181160607,0.18946914953434024,0.4233694302652896,0.8742217350119355,0.8814741260602413,0.5905877365369072,0.658142897863455,6.289182333970542
0.8977623436148128,0.6242189554636973,0.22979967783532174,0.7049140683315396,0.7698907741138986,0.6353446232148273,0.2735694634423239,0.39991784959354004,0.4705924076467407,0.14529841815437994,11.601292923644332
0.4522232544599851,0.16119742332920095,0.49945174407285575,0.05081075855278616,0.9485314919612028,0.24634486426985702,0.46701430985760894,0.03275217653235796,0.19272152219969818,0.6932449918335774,3.6372488643405223
0.11180060313889395,0.6281491609641112,0.00206889143433997,0.46500932579566345,0.7213436407232877,0.9262928629137313,0.4928361760924138,0.8405324697386266,0.8025913547216569,0.29577077706750987,2.911947372698873
0.8747336239116787,0.6402829798092562,0.10418464808635974,0.9391127965958804,0.17667674153385737,0.47036094729629385,0.46636538554509976,0.6252366231409037,0.6649567656784774,0.2329078296387369,8.376749255456415
0.3524424885176347,0.14459020463075234,0.12601573404955524,0.825067355243756,0.7507213403270845,0.44268348662884427,0.0959092838429273,0.44992174336995305,0.29445569374480185,0.7779192204275114,4.187449350792159
0.09663933444341721,0.45136855374505713,0.591387043629907,0.9857252532130553,0.08960813119207267,0.11396047216696603,0.9880491602165009,0.4056251544629029,0.7437143071981449,0.7834753824909472,4.5226724026577765
0.3145594092129136,0.21430020694120056,0.27609120005272303,0.7643934250381481,0.840479451025298,0.699504937171297,0.44122756970888477,0.2625634567585221,0.4252490424941272,0.9145266196292458,4.683954875844505
0.8631955417569936,0.3233762074193568,0.3279408160703763,0.779974049778931,0.42657405258452097,0.5727228084946608,0.4223177403635686,0.24233881983636252,0.18885376885572758,0.13954171943372984,8.288871194794396
0.011422780444411362,0.2806164567038364,0.17140859031096778,0.25795042669550705,0.07580400949983668,0.341559362993067,0.5199585897076429,0.9445714149411193,0.3470719636155529,0.031022979171698828,1.0217661097564492
0.3623643833354736,0.8172242874567002,0.3401472665917399,0.2917306705897431,0.9189951411121792,0.2972292781946311,0.9702616839204556,0.8326357404308321,0.6842499189733756,0.5983262734128867,6.324125698128018
0.22478057974573873,0.7303984367751399,0.34713812992128523,0.4856421601683284,0.10406878205796088,0.2961541099407259,0.5291194679111728,0.4680413135823511,0.3435131551015894,0.47192995515719594,5.3168660650549535
0.744926134104303,0.4593255641846754,0.5061564717244325,0.701146081210443,0.8416148031630462,0.5268637778573518,0.9481756150825015,0.35344744349132906,0.25255498138797317,0.6930898681887464,7.717410077355161
0.17574973663912896,0.8999678524965128,0.3865741828623165,0.6981486547732347,0.5701835224899381,0.054390858889109994,0.7090787073462977,0.7900047302037633,0.9824724307962063,0.4161276664360528,6.724161127942717
0.5029315679541506,0.8748673366364896,0.2691973130172499,0.18914263272653753,0.13291027308597125,0.978252213183724,0.27035923554257046,0.7573944998285022,0.44966715447883765,0.2405753747045941,5.661955174097045
0.913333799606973,0.46380750174311236,0.5659553938190977,0.22249348352402498,0.32415231266487987,0.7476875539037039,0.3430447726639859,0.5059585500156792,0.11435547718040207,0.8500664616534435,6.524937375203752
0.7375816314072795,0.760744853991367,0.17818519806205135,0.4951561527639986,0.02754127865747813,0.31508907779820605,0.348019520766926,0.9136901735367493,0.9927827989313822,0.6177459015498391,7.009441547789224
0.5167687510533244,0.4400889342716059,0.018296237384917813,0.8001165462428611,0.6718258441136336,0.649285750193407,0.8090433890318336,0.9280542015957722,0.3895300189033263,0.42640289681547827,3.337566296137105
0.9751389901638341,0.6644248510365149,0.8513510707056113,0.2215695386037757,0.3170751909959547,0.3916052271952626,0.31693311276773417,0.8842470140905325,0.5115101958591982,0.9536471062028054,10.131404775385363
0.32132244421512723,0.03724463026343228,0.13806141968336028,0.21707043261482495,0.6399697007836839,0.1810878966944235,0.3814985239551395,0.7953868241355146,0.12475901512805254,0.08048013830124467,1.011573526846509
0.539970229711396,0.6980690193138464,0.9109531882940741,0.6619766729632197,0.9461788777782679,0.24452604294867297,0.3418212683351727,0.8393096784423265,0.8110538204392835,0.6648903591701906,10.541467177188428
0.5060243058781912,0.017711392867149067,0.280443957403799,0.15833750553955073,0.051174816748797425,0.7760797192442761,0.13131210275376193,0.3574128927821981,0.977456877464428,0.4091534253739858,3.3153635797089986
0.14150638922059267,0.6897623764510137,0.8099417079890419,0.27915069707216655,0.8093510083338185,0.27152107873285036,0.6931118381459702,0.12480361954346542,0.42782294876863125,0.5204939451655561,7.779000217146501
0.7252835773491391,0.650031189877552,0.8533428000131571,0.1842910679115869,0.6612465489415958,0.1277501023196851,0.47807992115792863,0.5245575304055564,0.02726342338653731,0.0703566960129387,9.253438666608385
0.8392718109691565,0.28678835808677494,0.34614514974373334,0.6404062269084588,0.2207146265003943,0.1928625833188149,0.42154102947098504,0.05899669344537706,0.9169702504055911,0.9401088914490285,5.751961234189437
0.44820016447201416,0.2092394020147944,0.4705745946444021,0.09993318992880817,0.3977973164840717,0.07366554868619024,0.7061657034800944,0.2757135501107282,0.5206594832402816,0.013539350300644348,4.584515284916232
0.524636462401998,0.003267937762077122,0.9251921752060341,0.5011578935994999,0.10006649581792781,0.34105478618520557,0.04606713343096647,0.5308954328095885,0.12234321585244168,0.47310752111283305,3.683732655872224
0.30550788376345483,0.761583402490134,0.482255282720467,0.848185290854566,0.9413483788590894,0.9695248682569119,0.260196352495647,0.7675686900033954,0.4381108202946,0.4261731563406663,7.140484950338003
0.8682304142425836,0.1456689032352314,0.47781030795605883,0.5928832397138206,0.06612342707742003,0.8645142541947876,0.3143391083937209,0.6568196473860396,0.9280800015954994,0.7197547193003967,5.860145279602306
0.886010534759446,0.06954468221062027,0.49273467408073657,0.5648321256850177,0.6890388806341619,0.1168582539590689,0.6567892800542725,0.14599355086943244,0.06761280721265994,0.4693192079047128,7.152498306367921
0.6003752860217303,0.9581176277382623,0.698625427384633,0.5913907614853575,0.2145649008964231,0.15204436681466527,0.6072732247697117,0.22294903935453314,0.7066050922070176,0.11447709186147403,8.563409365527965
0.3396358234152016,0.7730867634418224,0.8310370798894452,0.34524077354850735,0.2067199301847672,0.9581998611642427,0.7610759941452493,0.8070592878177526,0.2227516498819424,0.4244386480358294,6.397910243919428
0.06820873124064841,0.10939948821982848,0.2209590437587774,0.303234630887812,0.9971848029319738,0.4220885651760451,0.69787578293396,0.9044471767326179,0.24605683179800986,0.14472219508379525,3.284325699227649
0.24325819749491018,0.8824216870070488,0.6656860342300409,0.4513351232404793,0.8202827468332419,0.2367264428988085,0.23917537453960291,0.5672200920222904,0.7900627572524193,0.25955851691514653,7.844562663385401
0.2100343385108826,0.47397469933910996,0.1342046900116658,0.7478117475784407,0.5773309223244405,0.5125412090889476,0.8722634135200928,0.7325618246287919,0.14926979195707857,0.4204318184421576,4.752549943623439
0.32127055500572066,0.8020694380149382,0.7190367841712548,0.47201008780533127,0.8236465089353083,0.41006713801614003,0.8035520302988511,0.03207489493202931,0.1346189765401017,0.75597440785326,9.82957475931681
0.1143892428131682,0.6837610405664207,0.7235737981275394,0.6621953571879216,0.818232125205534,0.5116170701213639,0.8970370627234809,0.5694962276704746,0.507872968730071,0.5093873098950423,6.90920784874655
0.9120822174846172,0.2436960357867639,0.6950354423712031,0.24261578816498652,0.0921749785477739,0.9537438776332401,0.1297253795558294,0.6861932515473744,0.42455872588386034,0.8371013666302496,4.808814441587261
0.7732021830370581,0.1437684245447325,0.46781674412122565,0.027532281725476615,0.42952351406406375,0.700215822259774,0.23215621398211705,0.8100334065976443,0.05316482619380636,0.03456636216018705,4.660709681600546
0.027452548061360327,0.28002687156018324,0.4671058086509958,0.10744701226984499,0.9967435948909059,0.9995610815001386,0.519802366145629,0.568009534729504,0.9268083796759692,0.7697927793029494,0.7386237186346181
0.16794767840868996,0.7924889150217413,0.23094033309305928,0.4302478267313734,0.5325082455594556,0.716999299018562,0.15015029772224453,0.07616985478810001,0.8661233298606856,0.8267924912870483,5.870231950116518
0.5232653419170278,0.6623638038421561,0.7193013195588487,0.47653135706590466,0.25723048558100936,0.48139240720454446,0.9507979909762735,0.837832513562536,0.46554749925182304,0.22557903337274332,7.458171163109697
0.8896144279034061,0.6382410905842303,0.4047399564304932,0.11165754102898906,0.7517636373542695,0.3169723725325191,0.6063059142839768,0.5696172320547896,0.6996230772343971,0.5376211076322219,9.823031588652007
0.6304115532985155,0.08154241874585211,0.6652786726685146,0.19419089519869992,0.3919807243827068,0.5125345226424544,0.6868771765329704,0.7424273430597258,0.7049226740924658,0.0951054590160667,3.3559249934411173
0.3869039711910236,0.28066507221736725,0.3984215243652477,0.6468731844459396,0.19292072625892376,0.5020993684738186,0.8848715710505801,0.731126857560897,0.7253651111894501,0.8487163780919049,3.693078305231457
0.39924499260740975,0.7594828334050654,0.058704419628011095,0.056426964379181266,0.3317986569574619,0.19684696611918495,0.5185385836448358,0.18320246120243344,0.9755738762371727,0.8511051310793208,4.025414227444506
0.9825336990489822,0.8077630253546461,0.9511096965338498,0.3681052278376882,0.49790507787103166,0.23979384121748648,0.6358060637127668,0.7882303018238733,0.4987421701685779,0.29637283861530717,11.928278282975114
0.5076721939159259,0.06289521985639701,0.7211194518204911,0.4516069714520218,0.8982342185502947,0.9232503092661384,0.12550481036463546,0.9961109873181168,0.9698225145248404,0.6271314132549503,4.746661491839984
0.8254476725064174,0.018436979535188525,0.970385539690757,0.456313926489051,0.9097002224164521,0.385124855718713,0.7881764677403219,0.41794585748839364,0.36270661460538955,0.9467758027546946,7.5551520056611015
0.6991115338967018,0.8400810903989646,0.5433581374967219,0.9183487451581935,0.7399604568901768,0.072167650754425,0.7668707641187623,0.018710467164203992,0.8290689220598111,0.33186605219815635,10.136127354450448
0.5982847439117506,0.7493770183509414,0.6369649614270501,0.672370231226614,0.8926657434665101,0.37397198302382006,0.5471451498190343,0.17492870424270723,0.46754308217144624,0.15003637082444954,10.6955533450929
0.6335855461015155,0.32425139056379004,0.8590144805405938,0.34357763002200603,0.28683389221221,0.4912707964547144,0.1753287067856184,0.20380612791014308,0.7831460754122024,0.49722540269689186,6.2080128619509765
0.20634194410464934,0.031522807239489636,0.4664774576293509,0.7426301304033663,0.35119006419099885,0.24796426966807872,0.39637956048867373,0.9591295447855405,0.4231620940181139,0.2596380875255958,3.916113011125105
0.5692425399941724,0.8107437417659357,0.02233229802338854,0.5581016862290946,0.8363124112229481,0.2156237563292125,0.9216829795014666,0.5776956210173901,0.5167264374221485,0.9636615174607245,7.79563434587553
0.12965171520079954,0.7401411661720506,0.8185712907232665,0.48855651729853844,0.006475677120053258,0.5243365061393193,0.15351192882737974,0.562570521690576,0.7386186185721382,0.531071429828884,7.8368512433478745
0.6308020104871085,0.10394554033009262,0.09704572684912072,0.8509407571055965,0.04932986079345003,0.28429996379301103,0.937696579041056,0.45886711349993525,0.6745385800503287,0.22169036825494737,4.470155638544882
0.27051288028123954,0.5090005474538839,0.6381000482828421,0.9604611210891825,0.5744199705256957,0.09596909794613184,0.36691932248357173,0.24416758712776943,0.25440122057534986,0.5053874494068693,7.24812405385447
0.31666642317146,0.2893088831420241,0.9680189609464458,0.5839586261449087,0.2617788292636377,0.27586942567010875,0.8110281133059211,0.8864758252221002,0.6790312052205117,0.43144682451482363,4.19470713658934
0.7645740106887426,0.9373818913679383,0.16620056736630773,0.8617056483165207,0.8488226183429644,0.36650196235666765,0.2917861093867715,0.5653101460784875,0.2722937789077984,0.14537730529999604,8.446860016346891
0.9530789055836253,0.4913657900934262,0.4722560837602282,0.12610314482407736,0.5041528652335209,0.7428330153945679,0.24804630350265744,0.368888657181184,0.1789152885839297,0.3550757130827874,9.67736345068581
0.8612815500005576,0.23706007077890134,0.02954159801698375,0.5362231892123075,0.5794922546806437,0.3289107242094299,0.6415687424797001,0.03790202713880897,0.34057375782591515,0.1445718704140868,4.71290062744226
0.22980608902141242,0.3825343747244577,0.49341058283813555,0.09319947460162092,0.1013191819631899,0.6740448577943341,0.404132402717703,0.17652195315470331,0.23491707995353772,0.7200562480830933,4.283963301100525
0.05175885303101291,0.5087431173705877,0.3603212405178572,0.8111471450733506,0.7901070194288333,0.6892016319403468,0.38478373835077306,0.6312362696929806,0.6398487463967977,0.3321998715998403,4.686345766606741
0.8799748810136931,0.9848575314811426,0.3144399714456845,0.8012273010703121,0.5009082664925045,0.4636523968635462,0.38656290484220024,0.2920253156556346,0.9195078621934863,0.7408150419188977,11.675980253168152
0.4407029301108001,0.7515646160029981,0.7185996892685677,0.2673375018124461,0.17613230091197973,0.8362991913654234,0.8114062130184371,0.9968626720667106,0.019363296594811175,0.5403806867973612,6.997048554897528
0.7013227509062755,0.5825400621923136,0.7104420268045576,0.13726121470776387,0.0015160281700767886,0.09303205418160543,0.38005981306778125,0.32893328787676723,0.8740031253606487,0.08352627442809779,7.8238162128696045
0.4427061469512802,0.957822438207044,0.5029037479119945,0.132400087576112,0.29126717233483446,0.6267914842327719,0.011989478562731581,0.968100326419271,0.5669768293898065,0.7041391808571285,5.3501952660921
0.49896110831901563,0.9579242002407954,0.5892210515416543,0.6619836924038669,0.8608375634384855,0.8615566570589134,0.028171348821780517,0.28330087734347154,0.24631813241316192,0.006644896521408983,6.849393426445975
0.8767825506922978,0.31714006971760356,0.3469527361265474,0.09962239482293478,0.9897212891493402,0.8262511350011034,0.5718623131187073,0.7719303556911045,0.7771131007235466,0.6567313025480612,7.145673767430354
0.17401118561876072,0.720314858368263,0.5696174169552914,0.7240719074812898,0.5434532138857889,0.9563370620687531,0.6270254304944128,0.5736804424688162,0.8427882149851634,0.3792365552235778,7.414132455963812
0.3157936651876112,0.5031688334449135,0.5844675114130362,0.22048212507991283,0.6822815134417629,0.802374697146348,0.5773198303082313,0.5229635620640526,0.2946422290443811,0.9095830238161666,6.279038097620248
0.7544997324949033,0.480286867886106,0.6591069138151928,0.3368793668083587,0.0598174251378899,0.20392761381886404,0.07948813005089739,0.5081756815987376,0.6220636309768005,0.3804462922631302,5.710250706180467
0.530154230028589,0.08543489398296866,0.7699584228848788,0.03278204744062874,0.6344255835658051,0.43334654168671394,0.18380374644785302,0.5230558707238435,0.7809482289675277,0.41352241467067663,4.83122351653147
0.36770902560413454,0.1424603863555428,0.5945759856285093,0.8280137139885911,0.561341550279908,0.16508756220266207,0.6612278302281492,0.0301417647083686,0.8380539483285983,0.9214951835301255,4.010895530164926
0.5970364898591746,0.8817800007957044,0.0845055790976359,0.2283444941354401,0.3172606369914458,0.7731667073308754,0.4842398450341092,0.34834746190716215,0.1580696991601639,0.8106429943234317,4.9043855934784935
0.020523420568870132,0.33727046554477746,0.24277560530398157,0.12901034659997057,0.17204149769404276,0.49379705613609404,0.42605649477588803,0.5183692030149362,0.7276203702273595,0.8923287636881861,2.0620787572891337
0.11846207194761571,0.0826778582483585,0.3203546550046542,0.546301150413659,0.09988735038591845,0.7159717842411182,0.5560942179322218,0.7484613045780989,0.3579138024289319,0.40109656825751794,3.259719197278658
0.80757156565936,0.2670094565289416,0.3814169278677553,0.013493001193543464,0.5553207730533509,0.8514638001660191,0.027891286898406253,0.6137897030751094,0.8454485327919358,0.49393188467725546,4.9331967117405835
0.3130216410735015,0.9965838132388646,0.06483122559670595,0.21042347979553822,0.8852446146055107,0.2973068704803037,0.8198466612145746,0.3332012939600003,0.8119809554759236,0.6857287645889586,5.705401239006807
0.4685224367247839,0.5229453271460345,0.17765954827140185,0.11588394861518658,0.7169427903263924,0.8485731812163992,0.7219708048703481,0.9128647058937184,0.890078414194781,0.7781872785868336,2.8353398904928127
0.898126920077717,0.16722360380729484,0.7313610673707432,0.7536766034802175,0.15397657513350937,0.9095832719678075,0.008785234785470775,0.43460499627847526,0.021479049639596903,0.5233578458119327,6.424112353421987
0.4121561537513644,0.6230619371155381,0.7664441180678212,0.7685752290786851,0.7222216003414292,0.10187744177740132,0.4174385261444883,0.8159504980652273,0.6543001814839939,0.6810279049277278,8.062193993208252
0.2269260320095785,0.32505986094082606,0.9558112108809276,0.8469252572583137,0.16492173671132349,0.5446930709856821,0.49050726732809236,0.4436598592100167,0.47061357137398574,0.6428885098725157,4.833192272987356
0.9671494168769895,0.8753253392608012,0.8751264036036214,0.7033767330701107,0.01758763425244847,0.4404605329387381,0.5111262351744643,0.842491305025664,0.922842061145722,0.4515458847890854,13.965842864879498
0.30045963342215753,0.33735470249685284,0.5786622558276014,0.2749719568297363,0.9107387256807415,0.4186519809039032,0.9900641684660827,0.1095152473396388,0.1878792342729354,0.511590685649486,3.5608179533650643
0.8683053732447864,0.35395310992374507,0.8374678742598645,0.42545258647814765,0.8529920350321194,0.27743143037522344,0.4718917476494854,0.27873131603439083,0.21522352550807522,0.4211457202976201,5.538233932727589
0.33470675222348956,0.7871469563379161,0.7476385569931068,0.3585534031696779,0.9922739611887471,0.9738378148804013,0.9178334776778035,0.5865079929985455,0.4123107418394203,0.31302294884240245,5.730048249410143
0.01503206893470821,0.631806731825853,0.5531619099085279,0.629871515564094,0.5759549124358952,0.13771594148022148,0.6953793900848946,0.3604357747203051,0.5162948331501069,0.3656537737360924,6.639230080025604
0.021999870222929707,0.8765538213142944,0.1487334432942765,0.5821730627718543,0.8831310136131305,0.22132924962362988,0.4120147326288732,0.3777319819015823,0.0892204804298099,0.4235172707969417,6.087408483501443
0.4794784861324771,0.026597332087300085,0.4881437573990032,0.09383012754199826,0.8924626593563648,0.6501577480148687,0.05642693258579823,0.8270430180725109,0.36159944939871513,0.22561713920859328,3.581185373927464
0.2539212161238158,0.5977185873650079,0.08155293465165148,0.05874513625782851,0.627513046575449,0.9819094694031928,0.4834284142895443,0.41328332702368786,0.9471977027459388,0.24099058108957372,3.316980360523831
0.2405410331349186,0.9051161130606655,0.6469311795989625,0.053783788387651965,0.6739774079204448,0.8200315412565069,0.27395331774196297,0.3828928742815162,0.19767661789187496,0.6333462694818437,5.600188310409675
0.6641948691941362,0.06853583141797215,0.6777046509190993,0.658454584151527,0.03513445842301932,0.5553700761348718,0.6139384335856654,0.4301556571818368,0.9013171755954631,0.3283693193971211,5.264494778875205
0.06717837200184562,0.6718529949706552,0.6052202523433196,0.9890585105829619,0.23130828097626188,0.3954943864138103,0.4611797969606496,0.861507887186512,0.41456799172910164,0.7721483245249682,9.365491740108943
0.1569427265212563,0.4097843937452187,0.15497744831596716,0.9496788649410193,0.17775730435845416,0.4190727335504364,0.08226072295998466,0.9213835219980818,0.6238187674358009,0.9624562625810473,1.331160315874507
0.04227163522177613,0.1749785089541931,0.38004882664636286,0.6213599015956436,0.32951767307201796,0.7118740203983907,0.16512954688166626,0.6006365585782093,0.39796617770793985,0.5082409786985201,2.0678693297506294
0.5696330610708844,0.05989588026040671,0.9240242612768649,0.7860918351512605,0.44245578873972435,0.5474694984274203,0.03253560302728509,0.49794733350803433,0.4263159412754096,0.37448526691904904,6.874787578268646
0.8153521336376442,0.18192437452303167,0.1763102495340083,0.5216778260977903,0.6871438288499359,0.022440529508664486,0.545840490244969,0.29869912872872884,0.7568815180210028,0.4688719069766102,5.8080266312760465
0.8340752650577078,0.3969759755202963,0.8270895487742987,0.7165070842141764,0.8282573867905232,0.8124204632166663,0.48636441848332257,0.3680914081188017,0.7651448408800825,0.3615240767829393,7.080333263751269
0.0893965703860583,0.85884464740688,0.39719823686128986,0.13260395076306875,0.6464768126899502,0.889773247831306,0.8609655210028277,0.5544468207256715,0.08807111701729553,0.6966030818587089,7.403091084754276
0.6088287001535817,0.2101483389392339,0.9005402563215539,0.0866677372357344,0.3730382585547717,0.09453305312665661,0.9119448566283526,0.03538412910947197,0.4257647768239601,0.8617786866737279,4.446952272353575
0.25138233910222474,0.10501227056179518,0.12700433158170354,0.4049350942101494,0.428581859293113,0.7180769373595963,0.23792866406483826,0.7018396795944777,0.99897597905257,0.8642508729312879,2.5543346447759445
0.6355743406977762,0.9399125010530999,0.9911091724571401,0.5702738913611044,0.27363012572656464,0.9149832595980723,0.8441947755876181,0.08461126150388598,0.9363747017822337,0.36621983720519846,8.95375142074921
0.32208590884549937,0.3432693571641372,0.3200183149719248,0.5160251795111942,0.5797737217715125,0.42563543742445886,0.4125789572005035,0.7373137946255321,0.0030275382779231252,0.9468864615542969,3.393780558318025
0.7144336561361964,0.7072525285834177,0.4219633662085852,0.9657868216382822,0.00032323168081394016,0.07648141011602783,0.8040643031418986,0.7387008811347197,0.27135549616436894,0.5947598801286852,7.711797985909088
0.5320528511847618,0.5271147441535922,0.595561304386709,0.9937352970126913,0.9873449431978619,0.9816816942349633,0.5486843909470371,0.31809389290233503,0.5601100384358131,0.6226884933467076,7.583520179053144
0.3114380687361009,0.632775914968739,0.6219942735393648,0.9034714123316282,0.23760363784540495,0.6976098257934348,0.4507613730941342,0.12991567468844312,0.31618267331337746,0.05727703444702903,7.6986071908926705
0.31933283185233263,0.06901364727648307,0.9254450558977982,0.10174595667973707,0.8173413604635844,0.9061264103695132,0.4676705579948327,0.053926216001551786,0.595785683425769,0.2347683837564487,4.29672301723869
0.17665840367196084,0.566763889850685,0.35638239483784684,0.730378576846482,0.5912510553287654,0.8293412737213951,0.058385863670018634,0.23491904472516345,0.5669896840258078,0.8804282324454652,8.897250307468926
0.8134316728132175,0.6795313389356283,0.5740720353745616,0.6314592370024467,0.21360775211584115,0.5951931875192075,0.49376158927850533,0.3844344810365732,0.887730517089034,0.8294157247470807,12.239902292212006
0.07673565975131824,0.9857294415763114,0.2299842029725967,0.21533938734190294,0.943816246316724,0.4448024279686684,0.8053647035937043,0.2882022790239239,0.873171116055797,0.8323047653714514,5.812227334215934
0.5194786716166209,0.7050559598527452,0.9640281610084137,0.4520454399274628,0.4942048746702704,0.7228037521738161,0.3864265606564118,0.9612297246807171,0.04043576988641273,0.4033778957910362,10.503620648136538
0.7138510670401622,0.42938062582156444,0.2592486093036883,0.4134541575577879,0.8815167976046998,0.5470072525407679,0.3351101928283332,0.6715229841762342,0.6118450609240544,0.5604468153931982,3.89859564949857
0.39115727074518114,0.07220030762114926,0.6207314951125917,0.41978876341099747,0.42876408825401435,0.23408043462996553,0.24942000041374146,0.7874613052384857,0.4793647954361375,0.10929790920764648,4.008672761360721
0.045850964893366486,0.22471546727884173,0.4874417857876052,0.6172500936750199,0.14367877072690516,0.4338590464100369,0.07255218277255449,0.03772588802255672,0.8633479393044844,0.6583342196370383,2.2911706797440456
0.7810937854216248,0.18187742641141624,0.3221576832200902,0.4437913032121129,0.6580343447735858,0.5348437677624569,0.5514572479013858,0.15694284877953102,0.4747870159688281,0.823798288064416,4.342583176322612
0.509460852384919,0.1997418089988966,0.4133971897670152,0.754808634918326,0.13499241955846886,0.5804633850563925,0.9653147182530848,0.38030190978973555,0.04364124316510576,0.6331040040197358,6.322804644059184
0.04710351533905166,0.19160566435788184,0.04839727615268763,0.17065061283539318,0.8549322173728403,0.7348513176858348,0.34185263880886485,0.8971378215476427,0.6651822157346289,0.44774659568708375,1.0835403605668488
0.06833288123388315,0.7307213685096763,0.37552612553923925,0.3028290042445556,0.28827301338443545,0.007709225944427245,0.7426452028017461,0.14531033701727836,0.5206448388642573,0.016081402004222478,5.462858186146821
0.6278832879253083,0.36949234874475856,0.6307474513652209,0.08989494701611545,0.26633384597812704,0.11030679297291224,0.6460707779196502,0.1085534958778106,0.6171022115335585,0.13469047098283404,2.8443777438064455
0.9433546055832922,0.41638067740476703,0.12659007957608015,0.04181045039687703,0.32942255385233554,0.8913864242828995,0.14381516194070698,0.7908320675378833,0.41737182854368493,0.8029278507387348,5.008833008869358
0.8742913488488117,0.9978175576073487,0.06819747663361253,0.796301260725673,0.06968888374819926,0.31479271177899604,0.646232254641178,0.44728843501185456,0.5652568752687258,0.9661921209265437,7.747086280355939
0.8186567582160166,0.36366955718079763,0.5999446347982856,0.048483028037089926,0.4528982371410113,0.6083965353933347,0.7147171293399639,0.9015172887801466,0.2830582335272822,0.9021704334723899,5.461571478159619
0.6615185160652785,0.07764572228043742,0.3803328839314609,0.47659511873850047,0.3524872657602549,0.11593967012145712,0.5515845627877077,0.13175342959113578,0.9150272064226054,0.8652530608079607,4.062259543793308
0.4752156586921956,0.06774864609948128,0.5522054096792042,0.5922367109577352,0.8884227995167069,0.06751751703030684,0.6921047728110984,0.5628048915025998,0.17477453367580364,0.12173344767773497,4.737100020931646
0.6939508305337273,0.339820878308973,0.9999396960457185,0.8940031595160183,0.5657174733058387,0.6417315857430282,0.1588865626379833,0.8940047006381829,0.45893377434461613,0.5213539996263046,7.103392828481117
0.8731290861226325,0.006250329484427164,0.49434660067929814,0.6267666529279495,0.15931000454985322,0.06830040352693678,0.5349341367016743,0.5475290575293451,0.33025050597650873,0.8822312770327821,5.6155646241582815
0.30108458648140535,0.5164794746557643,0.18671503898548214,0.011160305481343724,0.42602785369692686,0.5269483732651988,0.7646798563250744,0.44877202429789464,0.27873217975567544,0.6042366718076924,3.0117420464700073
0.3811751711500826,0.23342472377336165,0.9103479863908714,0.5366907931453945,0.20047727100150436,0.6709113342740094,0.8030776139328918,0.7585337554774303,0.5995374110403011,0.5196216343307234,4.642537312281323
0.7773236830635568,0.7081222041118674,0.5714771182390831,0.657720564757094,0.16862584446866158,0.01993353820796162,0.9311361027591025,0.9352846951926699,0.7879707809806517,0.3723042025055172,9.326184463782878
0.15075069629968263,0.3573321210573407,0.7262334667567839,0.3351999651704516,0.7959129430734417,0.6730133045103213,0.6299796116129294,0.9302368466583351,0.8934162901871824,0.7116654668625872,3.4100389818545347
0.1992475333510828,0.938924224721122,0.22712245156693256,0.3725831553144776,0.8267811753687597,0.2086571077718734,0.6386032401202153,0.45783638033139273,0.624033308932908,0.9580507709877614,6.187985004417131
0.8083642789021221,0.2958226360691727,0.05727426679115688,0.9670443328809968,0.5851724264656749,0.1731051394107006,0.6271086749766923,0.042216455206495085,0.1875219981342371,0.6326304203923641,6.8335267795060135
0.40247731308928525,0.3250917271676893,0.6554946499121674,0.8664035167932606,0.6785910992759778,0.46344044060677625,0.6588638310786097,0.6956522157414049,0.7750506202321903,0.3070483836895379,6.965748303079361
0.11443369926843194,0.6818800602125695,0.12108477499915948,0.4620146221149012,0.23070163306177005,0.33207104318750036,0.4706246076256273,0.8961766327145276,0.6804236984715025,0.17163669460273856,5.353240305112971
0.8794474319295096,0.5005430048288844,0.2042539859521706,0.5274381699995048,0.19092567295778518,0.3673251021807581,0.8055238533849821,0.6586155430065449,0.47794194637338727,0.22643934130916488,6.506629343149093
0.2821694115951713,0.9782364094497954,0.34293676300665255,0.6161275506537431,0.4997481876071035,0.023104087623388225,0.9446747954051168,0.0879292618977856,0.6587077440912461,0.8110242560911302,7.02659002767521
0.748734692867722,0.8092503175572137,0.7397200205006823,0.44557216695701873,0.8962745920411516,0.9124410888080551,0.4369548778800576,0.48477634964783833,0.4856463969510424,0.2789028193024484,11.132650903067168
0.11493662431098739,0.2619795229073535,0.8441038084596678,0.543056227870116,0.8501981487204682,0.7451619374905866,0.34861451459753845,0.18531250044356362,0.5672198123117873,0.935856705627567,4.617274753742857
0.8394152067741368,0.7638354925969763,0.7641740817909778,0.5277532954010326,0.16952636876009386,0.28554456047084,0.5778928387831677,0.31635342494711427,0.7815667590268929,0.3732167611406906,10.724505365333973
0.11389647969220329,0.7825443530332724,0.6981301832729021,0.25315685345530015,0.9811152297065907,0.4031895236056656,0.6804606735046052,0.9104484402649874,0.15599658831427232,0.8790217906706559,7.067987131253802
0.7039128644489462,0.16756277395576313,0.6645121820614361,0.8745756177448458,0.79901540798413,0.7606069725158155,0.1613361483332597,0.19062411052574357,0.5477164549850208,0.5801460166513663,5.0505946912389446
0.9436240636185351,0.4686813346565555,0.302502607261372,0.19077291123062157,0.05417095587590992,0.06865357443083131,0.5741669263780136,0.17626195808281042,0.8516170954008324,0.596471819791414,7.855666645239928
0.864886557852245,0.4274618322595025,0.595776995001736,0.5254283031424191,0.9866767496633269,0.7968198932432787,0.5954000821951879,0.6065859893096074,0.24880171265739137,0.7347529434197652,7.959499678919229
0.9828328629689667,0.1294313055464773,0.6372611979690993,0.5178813215202944,0.8504111926910697,4.6869791606507505e-05,0.13658488740361263,0.03707278611889109,0.1629332683699577,0.7079362803287491,9.553689490008363
0.1396714243823186,0.6223310513969875,0.8682057577202308,0.03462355793539118,0.026786415880126535,0.9898482743078099,0.6732745655538727,0.14069522174240878,0.3066919899143843,0.9850051532730195,4.845950963957049
0.22721657405393647,0.752826565128105,0.24118207714562256,0.39846763048393785,0.8807042517466565,0.028438941241743843,0.3072351593887408,0.4871927084006441,0.6254947378268421,0.028241654961538742,8.456670142289394
0.41067096643865975,0.34428718190505914,0.026866601918383193,0.3553677107673763,0.9316882891165166,0.27462844273339104,0.5855912975175551,0.2980957073692857,0.10666612063070746,0.28972348004027904,2.6622981614036827
0.47075913891002574,0.2962083978464397,0.6241693211540613,0.9490887219819523,0.06927156401709267,0.7170043606743312,0.0012564070943131833,0.0010214990505441612,0.1329193547103359,0.4799305041936497,2.7568468050304196
0.04800403491483396,0.7221517677614021,0.029281545122739616,0.4954317747265514,0.6760986376536918,0.23755060599295008,0.57929813711889,0.26178141496589247,0.21409726068597623,0.8183894143525358,6.8163899017224105
0.33291334128064,0.8139795669675893,0.21690941177855305,0.3558655705176883,0.10265881365971796,0.4965003882942609,0.3815942923948923,0.005956619658828988,0.4648551276947912,0.07441463644775481,5.462976812778931
0.8369560457702416,0.49369317432702553,0.6900506965235911,0.8211359956205946,0.05117790575025294,0.3371977508527513,0.025117826942122945,0.049626585969750114,0.03783245123706058,0.47790654120179665,8.512218810939984
0.450678047565626,0.06124044613297719,0.2623684663515926,0.244491195506772,0.29661513409240625,0.6407623987888333,0.6970672722235737,0.3390714298501034,0.7882306377906901,0.41786017600692815,1.7022061060088407
0.5224026908451536,0.14554960041949483,0.23289544406596707,0.7275552354208882,0.9770422365196809,0.7046535556298819,0.05419838582207859,0.1428913532003958,0.44577854193424993,0.7325728628929403,3.8444537710860605
0.16593245794914868,0.7508211365925147,0.5558357239593209,0.7745431787605763,0.5576376141129367,0.6025231779248632,0.2487470660249561,0.720189736927828,0.8440143682522989,0.8712908078188222,7.894574923773557
0.02945305261761133,0.6245978009661893,0.9895383341835815,0.5869156565528894,0.17126900752861973,0.8776080908081556,0.2643064148505675,0.04501345956120928,0.4305179678243881,0.10027269341553224,6.450452210641409
0.11524228683756688,0.4632891474224612,0.6126834120759108,0.9053920616587324,0.7052529340125179,0.8426031516229203,0.411784414539792,0.3185916951465455,0.5928402668182311,0.695499567426599,6.675490495772767
0.568250444851471,0.26452127390643454,0.3697238893384037,0.44830470605590766,0.014151904095302537,0.879838785423281,0.511410169798661,0.7510299472176981,0.17191129805607042,0.5566436914201638,3.1393640762567196
0.9261311715185564,0.21427678556411733,0.3458562008202015,0.38832317115050796,0.38330361154707804,0.6006225941643604,0.39377024658788395,0.6740544964930651,0.48456032829997553,0.157625926650238,6.7199294106989305
0.9485682354714962,0.23951634344734918,0.5624699279242281,0.06069403762682424,0.9186216800764823,0.9279960867362067,0.3645439239443362,0.12098016112106058,0.7699841164155568,0.2622526762240721,8.009696567770547
0.7006156374170058,0.9151481971201072,0.5902382885174989,0.8612375110099733,0.2246484522638258,0.9104307514156204,0.22664455200177624,0.22580011264286481,0.8798688830342527,0.5549034841949853,9.48622623946965
0.7994416139340355,0.8024887465331384,0.6469613199464878,0.18907372243638665,0.6920940350286763,0.06363466676412954,0.20066804616869416,0.6429118323693761,0.9078097968995105,0.771692809636166,9.780587331794845
0.3324577584426639,0.8237017806724998,0.9665972922908275,0.33195034111926036,0.18682543173282684,0.19751445669531753,0.40032362284462597,0.052323407774328756,0.48775734447555075,0.7322985392667755,6.651973670283594
0.5304595398194485,0.9700502464215113,0.46170079678863474,0.013258845141901787,0.4701243546934991,0.9298821563844271,0.09586135358447312,0.2229674565333667,0.7155592665096354,0.2941006855463433,5.885687584883156
0.7652409191572271,0.41932423749377234,0.7960671248229406,0.5515329354950808,0.08246863331867937,0.3861362547786342,0.33324833006091914,0.8100811962711754,0.6248783074627893,0.7774008085054879,6.457964990327187
0.37214975891446944,0.6917432593007921,0.06523438709986606,0.03672345763161955,0.28746787648142913,0.7736991772075711,0.5340874769421038,0.4088217906896743,0.8966346284391546,0.49736160367523685,5.10082155314251
0.6133891437984954,0.9858286139249826,0.5223919705448368,0.7835026146135373,0.4138255555303788,0.03634042554771577,0.8344720702158241,0.9444045939567188,0.4343820243869694,0.503636268577019,9.111436564777225
0.42413790060443457,0.9969058165794693,0.9033610535681226,0.04110144701514751,0.7790186701950395,0.6008367446495038,0.02514170377794367,0.4447122779131224,0.14971158407330687,0.8730477556055222,9.522668089834612
0.012698756776021058,0.8731058076155988,0.9408391486502077,0.07298446649523971,0.7198375325469909,0.5488921924056246,0.9542767205832048,0.7981496809309347,0.6944140447602508,0.925509720661328,7.697029265139928
0.16034973114383455,0.3759599880510135,0.8429418592030786,0.10158545714304601,0.9354473490787251,0.7451554615568099,0.4393329334023812,0.3387213661717555,0.1476064031621791,0.09367352489858782,4.529111140514225
0.42359457896107333,0.8430984924674017,0.531850537649785,0.45114877951521715,0.3190425185395821,0.15694991131910052,0.9900992948376841,0.025732593018978345,0.31181590173584706,0.769379445028597,7.4160256050302324
0.5205581562436536,0.31385490081429845,0.9927393056938134,0.6191696440115716,0.29515578315611324,0.8479531432016316,0.15016415176745346,0.4635740748191478,0.839588796248413,0.9836580523627072,5.158602818969377
0.38305759248712623,0.1381096588030043,0.5669295200609283,0.9439930381449261,0.6656117362185113,0.6021595393331148,0.3092919768420107,0.6063398198340169,0.884677997469192,0.37552598879296784,4.5092771298334124
0.24205365394434564,0.4809575719868352,0.3761877943243229,0.4699259934996657,0.09572964005793605,0.3362099994162744,0.8265478068941993,0.40032110921432995,0.9678951010653255,0.708844811199241,3.2668723133398316
0.3660365865439671,0.2516636885144832,0.685367987092244,0.30244648997837664,0.9268928198577757,0.11633588137693585,0.028740334571612625,0.22102677545201788,0.6066191333012123,0.8349620020721329,3.9309353465231425
0.1701280699438068,0.5847228590064176,0.14415309998493353,0.5631786483305559,0.018182278112284345,0.5578070884190219,0.5217758379651614,0.04284793926116004,0.6894168911606876,0.5722545517420528,4.934846372557141
0.6230972790518704,0.5297739465166471,0.7219936221464048,0.5250038643140027,0.9222697689267244,0.9435093329639833,0.7266754916037551,0.9117619976646064,0.9231548219611131,0.261998463733746,7.774065011526602
0.9939296780694843,0.26743682890457154,0.01853920811082599,0.9622249633753043,0.22371804214021873,0.5841208632624666,0.9706681574749875,0.049450395319522,0.26931195365512484,0.6088239726036463,5.828560853416949
0.7625580565831435,0.8073664468519425,0.8838453772259509,0.16843602548175796,0.3700373308472198,0.7142542500019841,0.7153100380130427,0.30805467889676097,0.3042230386319186,0.3206420135496313,9.36299066956652
0.8920801896075861,0.9095107626879981,0.014827475584839878,0.32501639158865303,0.3920355271802394,0.9823854853046327,0.9441678195850016,0.6283251148032849,0.04580530129681626,0.1912170546960127,7.754088428571203
0.434206260092575,0.959035624897787,0.09470438928830738,0.7913523521289888,0.1911918129818222,0.5078511075660999,0.7669708167044698,0.6924953480358907,0.7757478193658512,0.8135926907075943,6.563673892052628
0.3057424247799513,0.364030595344241,0.8157426744405807,0.038643111819479437,0.514454697559355,0.9204046153204453,0.8850039928330846,0.8043039376387324,0.02154883827104137,0.887687078250198,2.5312812861750182
0.9116639665227355,0.6636700606237494,0.298913898225311,0.48992737134364617,0.76261942076788,0.8130286787894132,0.34334398548123224,0.3260671293927926,0.7361812150693934,0.6863558819813728,10.377784227043064
0.5131972087298637,0.4202604632125142,0.6571597430653424,0.032433320339974925,0.07568957580592683,0.573086754631505,0.21027874074136133,0.7747839952128177,0.7723639746052301,0.7099620806177208,3.2688708298242406
0.903602685643734,0.14083493815598902,0.2592403374349018,0.2522992726043304,0.7823886760885241,0.5213446582347823,0.2526757900997859,0.1364271418217199,0.8930163346646532,0.6921290467211955,5.154407212395522
0.5285249916193889,0.9654708675166476,0.8495909496508409,0.17812137573397546,0.5081305937529125,0.486078651589115,0.8442864208630089,0.1490880714437952,0.4517862374567764,0.6365405533378342,8.530333903273323
0.9452546146807087,0.8992649349229623,0.5338478698439092,0.6067207906298864,0.8524013431261609,0.7443882652130144,0.8793356091241449,0.8959306143317687,0.8325860200290579,0.009378209893879053,12.427570250443829
0.31093387297100006,0.4035169875347209,0.6779153003032861,0.3068609815279688,0.3235581310623503,0.4002030395705224,0.9553336004357854,0.4371578465443713,0.1406722230591424,0.006355806676923703,3.775723824403991
0.2366126611163718,0.9388108936714852,0.9549925356181714,0.529001355948272,0.6463633447864693,0.7959180098811374,0.05588762521170754,0.37430729909325733,0.6422473024976013,0.8982534293704897,9.395169311365983
0.7268295611363326,0.3500614658086789,0.9099823183862198,0.6646194482509591,0.8302352861025298,0.3855075418322077,0.002158840749839963,0.16616859399350536,0.9271774172695062,0.03312403374851247,6.49681351901766
0.5960392599351492,0.4091275067746748,0.42957868248092945,0.4008183491342121,0.0674258284326732,0.12233049617545222,0.06293934889315256,0.05390785914203222,0.08561060320839575,0.6966171917853349,4.201702513325559
0.11420520022316039,0.26149306570429676,0.6569491838561349,0.11226566274614636,0.9102562485519841,0.47748417800144904,0.9630574903388365,0.19251073861827483,0.03062438723940053,0.5902814080564759,3.25494759306188
0.32873838725303384,0.5723905421231307,0.47365017071873605,0.45715616705748086,0.8511776343041716,0.19183400395881323,0.4996349146079705,0.4160042615948969,0.6737694211773179,0.0501326667183456,5.798211792186326
0.5294204419684047,0.4785406565298379,0.9735806113854472,0.7558218157997074,0.1549786187107014,0.5092144389058023,0.7837369222461549,0.5245693655155961,0.3567007701575309,0.3766553764785263,6.194478503174343
0.36700394587191565,0.0199544757896305,0.730596146167684,0.6108837590999165,0.2686775221329316,0.630023373260519,0.308729381057926,0.2433813502947666,0.7411528879949374,0.809109609822026,5.281967290877308
0.6257086251855517,0.7841466269978788,0.3657001141253905,0.07180379134921133,0.6048856082288204,0.2559762490895352,0.7774793464468438,0.3581075551347086,0.6706730389414137,0.5528661170875194,8.630072006870755
0.8174847881157075,0.8323054217152455,0.06829773697889807,0.2951156577427656,0.8708791375954588,0.4039896297434158,0.5148693434309236,0.18334378701787746,0.5526862676874383,0.26461493204185327,9.00504168971247
0.8292335780320237,0.200244714569209,0.3598552068911902,0.09507398240521514,0.5879820832255769,0.9419720643701941,0.17315591389630747,0.019737169503681984,0.4224631343920082,0.7484151607439163,4.042014220210747
0.9751006430518135,0.0512790675638225,0.7859618870594961,0.3686740726561978,0.15373149745532533,0.19230515670556247,0.9238837624970826,0.8093575349633434,0.3117290770031268,0.9401902654485624,9.619429290923534
0.10525330589657189,0.3225364432329818,0.6529211690663888,0.9994190764531734,0.46564171709037694,0.8107148884202308,0.9158658924661569,0.009628423831255839,0.28894072852202923,0.10035975302845568,5.299912277736842
0.7760602490431197,0.567050426893844,0.09555994375058752,0.4207243751150137,0.5139693721959165,0.6977514429718654,0.7794842356831018,0.0878722019482504,0.4876455957343575,0.1611234358713144,7.377596834042242
0.7532555550660393,0.6576688339095841,0.723000954132139,0.07499425729612985,0.5103246129514838,0.8405806535617079,0.7133413985461899,0.8617479790283967,0.20610453483719982,0.2869006674069242,10.542672411018536
0.44127909068547055,0.5232571409786333,0.2521628648906201,0.38123735467902975,0.6870427041516647,0.6453813384525368,0.11047308677034018,0.9857026424588907,0.5627452215695388,0.4835623861259709,4.387189680146065
0.9672471825656769,0.14032944198895336,0.5436733528685257,0.8050775819349788,0.3989036888272721,0.7363046920393623,0.8991629424147859,0.26165308712820445,0.24146004458933923,0.3606855354011672,9.205461438290559
0.4184415111768286,0.11104437108816034,0.23128900836034694,0.8732280262114923,0.5665910808970351,0.26782029049837164,0.9435947411280438,0.77431110323758,0.36243034895508996,0.7654428654368509,2.7272072722006815
0.5960522902155427,0.6838183699874663,0.32144931378136343,0.20949544123454467,0.25358065095410864,0.08373445976837701,0.4710376179313661,0.4062332823769699,0.002539672350048705,0.856366666937617,6.016578331775898
0.6818692189070956,0.44674115185379304,0.9670212253852236,0.9405416101935994,0.09509692843864448,0.6151392384257467,0.817022483044514,0.17295185092879406,0.12796207240205348,0.25977777902471966,10.034015804829234
0.2796711453684946,0.9649846121892107,0.7804773305713535,0.05973790437973159,0.7864814190307154,0.1696395183465894,0.357241957420913,0.3185196075273652,0.27238157173019506,0.3087580326664118,8.055469474722795
0.7542015286079009,0.26655389588593126,0.800724096936208,0.09101698620979548,0.5951699113317924,0.8630008727773163,0.07929716943276433,0.6348877302115816,0.5116167517462242,0.3319411346295038,7.10833902839749
0.10067453772090362,0.6764852962834645,0.30937796431046216,0.33891903559254966,0.7175927352160822,0.9453535638956452,0.3336374444859064,0.7467330738389173,0.9566090274517296,0.09782695024370458,6.90281610204073
0.5292019492445855,0.01116433503573,0.825178030801832,0.2868907013672135,0.33276749371721503,0.6872869382480532,0.7891798142866566,0.39999025119622844,0.6655200674736188,0.9563544113988997,4.61518842351494
0.8869022954918664,0.7012941088643999,0.9430638893103683,0.8759380483359963,0.729009072995574,0.9172477590531716,0.8173904642120949,0.5022540984108744,0.5022819031774541,0.008790790409811788,12.086858772836838
0.0302497340369281,0.746227594970079,0.5547689001497064,0.760958119733071,0.9496628191982626,0.45253065556649097,0.08844560092009646,0.6265594423209851,0.09973381238064216,0.6213029911345133,9.197636118255451
0.5277388439225584,0.7122171043044446,0.35095955711439975,0.14386180097816925,0.23621049564735686,0.683634349344305,0.47816558225283834,0.5408174807961587,0.3229984224109136,0.8367021681835911,6.371166209682387
0.9994550795994208,0.31220610829454354,0.7186516117238493,0.1711002442038484,0.7424319361894408,0.43085137103399684,0.6053056902774968,0.2375606310279147,0.8516567352344215,0.17333530792866048,8.86037401496913
0.928605440736903,0.06124836760691754,0.2879815493938165,0.5629454976697604,0.8584685836933077,0.5770248567296401,0.21611369045247153,0.8590333864795799,0.5961621107717336,0.23234696978236202,6.69127986040702
0.5618435619562892,0.6752992616735157,0.6805274551095913,0.7240046089281781,0.8957380380882569,0.8248220492070207,0.6076970017489703,0.03216540544481705,0.7495223685342168,0.9749594226491788,9.114267570129053
0.3055666211570228,0.606898616867329,0.7686666091187357,0.6390889794582331,0.9225488940209957,0.4733399596687691,0.5318467762560807,0.038243390366905716,0.9002213121988383,0.2622828118754492,8.449300176035736
0.9784210742942676,0.20210636204159527,0.2534556784257077,0.48462563408671677,0.660500076769755,0.44066460775854954,0.3518165315787595,0.5400869777440598,0.9582983180441018,0.9619519962271736,7.531628003869573
0.3280447885783947,0.6801586410404389,0.7219122969915212,0.6534171282613563,0.11301025422563726,0.5394756516697553,0.7632516076153565,0.20080955648223664,0.34820883038748496,0.20380043899208145,7.8002283717542955
0.8869285544558353,0.8585316160539698,0.16920312032581986,0.760550234784524,0.3639760678526893,0.6861709837780566,0.49336814607030555,0.4719789344598242,0.8812848123768284,0.6369642655748765,8.30614839543435
0.23576794276526525,0.11075895768237376,0.9334068430113723,0.15338595153822887,0.7340764719258532,0.4958495171328179,0.1400653827423396,0.7766556075902884,0.9044845361527675,0.12150660746314801,4.641459923119258
0.06708882808030692,0.849849951313571,0.5009534389530973,0.6745352570270431,0.4414803372425563,0.41242825643454284,0.2996591352220944,0.5629281557362577,0.15980790770576014,0.7172307697285148,7.297516831984279
0.5494297492599041,0.8475208460416788,0.9210141107641304,0.9005867636985441,0.6012309146142226,0.3187343050988588,0.35716964106357796,0.6525360642594213,0.7119671012062302,0.16128553504965393,6.744744267866272
0.9979493367128712,0.10750309901605581,0.6070922373104439,0.5310236942968242,0.590988177868637,0.5337648634793059,0.05791012287580444,0.9959254190949544,0.9812770411485233,0.5243519465342668,7.303199178898851
0.20834889715875704,0.1829420892461847,0.05704853219283723,0.611858955014694,0.478236550243048,0.4163117836272774,0.5252133411377438,0.8728529267591081,0.07071865131255539,0.5440892675169238,1.636792373619051
0.701016894983179,0.9706888162170495,0.7396921534667567,0.5481145432128997,0.7667687218700686,0.9970582272908413,0.8887343561148183,0.08909628197507957,0.5748279503760868,0.786474155710988,11.011511510756716
0.6718754825578105,0.41696786280175135,0.3224443743210835,0.6270049345951675,0.4123687258159363,0.39199753207039256,0.8367418266405451,0.3156554231852873,0.6449239370431163,0.8734334380129395,5.3496222306903025
0.6217719139604743,0.49278737231563163,0.03530270416096626,0.6815725543746705,0.9975260272829987,0.8084305533062727,0.6344661863543918,0.4691445020504684,0.22432419711561136,0.6921091988220286,4.8380451736444074
0.1773019175120586,0.8870484506316244,0.35398858724969484,0.39979640945267025,0.21604160987956444,0.4816623514049464,0.6804544901522734,0.3027791702384416,0.7018375945754056,0.6205822140187163,6.088400816256074
0.37238827382799167,0.3128042112265995,0.8613293528891569,0.01193500904302136,0.7159057119531629,0.41725386563587885,0.7176917722618247,0.5075130233471454,0.08386063736899985,0.9820523494127192,4.96427568208019
0.08604554142024068,0.15843484806572972,0.42033528051207547,0.9446233848195495,0.29307223657478887,0.5686621405910818,0.5214364527087448,0.3301475212747018,0.6963324338984261,0.5014623307059382,2.9723888355454866
0.5782866277856921,0.21015542128385944,0.9265490605864348,0.11057105083928187,0.6902692299255484,0.8858961105845178,0.08402065142553927,0.02875202369020302,0.333153745157454,0.7899479332673502,3.6278315788245545
0.7173665175038394,0.8221570854487401,0.39749854503833326,0.9937590183324704,0.3661061050203066,0.8053832013619835,0.3508064220451441,0.21844377139286397,0.3366690730617692,0.1926777644828539,10.183073234973882
0.12911060657718876,0.36396390738363016,0.14679418548352774,0.502328781535417,0.03541222619091233,0.4313277581390106,0.958005521403658,0.35884491206045543,0.1376413326488931,0.3051967303640112,3.0111729902929407
0.79127791333323,0.3136590958885659,0.3834959369485659,0.7887865165251648,0.2605604941578892,0.47829068039773337,0.06316838633046118,0.17407058230929173,0.20944730886365048,0.46358159635522767,4.8468781858430265
0.8209803799166909,0.3545101608911291,0.3804877578870467,0.30100526520334836,0.32049105473189465,0.4035044003759999,0.8994032838298978,0.02437613063350541,0.6245853297105947,0.8876829050232833,5.4262827024577795
0.41696008961446396,0.6509136091701927,0.5857145797054453,0.33863149550681226,0.13741784684439529,0.21961722146443008,0.05744513409935392,0.7647274535011184,0.5328071473808441,0.7856335736137513,6.874866698820058
0.29019666118679477,0.804672139410792,0.3092043838908962,0.12133395042358586,0.5338107286057822,0.9452955582084116,0.41439404903202237,0.5153886538855176,0.45128941188085736,0.45743480150983196,5.423658916731371
0.21435529824735966,0.4224823708122414,0.49690097036981884,0.7448584719919082,0.13983183200329696,0.5716139178599708,0.6621931236280534,0.38279265635339377,0.5491643727984491,0.7107420515856308,5.224832799177214
0.46510121116140235,0.3333509206915637,0.8247032224754572,0.9888168812075658,0.21663555279462599,0.8893947473737018,0.5454288641168015,0.4479232624573978,0.893163141112903,0.9103388659298053,4.784870031806461
0.27265675744909523,0.35837227155168827,0.8519242416571601,0.4908245302366804,0.28802869431122713,0.9621759240916036,0.21703808307960792,0.6103372109871886,0.42791642020411735,0.4513015498515466,5.101428167746596
0.1059881717390978,0.25713830538068316,0.1669970928920519,0.7496248699812289,0.6977443990086757,0.7941039460352001,0.6992628797967366,0.12871040775868658,0.9785919802425558,0.1885168044870308,2.9497086932969827
0.3504496684952999,0.7068772623138727,0.1404489282210436,0.1705062049977536,0.8765751441013152,0.33201495003844905,0.6655842454847365,0.8587484918284508,0.9732007289918236,0.21028569085081494,5.8098429545808665
0.12292811256599456,0.7407369458228515,0.18820182544990616,0.580190202690512,0.5326451672946754,0.5599233002387604,0.6497928403386729,0.8508920760207518,0.2718180824159925,0.5552433380636993,5.8337401016355965
0.3366850259351597,0.3187340434972149,0.020419550030299494,0.5994024429931413,0.972505559791269,0.7612563289309122,0.24279362964236584,0.716124820807713,0.29730546169417105,0.7536493514943048,1.7342381066018515
0.8549323644102398,0.33432945378385026,0.0021867961329151697,0.3050174712393051,0.20585637832238646,0.6186145811131679,0.29007288348813765,0.036046298130815946,0.5313345789728968,0.874685675009215,3.769119929748381
0.4513390143565773,0.3762974708009059,0.1785162963706688,0.3873822594347345,0.33091896551335787,0.9949229716405313,0.030469505076524794,0.23884837736172326,0.06862899266268141,0.8574183115383347,2.0478178492758543
0.4173094014251888,0.7962697545628992,0.692154094598851,0.9280315810017867,0.02376424174560754,0.2073448339559899,0.7020327924182014,0.5852237860287158,0.6946602499213417,0.5754797245491265,8.568963522638136
0.5810212134834791,0.9325740269913173,0.9212922324857041,0.037996674364258354,0.4136685306889075,0.5105706217599958,0.35790447716026563,0.04955841970526076,0.4722983348693566,0.9756963802732299,7.07712156467535
0.07221128056619142,0.8166784265617054,0.1956525690219878,0.5767949435256203,0.3870307038786579,0.3490082555592845,0.8704136037322231,0.9734747520435884,0.38666711942970855,0.6404433727421598,6.102301691482116
0.5564137494745096,0.07692160185962271,0.04116089165703096,0.7734049286417419,0.39453425460734937,0.3075741440171428,0.9855827662790901,0.0852299982381225,0.2690625518103392,0.8568016725739313,3.3975898882483406
0.4149987579612022,0.5842470986880149,0.04838217430310532,0.920291903949599,0.13691872426673546,0.21336609618867386,0.15679621556398093,0.49750054893015605,0.8168538716376821,0.26692282099911935,5.349534814079183
0.14232044125347265,0.40992163377982993,0.9816550831953094,0.011058078823907191,0.5039979528778707,0.6693681260620901,0.8067207550673615,0.7461908286222866,0.07442764279741887,0.4618704450551928,4.955403072243675
0.07874957941035232,0.6198553218410491,0.07703154915136834,0.048414807889010536,0.3060281444286371,0.9388318299570964,0.7099965343887594,0.004025983606737005,0.28472800347489813,0.01749789546758984,5.286968797004429
0.2943109415716726,0.6854921760219206,0.759778671680698,0.8041078077384969,0.9099900967767914,0.365793235096909,0.8625977169558376,0.7276687291201123,0.5377558487625125,0.9546307601990848,7.819348593333546
0.9477409328583443,0.8976042809370606,0.20222732207272387,0.207886748911688,0.9010029517239481,0.397913150900847,0.797444260196377,0.6869406198755751,0.7623567924214608,0.02627383280160267,9.59355271086006
0.42995711745638887,0.8570935057677411,0.48992564424836416,0.6901339183729026,0.7559519029446714,0.12075838050084886,0.15574556824808883,0.7245536178410238,0.054570550053193,0.3418953186687992,6.820762816342432
0.9180835954518356,0.574355842860098,0.9104785519213875,0.3094164514744948,0.6366264091370968,0.28674277238474555,0.11112179743207551,0.9906953145364292,0.17623214945143395,0.18848255485177845,11.60691913126368
0.8419183689146944,0.8022369853735503,0.9778298643799459,0.0717440154457285,0.09412559269031417,0.4487139950934056,0.5917474314734864,0.03802918294530799,0.15838979601679748,0.7033354627254352,10.190617849352812
0.6685397735547454,0.0896862035877044,0.9316661851866888,0.2547638050340715,0.8872306464771936,0.9229881705634891,0.49006971058774207,0.4119665087417833,0.2781370534138141,0.8073819987685555,4.041736377540204
0.19658857802642116,0.6221245678581746,0.5671340483605252,0.24889498762980733,0.9830471706266025,0.8463241973671747,0.02052842706742497,0.42225242392967155,0.3589719278486707,0.8828092593769454,6.429774345547044
0.2644954984143052,0.9984506514075007,0.20007959354052685,0.243884586646679,0.6660816224263892,0.16105687330298246,0.8888022055299852,0.10992915940445114,0.9833174195085536,0.8746431286799682,6.350279323341111
0.8396565065702339,0.40721733543388994,0.513641657806453,0.45635788813666767,0.9874269292042389,0.03482594152684093,0.3817089748444479,0.9683883204327807,0.36939021524866067,0.39838332830395484,6.9698278969271605
0.6313007464172745,0.9072688057691309,0.2945221651866795,0.947605400054685,0.28256168831001005,0.8153944654868814,0.2758381359425667,0.07298365279398589,0.8123025468429529,0.45007638791623916,9.51967583923913
0.3907489413103492,0.4298829734798574,0.6115762844878767,0.26269345524907795,0.23727453235452,0.4834392193782804,0.03563336944670348,0.642849392871208,0.8228440782471853,0.7274167916545567,2.712560493233924
0.46930248794483576,0.5653903153149409,0.026180781903861083,0.9123537708604081,0.5580625551767657,0.3164091093302217,0.29358233023589086,0.6596580855597884,0.5843289106020738,0.18784257722284003,6.254523609449976
0.4099191169307683,0.6761813652165,0.2976547337760497,0.5092765725725735,0.2548792711382113,0.07168150834032838,0.38824576967404467,0.7320772697280068,0.21385043200013454,0.754503413387211,5.565397274153607
0.6694923361663242,0.5073703701046381,0.9714556748090655,0.8834145455666162,0.5631762198250997,0.5577798748306356,0.2777713011660643,0.9201984175385318,0.8959285450705377,0.7420569225014209,8.957217521382011
0.12788206498169719,0.7036459540462024,0.25311395402360226,0.18880979454476787,0.7592116905419544,0.9597329382468612,0.10890572499409545,0.16397605636902735,0.2192344884148667,0.9629110754194686,5.814932975382385
0.696398293413665,0.6782879593217358,0.5050268001300834,0.537595782930901,0.2901732529393296,0.15454803578156706,0.7802754304584048,0.47069276088021916,0.25600869065979437,0.6327810803525173,8.663154164544213
0.20945923006123623,0.4887763231036474,0.19022009667885154,0.7596713881272834,0.3208018988917123,0.4416989616240672,0.7548812351086319,0.6595963613330377,0.3997032171737641,0.07102800023991152,4.009253408685131
0.9216069933307811,0.007925176206831863,0.7345941424660793,0.9454039918518815,0.306671053890349,0.07544235506942154,0.24954502052161953,0.3134182870886121,0.45132028228987775,0.525239091583651,9.15400810771491
0.7253302493849373,0.9009151945295496,0.46479358209251875,0.7463284354927385,0.1271989302485308,0.3287831983941245,0.11807922512270663,0.6917411867700792,0.9076453646665116,0.889058134596836,8.11805630305848
0.32644834946183166,0.23421944048599075,0.27405028934551445,0.28733462146086175,0.08224575684576407,0.13334413945922385,0.21448364761349759,0.008169002752070553,0.04722999690888385,0.698550276805633,0.8524164954062678
0.6193237524059322,0.94542224781952,0.4017571244180572,0.4443316779831805,0.06773512181971209,0.15225064137009847,0.6916073884504583,0.2350397335394775,0.7732773577023776,0.7056800776293866,7.577254652197644
0.7472624080347469,0.690582626308186,0.707662749531451,0.5467995226957598,0.6782370514992139,0.5261793432533499,0.20608857161181415,0.21760756691728989,0.4053026923452566,0.013917420116694945,11.648840415503894
0.8892968470916959,0.2682662066790157,0.05153806252990634,0.42442560839814936,0.8155979067467175,0.3973527446687427,0.2626830636915366,0.5449023827106095,0.5743804748677903,0.7591896888323174,3.8426490592669493
0.7997535573562946,0.7062077479382561,0.004538622388791769,0.002078436807288808,0.9774499862431848,0.26420510452087353,0.2823503959448811,0.7322411048017239,0.5815857075918455,0.4635644352419689,6.237827677492666
0.11643969825222134,0.0814876662841365,0.703623184906142,0.12460448453367934,0.4358102550030315,0.7361260731849036,0.9231989424533606,0.8735860606957405,0.8640336618191267,0.3584978170809069,3.187691087419632
0.92717080484736,0.6836623224924059,0.8864876852792078,0.08892456724320719,0.039558159165390294,0.4296463852408715,0.8280151073404387,0.4085327325219934,0.8846471343657961,0.2347734043851063,11.98504002003927
0.039344135007250425,0.7612862875337241,0.626168388690353,0.4400905576173172,0.8452576904434659,0.8241757062133044,0.3245342197902381,0.8379738997853419,0.34515841252042234,0.6219028182535151,8.006031227996967
0.19249760132030524,0.26419218379847753,0.44787811637119235,0.3145960440119213,0.1291424431708007,0.4823228518037971,0.5113574106571279,0.15870593307430436,0.17431330537598144,0.029347076364046876,1.745427239901137
0.030350621896550467,0.358631207312882,0.1466523386190739,0.9190916453659042,0.19941417272280149,0.0659615876545867,0.4041698813928557,0.19246594076727364,0.061769338574368615,0.7527274695115783,3.23420845737689
0.5570984967633257,0.05701079810517129,0.468018948118443,0.038832907465619626,0.35431420361403365,0.36328672510960835,0.822983000930661,0.7352849979470426,0.8969437499748337,0.14051752959012043,3.2814309797633054
0.5337643564622719,0.02019046767322097,0.825522002480112,0.3665802892744523,0.06930664657881835,0.3246572343662598,0.2869124128816761,0.7660012007237427,0.12661142188586116,0.5557753219376216,3.4448687285795883
0.793919186897592,0.7395380995423652,0.9359051188664022,0.0006297503913728075,0.3538015349247958,0.36958354914419567,0.03330841087934666,0.8172666061923288,0.6888906733871335,0.5280823904647788,10.348972904798515
0.40501893683218537,0.8954156927361758,0.26446522251346116,0.33454149058098737,0.9526314519580754,0.06462502342791598,0.7806122967687641,0.7180597381840443,0.9018884281513103,0.09056332698311487,6.884470510364733
0.9704439668222297,0.028837934355148698,0.3377034416988719,0.08482651422418475,0.05117619461053058,0.9647210731914485,0.7196682511605375,0.5056898457252897,0.10818907675650768,0.5260234170238948,4.335594196368844
0.3200522180020908,0.271587277375788,0.6181035471837616,0.7909252190713157,0.44325881752532925,0.49329855366278597,0.6514287717090297,0.12463804265504796,0.8286067022413541,0.8369386554773293,4.145406813142184
0.5410466139630726,0.18756008415088232,0.5007635737712659,0.10593928182680579,0.7632894975636482,0.3111538919207907,0.31109465309795425,0.9450488119016045,0.42185860983800905,0.7895752958194944,2.786863720963273
0.6371626826581733,0.31617570464926703,0.12379076044735393,0.7977423069309592,0.7625036806883682,0.1691641526322032,0.24911588051209532,0.7662373023944301,0.9836309054926158,0.8436412866192368,5.4119835647524415
0.684151551017105,0.9154259408560784,0.2852356687275721,0.009652199293853636,0.3209680729206521,0.9719343184954173,0.8819703303436187,0.050356256097220276,0.5019584312790314,0.07900986430762669,5.409494264869192
0.789031417412866,0.3726155739875979,0.911945089970623,0.054452488010568456,0.7339964733885288,0.3993657695259023,0.2682264153086561,0.5174491381164813,0.48548669792915744,0.3488108978712102,5.733886247969768
0.6488565370818762,0.6613162479638569,0.0771381839976677,0.5954150717742984,0.710735128236568,0.07588845869936289,0.6591306393217304,0.8039772378214523,0.8319439895917199,0.041647370842758935,7.577668379080803
0.6974174732875442,0.7969765709215576,0.3968227983874504,0.5428407642274949,0.26511557624186044,0.31024122177996794,0.5016195492659692,0.15113832513954217,0.37051681360187183,0.30143563813052676,10.577363002462084
0.23824960325866085,0.48388870910602766,0.8386772199020657,0.24226209652922748,0.6597301399816405,0.25419262179232693,0.14208345374750697,0.9433219051659764,0.633235735023921,0.10459622748080077,7.555091463205906
0.6326439974215811,0.17634701567819333,0.8877964839155672,0.2474708166932068,0.8067978826526825,0.19919523372783354,0.5582903282586194,0.9123286777358147,0.29600262288143553,0.08139733357904522,5.182133788570173
0.5525919699850018,0.17233057318120537,0.7283446982572562,0.5908211533461326,0.34637510904914703,0.705653211661208,0.23852797528679215,0.917036561957505,0.3468880327586794,0.762968114960045,4.97994423911278
0.2585193437447175,0.7148253456902776,0.03152941574986745,0.2955178680665722,0.09289026537493394,0.4512205224230246,0.43510799369147,0.3590081721486019,0.9811677681129043,0.24409054712562372,5.608017589739784
0.791051125970778,0.4474471412190105,0.3348104788358296,0.20346670365953523,0.6334038950282745,0.33367812887242754,0.8129187596282718,0.9684648486881767,0.22713156481933983,0.12867038583171897,4.435412552836792
0.31551780120250617,0.4671117670554853,0.30096681594925045,0.9704668060547984,0.7792016396806715,0.9661407330422758,0.3732399573151225,0.3046748609982892,0.407362527688207,0.5228333933273008,5.351418892422838
0.7415552031175953,0.8811018750963169,0.46317987537900096,0.2891787316734076,0.3188465743554615,0.6969482583643939,0.5675580339914962,0.48649413097725713,0.20277407877617404,0.8754556874989033,9.582843507959819
0.7810204475074061,0.1406386017392296,0.36738845460213665,0.5421320936388914,0.45433862277153203,0.3977958387377384,0.7188318975605293,0.05450350423783745,0.4714103391259419,0.2621816903896014,5.059304672810419
0.08461838523475895,0.46488715800296554,0.17136869107056873,0.25822428189020863,0.5070087295100759,0.9737089799328215,0.6842550068035559,0.27962179815682475,0.3824060525753765,0.40613315232097724,4.95289681687116
0.15363762334437714,0.16065418885968075,0.1483947234873645,0.5216641377369169,0.6741860867397083,0.5907206846108266,0.9777671854533485,0.12587457225765186,0.9864744063027552,0.4666739338878919,1.9064510799875851
0.21863278777713768,0.9432808260057571,0.4686133101445926,0.3473469552105204,0.21381010381795662,0.26787545111580213,0.9792195102272193,0.3039734399047743,0.9778059237596051,0.33021498661208715,6.4649019899325655
0.23141846558856194,0.1833641829018473,0.41185450527399703,0.2368064485350272,0.6969379638270531,0.23977173536397844,0.8353968449978691,0.8340112584881669,0.28552637404806613,0.7535401304868298,2.5848659069196516
0.8575458759794533,0.5901328439371466,0.3663324108640549,0.4409671867126791,0.7862288650347818,0.29331746399681413,0.334462334376194,0.1607843362578507,0.3990524030130026,0.08651513224948593,7.987935598822407
0.3210344409891115,0.37347938094785704,0.2554791324241321,0.10135811913498816,0.5216672425615551,0.8650811697554708,0.33564474580047043,0.2368015714201387,0.2850382176905034,0.8618871813042368,3.2529612726787844
0.5278075896077976,0.13079035127077476,0.7092216490554625,0.15436893323344947,0.06024440294223665,0.25568487649791727,0.16809017951676586,0.6049974743746681,0.48456640734004186,0.7240645504928672,2.991222241433375
0.5115710502602459,0.41900593520938767,0.526218690437743,0.43448611308777785,0.03708689391403952,0.68069911299624,0.9621303262144554,0.4220335570360464,0.4237329837680467,0.045768878637246546,4.177625092879596
0.8903790846867483,0.9291213874629298,0.8131391180141432,0.1063454715418567,0.9002236811539391,0.02395566339504085,0.44457432323630874,0.5006236541013945,0.8340021010263389,0.750859213453971,10.474862097361408
0.7970968964998858,0.8679009495573746,0.4760709204927257,0.7802523535171715,0.06803309440543892,0.4445464227505388,0.030132674869641107,0.9153150653185941,0.9584137819529208,0.08393906028816278,11.204295269378479
0.5326266444077605,0.3251396063368691,0.34253428466287805,0.4507000613754847,0.12506596525455072,0.18077019878391265,0.5773686601279447,0.018755909437488283,0.5998010220142007,0.31891718778666933,4.246205112180365
0.8322064148040016,0.6000065077286838,0.7080912007121719,0.11442518123794532,0.26586236468168856,0.9966696089720366,0.43365224690922377,0.3588652053242096,0.8738553589772742,0.03307460886313485,8.991135443144355
0.5347733616761196,0.21025721378592432,0.36815279145376323,0.199777071870328,0.03782275954870773,0.4165121339685567,0.7892030211950896,0.951954432626891,0.6238529746100123,0.38883709235272146,1.178950500363889
0.7698552735473022,0.5052239834292209,0.3676202798906616,0.1790896925529747,0.7961299843370574,0.5004257905170166,0.963803741311063,0.8019096003487199,0.420016119142277,0.7408500408674572,7.280087850295432
0.45339149285207103,0.07986572841426465,0.5166810515582188,0.8657286195341496,0.8554413185170163,0.5749669136399747,0.38002353641485,0.010100602310371798,0.3114097789395127,0.9898085773077342,5.83404186506271
0.7264910332929944,0.7175885638250629,0.7610833903317611,0.6201133833419443,0.585858657175008,0.45361925536241454,0.443933993669687,0.8708484554371987,0.3934562616967805,0.8402917840677216,8.959427511655907
0.837734425624937,0.770898199341511,0.037642399863446196,0.14797224440361978,0.314705142186515,0.8475333422594817,0.8732593813561659,0.04155729435549216,0.3247245531285988,0.8503842046380706,7.415463830594843
0.24969324903523826,0.9760033065971319,0.48930376657602737,0.93731268939841,0.42882639436526293,0.3237989270876299,0.36241017520885277,0.8843005825306731,0.33068938628833267,0.6693462214597103,8.11941195444693
0.4698426821245846,0.9416711887268475,0.159363472071141,0.4286568301018422,0.12463381190312195,0.5781393419601891,0.4028991913380774,0.060937232484416626,0.8498381097667531,0.3755147828664389,7.20137057404501
0.4936307409504639,0.4075133354835784,0.4886526784499662,0.01632519766810081,0.8154595293079749,0.3323080119461437,0.7244617644261435,0.06488679538113173,0.5238252524980913,0.9087919720707374,3.4266582680494726
0.3982480355036875,0.19725901008403057,0.09908115711509724,0.8590879634880926,0.23880622735961743,0.9750711114986512,0.24782278332790775,0.4809909957427998,0.4579941317991669,0.062009619366507396,3.717477235884528
0.5318394198174479,0.672640979688537,0.7421356632912185,0.5225917563109291,0.8125851651213526,0.7520975018439173,0.19397431208722093,0.40160168189850687,0.1425818512087107,0.13342365377092147,8.027805969209531
0.7121273546232116,0.5304591323775849,0.6009498084781025,0.7321842832725891,0.27723493216174677,0.40136195865265567,0.6068030889836208,0.09662898141836118,0.833054081195257,0.34344962418887603,6.806245679802395
0.6587529840348395,0.9955649018568158,0.47536244537731553,0.21504844928909883,0.21643339878184786,0.060376216185980436,0.7670823009964601,0.2934313400920273,0.1727257625360824,0.7136960338155216,9.29828823027049
0.3091366414141341,0.600468947664389,0.4178262138353389,0.33415272967977006,0.4894295955389597,0.31379323937219716,0.8705649191425171,0.0730403044251241,0.030153624946904545,0.40639302738351946,4.970254913420888
0.17284363498898236,0.743726455022875,0.3534339107231458,0.2614377121620939,0.3593814632028295,0.21948393131002608,0.29965247899984526,0.5679852853703765,0.864032545958421,0.37086935891678063,5.360647603244352
0.3206717772441303,0.7817898786449066,0.02242638355795612,0.3020763254118234,0.4521708185442338,0.6006616768491085,0.1560615297786937,0.43285439805529125,0.5663004668819045,0.5102504584736023,6.2549666871230505
0.5745510780465695,0.662398267461522,0.3793726691315218,0.06363574177599263,0.055556282306253424,0.8587146470198228,0.6774192168285452,0.7641846825172538,0.9288046199302021,0.7505444033056378,5.63632108274245
0.6923012684145627,0.6557585389064013,0.2585733846758108,0.9572940717475575,0.5420443080659695,0.22207389461860716,0.20982621107280308,0.8152659114940399,0.25020860145627977,0.04142639787584179,8.099694295234036
0.428412272834647,0.8173504547328779,0.4144396411860094,0.8035475776019342,0.8272109757617002,0.8577071627894074,0.5888998407660206,0.6994707701724258,0.26185906083657584,0.09969794301639301,8.02802509018812
0.5327805241800846,0.010581892597994247,0.46573785095236675,0.10209362006957579,0.10842029980506451,0.8707834158854489,0.6405181923060355,0.6452342986480478,0.40447667548916044,0.41325432393751327,0.39650214529399275
0.30310769280931094,0.43435853329207996,0.5871250614068569,0.1865890577064796,0.26168344691792234,0.4947539361782014,0.38478030202551927,0.8194865134900534,0.8216870270768133,0.3359920408309799,4.701054939112503
0.4507952800131594,0.9765874980571837,0.8274760832860639,0.21566041647357082,0.28022897722073115,0.08348033824163659,0.6778231426173299,0.316895300034324,0.5365951871199167,0.7681422819183806,7.976464564368539
0.8360350673796889,0.3253643440735856,0.2372469370744137,0.8485363726118604,0.38127081159293785,0.8219981403791956,0.14976315064146806,0.9119094103760249,0.4831256571279342,0.17013339000181993,4.930345355013336
0.5350681502624544,0.8700159819292618,0.3893250687590909,0.17806150696456624,0.5765561651617974,0.834467111582599,0.12135377603565167,0.0414083076526115,0.05629349358184366,0.23048871970045592,5.232083619591565
0.007302001273524317,0.42867276940128785,0.6977494539209169,0.710458189271282,0.6367115232411065,0.2962001345950068,0.7359377057084177,0.5764875676249399,0.8611791967673655,0.4780055155192783,3.6630339357492274
0.18014730991556305,0.6346528330341737,0.15078422935405744,0.9631448446082193,0.7032851897673639,0.7563218874224475,0.679268442467408,0.09755956992356729,0.4652998194550749,0.6514152429123855,5.439651908676502
0.22935587308495942,0.6795021069094571,0.8198854752386784,0.2749299794182951,0.1996033002657578,0.8831599779348891,0.005194492764567182,0.2557470484099287,0.40673039814591616,0.6722597187868979,7.5792396029003495
0.9970634944596719,0.37081839490267576,0.9488087260395193,0.36677428215822583,0.695529256684021,0.16536701732446069,0.46040785858475486,0.8712735186392602,0.3199943800738092,0.1052025986807329,10.189602285541737
0.5227133358625299,0.4395346862840107,0.2295396301195164,0.905615226147165,0.6016867381802531,0.3471736218332727,0.9961312390539405,0.13756620327569347,0.8479515125836945,0.23062493578382504,5.442171797295811
0.23950685790296178,0.4981621982405471,0.661941969817519,0.6904630975119893,0.022127636102699078,0.2868579531975072,0.6606040752735673,0.8897347936877923,0.6698908884063026,0.26588131475356913,6.3453697606455535
0.5077727489877176,0.6475764187454032,0.13533935089702465,0.5449069032673095,0.47166622805266134,0.3366480347413471,0.6235376682587858,0.6362162930304626,0.9714699060403114,0.42830519741289597,7.159244446740658
0.5312671554836946,0.15750258097065895,0.5483623388757913,0.036085949174874954,0.14987757445686611,0.17124680349508048,0.6326391175044026,0.5672946407340433,0.7980369569444418,0.4643994318717968,4.2465599188536824
0.47485623686661127,0.16155603212455139,0.7427014297298196,0.0036529256519354236,0.42489087314634966,0.188325091136336,0.7710099245419837,0.673391360687125,0.7067687098370855,0.14857788569647046,4.528338203785457
0.6688140736603108,0.6908937098203936,0.0026370847033859723,0.3176008591114934,0.08728818124243176,0.6813942324114902,0.21210866980743492,0.26465931522932173,0.07832907547015056,0.4838066652719982,7.054394395847348
0.03303280949238174,0.8455922128750106,0.026366040016279957,0.061639694181784166,0.6404066332174871,0.9169335230254371,0.8921211346441967,0.08363051101386232,0.28844672163905627,0.5210368568622786,5.189709832933959
0.026623738696466503,0.5286426155484825,0.44776564084395687,0.5884109955595209,0.9203148835436031,0.2746193057114631,0.6390965435185888,0.4298323359730952,0.435128724321577,0.6472714022593479,6.8300941526607835
0.9513363951802348,0.863031505665838,0.6395224454791683,0.461538088945903,0.42399210091182715,0.7871329109605402,0.21822068374341153,0.5876665441624591,0.5049537682364711,0.6493535607005073,11.346299559339052
0.18742102784980164,0.6957572238045302,0.6269997942038847,0.1801461214696266,0.44962168929102897,0.6786193548433423,0.9016042694423964,0.12209962821129039,0.008739418248606023,0.16515415807516776,6.603355466140463
0.9892737345188167,0.7683702576118145,0.6143690188443527,0.13301306714937589,0.4160458492614759,0.7152388681467186,0.8958841622363782,0.3818232547592416,0.9996898773860396,0.13973641232889045,13.458531140591944
0.38693592101789487,0.8753974588663038,0.6499156094483276,0.8109194930073628,0.9077991387728838,0.5073163955066892,0.23474715088704323,0.6937069050624437,0.5634796847093573,0.7726492047567128,8.390161447769373
0.5117137545627662,0.811111368211255,0.9020174759625975,0.7495830266523974,0.7436551538926042,0.5871893412409877,0.4716420121160376,0.9725876568098888,0.6451125321172891,0.8403565022253621,9.084582161792232
0.5054090285435765,0.5548578579442208,0.6628890236121588,0.7285523686503388,0.44835574153663094,0.35631492833336575,0.2394199224633483,0.4236454228552198,0.21123791055727636,0.4167616457785178,7.286029973923084
0.8746594728255118,0.9770701815888136,0.5771019706415461,0.14600538027880539,0.4275555810641559,0.6020765106375667,0.37077175493803927,0.2051561737274875,0.22682427064715838,0.4739288890145288,9.208317102689897
0.2164286958732723,0.24952269184183729,0.8730841830021864,0.7790603185665496,0.055312982938919175,0.32017673005786307,0.5319331521089473,0.06060863952195539,0.6831712629262854,0.3844451480432639,4.032327417294301
0.3971784808104989,0.2653273666066541,0.3339289938012805,0.8616898971813266,0.7886029753914975,0.9357718962016985,0.6989973812352522,0.5778717626742365,0.2592562866125554,0.6668553204824734,4.282100700581234
0.9061580883777018,0.06916559756443375,0.44307023138792023,0.14936071295560271,0.8106164810003058,0.6140982426652944,0.8796493170190192,0.06310012251665764,0.905730679114099,0.06719661851978043,6.465398662479131
0.28760580084445564,0.15616574713000375,0.14538566408763187,0.17166989797900467,0.480217871770544,0.7843622877984587,0.8982772750471963,0.5668773584480813,0.15775155727412182,0.0791906725341851,2.490882140383133
0.49412961957826596,0.7653802348170146,0.6201610523539564,0.5827815837180015,0.048155214250335976,0.411545388430821,0.5503838691373927,0.5982915586821161,0.004808062187060869,0.19955497647066212,9.964318423065283
0.9497860109387608,0.5086438382788068,0.7036422019511382,0.3081867321963474,0.585371993018531,0.35646727658885025,0.2969588787869586,0.41139798057373467,0.4598279291596723,0.33114788717249677,9.583073093133097
0.25798961046940816,0.6238203767851158,0.38073247658451614,0.20182603058049087,0.7583677080585346,0.7237415809956866,0.886815828185292,0.555019019118954,0.27943700741176025,0.8637076790532806,6.209195860321789
0.2803011205826992,0.6556006032152558,0.1903930360227245,0.6291747152852124,0.8408571893573552,0.539944100334915,0.47088751131181394,0.9934729244548751,0.02245209122630043,0.3317315806247243,4.968833439367638
0.9185983577955078,0.6426426851861329,0.5420972754098969,0.6376917086513855,0.32194115026671055,0.07116813792401622,0.27514783516831287,0.33649609965284677,0.4798651301614548,0.39389651431046635,9.655646409414729
0.5210022239029171,0.19608138323383995,0.1840484620175814,0.35171247764387914,0.4737151415774721,0.34172859259866084,0.5765622323861214,0.310006113589645,0.17716899443854495,0.8628281100085107,2.395883199250731
0.2006020985760636,0.9666413898085887,0.9874040742511211,0.6968037955199113,0.5020009941378373,0.7954188312706285,0.8732027157281557,0.7095917972001607,0.1020447554366517,0.002987869424675438,9.54414000277356
0.19190132241055158,0.18853189560521577,0.18251749663995287,0.5097723187297301,0.5200844636456625,0.7230220467086721,0.201467812970211,0.09265995824500473,0.6660913177090527,0.4839970229358965,2.801891740288066
0.6663206500436704,0.38074024474648294,0.750795534448621,0.6826007776023695,0.6503418553132153,0.0275692833212845,0.8581241587046226,0.3766070234487151,0.13561554226918893,0.7555885221385743,6.659445822356044
0.48647492145182014,0.0320053816872381,0.7818714697490404,0.43503746305214896,0.7549259362478632,0.7555910194228117,0.09993621042976752,0.6132258231678035,0.36013706443202054,0.5464018940056633,5.92841896249604
0.0885469790718435,0.5881835591567188,0.7775400229737779,0.98681380404516,0.32027954983569873,0.1551247508591812,0.36590120282521355,0.019302484473865955,0.40877332213174544,0.9145894849220404,9.88939274835484
0.1943510941244937,0.47771964842292824,0.5726170535778663,0.17990711988523556,0.3301055237006568,0.9113575574919982,0.2957287383454231,0.6353630189829578,0.13695191871664825,0.6698667793426039,3.94357920739985
0.27914440996246004,0.2312627817324362,0.12416518171819724,0.04682438505117148,0.9678597114295627,0.4139047161022582,0.7776155022927769,0.9200892998522318,0.20402043627779665,0.8698485961111482,0.9557591883114961
0.7080245478783155,0.5779770559756994,0.8090778083550787,0.11066457951418396,0.2636003362634296,0.13105087367704893,0.8959705701940517,0.09879765975980603,0.9799504215215038,0.1098912146981944,8.570305964516558
0.6618196786501732,0.6604940486351103,0.9312461776377069,0.32313250969953444,0.33201190994292273,0.8462933063317604,0.9785755527377966,0.030138778730953386,0.635316920763971,0.24363965038617896,9.962214449363895
0.7279622880951043,0.7727190092049641,0.7625255569408174,0.4355111763221794,0.15780138640834052,0.5847646309510581,0.7890380730717113,0.9121949991163449,0.45264432377927954,0.24567539712741826,9.274272208804188
0.11882247312119953,0.7976011077694186,0.5352973671337607,0.674184092480215,0.1592404006478998,0.0065788172055102345,0.9675816068824116,0.8108881919770854,0.4000264094891748,0.45714778494629904,7.084977869938022
0.9290653599939576,0.207650283749502,0.8028286854760425,0.017929528071708223,0.8757127863942624,0.5892840063930289,0.4775779593943378,0.7064577021764153,0.06765113128060973,0.19554395688268567,6.938454007324285
0.4069850821379716,0.6178661767301317,0.14454829022325255,0.3794923011184901,0.2608928246456622,0.6455693672182431,0.9192784495620481,0.16597913331940783,0.18926114392769533,0.6005284797113769,5.574682510247341
0.45356250877468884,0.7181046055669684,0.2878853271732196,0.5448196162071215,0.386828149576827,0.2812641521555279,0.7292964115097963,0.7958937485925746,0.3289514548195386,0.6229718377266941,7.593474483411838
0.17859138987930445,0.7909678827901601,0.281250755107759,0.17095474562262936,0.9399613956663467,0.4224842809496965,0.6434999133494334,0.8092133595761616,0.6861423172034329,0.5646600540220723,5.649807370697921
0.3716134590984259,0.9185230365058683,0.1335420078709192,0.88391972087281,0.70984883025679,0.5714106762744539,0.32474776148480566,0.14604415574762586,0.4431605554534057,0.7837595205905457,6.518572141205352
0.7453097250815051,0.6454422026762544,0.9924996719843636,0.9726347706564041,0.4000048744227902,0.19253434266461233,0.4638382698215352,0.8445766095126429,0.45856308770073084,0.3359819650532061,11.686716540574725
0.7412315006063612,0.6501374118018846,0.9686976700757763,0.5492599813339645,0.9674721910666791,0.2909363113241984,0.8648241603271857,0.3509251505574409,0.8096757423916385,0.9259861844886909,9.87415979715857
0.6231910845463716,0.7285490877116588,0.9586396981639342,0.37515646272811154,0.5115837255892338,0.8982919207651855,0.6728158970090862,0.8735911047033308,0.6182545059293629,0.7397320822214933,9.457478606080757
0.013062433104143234,0.33967312981226205,0.7704207370283034,0.40400795036802095,0.3628467265559554,0.9515522357833007,0.552548491861153,0.19249208503638648,0.4722266888705705,0.5186712770549231,3.8413823989334146
0.9887316340576321,0.7182195389832122,0.519402130577629,0.431990761007215,0.9154949553979441,0.6459410762768686,0.356086788541889,0.4646303618121411,0.2781247833611069,0.9604286814628025,12.507029282276061
0.7019450850187077,0.392298262259949,0.18321320246577122,0.17701908489824758,0.47774221902143243,0.4675670499769544,0.417788638767448,0.8518060286557922,0.9791831168803773,0.3548231729731326,2.8118901453640626
0.29461063415154,0.7701107821018762,0.44979294459057706,0.21756859284123764,0.18093926238833913,0.280567758391174,0.0013236286719449097,0.9414299385814593,0.4302488765543562,0.08284717201742364,8.006346722553207
0.16495712834425802,0.3233378094082998,0.5516939431307192,0.7037160793550481,0.3078511888748412,0.9576164822197224,0.7603119028323408,0.8257987698901348,0.32364568883501643,0.3809612058877542,4.07566622618576
0.5380617843492541,0.45169696174557905,0.2598917909751227,0.9972709175592801,0.8483575784068564,0.23798734445792025,0.89239854468441,0.5868859663414088,0.01256204886269252,0.3461513809664476,5.071250070302211
0.025732759414658024,0.08777053122200884,0.17897730646453314,0.48439864366620355,0.3812887073752237,0.14899617191358006,0.39455542517935727,0.30433949113572223,0.4101559389080358,0.172310886267098,2.3298467539149565
0.6097110384843856,0.04453122566528489,0.3878772118135977,0.8948856735832014,0.41967027570277016,0.4410799365920245,0.0680086543949523,0.6053642948895798,0.936402799571454,0.29161039654384346,6.3517195244105205
0.3932516485987325,0.5881581020272876,0.0932111601641622,0.9502834489504337,0.46759667376681746,0.11509630438611262,0.33522725734632175,0.37383091822202685,0.3453775325748709,0.6932236496364459,6.633842933346758
0.3455207293166789,0.32385396654742327,0.3220885235997274,0.7778485158913592,0.30838152168900723,0.013998092843828358,0.36553513718407493,0.278237179692039,0.9090172504296683,0.4779061757236185,4.8766832026349185
0.23457533413428433,0.9815833445964025,0.24674423040558835,0.7630241450791959,0.6495506193303473,0.4622280927744553,0.40583510251564703,0.8723824793071897,0.47508238860906193,0.37535713922992575,6.0233788679780815
0.354250204894491,0.2758680048025671,0.4089659516045373,0.11991798771184914,0.06512303273862041,0.5414675299921723,0.4542615288098979,0.17339227990689976,0.10679920921705444,0.14326723506826744,1.1378895680206533
0.3152444993688712,0.4514846675007572,0.19335010930641183,0.75562498411737,0.19332437910127231,0.12412644995408484,0.994554869230668,0.44771156322738914,0.17000701716038158,0.8945569480236599,1.5963887581417202
0.23109162459116617,0.9255799553590407,0.11896085364608966,0.8418146959384326,0.18426710862259865,0.9383376485752539,0.5742436427147685,0.18991369574765882,0.8448200542887242,0.39057599217086736,8.451765508486675
0.7328134212621582,0.6434407215563033,0.714294522436856,0.34371489447557835,0.9388254872114677,0.5598131463257411,0.07756060999318282,0.06673400736009938,0.7382296278505336,0.849974436149998,7.727527219876945
0.695279635091173,0.2774973114757574,0.22590396149575198,0.5654365895089609,0.19677949803556194,0.37909975647029803,0.6286912311451023,0.2849113365751281,0.37543892170823145,0.36051789487838437,3.839446673949824
0.4605235148599116,0.6743598239704715,0.7823491689270832,0.665082479480506,0.026167830497481726,0.8968396951480391,0.5811887855525105,0.9202464938565369,0.9638722914208933,0.46784678258612267,9.95327740129227
0.9163656024362575,0.3653856391309779,0.26037825478214627,0.07363027265371036,0.4518304542651217,0.6886872817370464,0.976835668276168,0.5213092778715739,0.7344748318100984,0.8961471525631678,6.512528950028041
0.5431853013731911,0.1667652830361136,0.8482084152000011,0.5741737062434408,0.758511249498849,0.6584779276796349,0.06103750618718984,0.16911496362986755,0.28624975245077644,0.28470781997659145,5.711103185140842
0.8391977051130464,0.5982393611750388,0.0833753359774605,0.387198573698351,0.5563306854349888,0.25150282996727014,0.0398338961246365,0.3802637392771824,0.4611889005769668,0.9047649419153337,9.241872819529178
0.9083661657335721,0.5004024723893152,0.47149455751540226,0.6405020598809099,0.25812406643862806,0.28571417883450434,0.0025578523676552667,0.07821187658297879,0.17850363132656089,0.6405727378426995,8.077644036859422
0.21265725674005642,0.12407900479996636,0.6163047237472898,0.651750023585596,0.059673128225313565,0.7728980875995222,0.6061570695929176,0.3970654435612584,0.9831822918306076,0.01019935286929341,3.9660560414726813
0.544851727787323,0.15970340873455557,0.32933276823699054,0.13320228351267827,0.6682145116084642,0.4015715934019739,0.9862995006735065,0.6538471173009271,0.917334817210665,0.24082718783286938,2.6984993844922336
0.31878406315415364,0.3626822394702708,0.8385150142976985,0.21167577000294158,0.9467207780529444,0.04357908901125951,0.8898580143717039,0.4514138782808661,0.5258980340845232,0.9973974424908039,4.351461642920499
0.8700479803284248,0.9040215908666228,0.5855350063932518,0.9563417825499222,0.6878054326370096,0.8193270324058799,0.7209339076317186,0.7809144308227643,0.6379709549201383,0.7264086164140788,11.793039876927086
0.4359384778245944,0.706867393438657,0.27681055244780384,0.6349407904398119,0.5237524325185369,0.8985376171905456,0.6732228433629973,0.5966205386255049,0.3130741037201177,0.8628039182724405,8.308406223931
0.054157690162147776,0.8997510318120019,0.6529775840385652,0.18949259651013817,0.9029955023954787,0.326353980529802,0.16827259658427862,0.3191460616049976,0.9610723283712808,0.752758499306727,8.930293615634303
0.9167931321712056,0.2988720301785597,0.08243927916105864,0.562755226939962,0.4830007733051277,0.720604783823829,0.5426751805776782,0.396466775476471,0.004685854078445351,0.4677465584057189,5.57329030303171
0.12064282032790052,0.9220011031054873,0.9217063305302376,0.8036490073774325,0.15786666757674417,0.14743881373740098,0.5633102337554167,0.7274617690985309,0.9045392695701482,0.8940343754686885,7.602750844013029
0.15532758077675413,0.9954739500762209,0.1567974815772305,0.840118250488804,0.5869455561034012,0.6782864742407158,0.603971777152516,0.869682042400622,0.6370976823880592,0.8486638214806994,6.103932316300859
0.15436797873837593,0.866706730746265,0.9929533204219603,0.6615067949946806,0.9763611042994448,0.21988353856266873,0.8292831203464469,0.16904698336979318,0.515942763348248,0.6640349914680738,11.408843189741262
0.6602622518935487,0.6708609418520612,0.3209246930245214,0.9737210970080854,0.006552993993558687,0.6209984487087404,0.8661097194243278,0.8911132051513952,0.7202054014008323,0.5748122045245202,9.673290259141682
0.45733505574945943,0.4495159949152683,0.4250991314310648,0.6998926473544687,0.7312084395526044,0.5147623488119069,0.7408117651219324,0.5284551817514094,0.09735170304015639,0.8516150694596618,4.006157478560901
0.8704804520715907,0.2664612173945974,0.786433414591116,0.5111709987378333,0.12402718012357616,0.3979986957368319,0.07655195827675043,0.7864669957789595,0.19623346277342324,0.16439190111169022,8.456007341850809
0.20853763154717653,0.22613101273982872,0.6739521810365596,0.6386009821095195,0.12933662411160174,0.7244191861024001,0.34905710304244897,0.457472730703548,0.12485995981951059,0.7086260560983356,2.9636731062133914
0.37622214720467473,0.6321296032741978,0.42722094465972194,0.048868800654750744,0.7034895658562398,0.5525081602467127,0.43424492199065867,0.20155199070784113,0.6243432148194492,0.2751974463940988,6.932072189943262
0.4291742986259295,0.05648514708875163,0.7767465071684263,0.09003708241815023,0.8908396077998795,0.8675746190478932,0.971089924817562,0.9084412428049438,0.9714076542163368,0.8872762441747103,3.245918846384353
0.1125086050424734,0.4376818631430055,0.07615636181123453,0.5452982066793366,0.5297567614791858,0.9221783601162928,0.9696947451149833,0.25964404682514186,0.5823128497620902,0.4644417896529488,5.061850485562381
0.5467351747409527,0.531728095088984,0.9141244092026337,0.8961257752523029,0.12273668193723164,0.3451101784168614,0.752775073592789,0.6839871058300631,0.6311925556095243,0.993810432296497,7.592105030731894
0.336935057298282,0.515248705781926,0.9791503732512745,0.6955522786122463,0.6486802721875087,0.15474724005099882,0.2466569034453927,0.3774731893867017,0.46484710036330446,0.49721023970515754,6.614929951509049
0.9021371814296457,0.10721198570894586,0.2483525700506627,0.1436338035484418,0.735310725753111,0.9705798011091276,0.8939608033877106,0.7233007688055453,0.02152280416847252,0.3470308699974486,5.003905411656655
0.8636180500027458,0.6530702539609364,0.20960132124989472,0.4664871346685904,0.08791813164505746,0.5208015365725885,0.9010284476851633,0.03871884633696676,0.613891525079295,0.23310269799887862,11.261821521132891
0.9903850721788559,0.06510172070353493,0.61729138308389,0.2563706877591414,0.8824630625479328,0.121929799339065,0.4292526128040931,0.1853615449627367,0.7994437223866822,0.3514435663214106,8.762119339323155
0.18671319845619316,0.725901068076631,0.8172173178312964,0.4623954873696424,0.37884940225895514,0.6321441923770895,0.6513965889391736,0.660745395636221,0.27575764196927444,0.9413024726154743,6.894940938567666
0.21344424774373516,0.37415827588819695,0.283693942335692,0.931123508169197,0.8283701424783035,0.8112719372858653,0.004710081875119787,0.6859005002083208,0.23027369512868945,0.9677442571932995,3.286914015456978
0.5307514080354652,0.5647030013999449,0.3564828248233006,0.5367306223024113,0.7497371876241443,0.5619201540943217,0.6412628898916901,0.47246807795489043,0.7163997107228298,0.8995590170883765,5.119923380666542
0.051051199910965184,0.107296530681676,0.6856091145034214,0.3777044152705974,0.28161843799359243,0.17859328346235614,0.5726362767712831,0.34753239559061355,0.5079608261113848,0.9585612282138145,3.758193976826192
0.7582676456658153,0.7959508692733578,0.1241979030630248,0.3249803187968916,0.10623547202286898,0.9685209301540643,0.6821876151332016,0.019233837504258,0.47550482182113574,0.2635256365508287,5.9436126805226825
0.5399588512670729,0.17865768647186364,0.056855490631657624,0.323177532278316,0.29550711070472235,0.7169635847313732,0.47454885910953504,0.29132780333358366,0.5704305184284607,0.07131738823124079,3.091518127829112
0.6623526117537502,0.1472893667664772,0.2796993693208909,0.28212288717172007,0.4658519198433073,0.9531573664299487,0.32465925043542854,0.28132186847093965,0.16880198529660395,0.3919689000861707,4.077303090055036
0.18204111187257066,0.1377693363156305,0.8573586058147855,0.05263873452303536,0.7108251194599854,0.20257090102007114,0.011715023287961923,0.7951449587969596,0.7022855192235236,0.3342989063743409,3.4981409170875275
0.07933253389047357,0.36067156369778663,0.1813275803018285,0.932503553371556,0.5296231022547948,0.9638436377269243,0.35131412190042743,0.5564628186743985,0.19012343009521948,0.8084290940375288,4.544296966698516
0.0411003123694198,0.6956154229361279,0.3916600923589073,0.5784157740250772,0.5922591349165696,0.7107951141343168,0.20426220323125954,0.5313859212156312,0.4269259363933958,0.28218110886036407,7.889119647795138
0.4957278227645263,0.952015045251085,0.9488849471790224,0.2788173199617424,0.8842071649020068,0.876754809387134,0.24958464760127552,0.5989507464230511,0.8699357592784249,0.5149948019518032,9.171319029086165
0.3697694669010072,0.6507854302432061,0.17242506344317032,0.1617313816299235,0.8326461317742371,0.041874915938125756,0.8036299792257493,0.29049415809293155,0.4831224909520323,0.543515055047929,5.157239648680145
0.7670692734606802,0.8838579865433598,0.8042241253964655,0.5723437752804575,0.34801367034936614,0.526557824958654,0.0300216846274719,0.24498011523973562,0.36615536588757924,0.31975452415150407,10.467537298068201
0.09514694073115681,0.05075408141404458,0.42071477957415293,0.07479975329822319,0.28620805854153386,0.47482565875329297,0.2099612713581811,0.07953492634557391,0.432133270645793,0.4484764984919699,2.252465595134182
0.9156142963287203,0.12783764257646713,0.6149953776776284,0.319702566365371,0.12359783039692152,0.3931471067752528,0.4279375853642152,0.363564514290763,0.7657327409353287,0.8392064699539362,6.997479162013482
0.14873176176321745,0.16790507162963364,0.4212175981433277,0.3201889611015385,0.8195736053923375,0.996811203114993,0.18111037143446218,0.7625441508398029,0.6072468162166363,0.6444240666350147,2.989137995527468
0.26444146900388654,0.09719622213912193,0.5432561059013258,0.6135058489038421,0.9630489398824702,0.6752310640888769,0.4436843001715214,0.9940011287889834,0.3732389748775028,0.16255850186533938,4.4362443820613775
0.6179800527846582,0.2662506334218907,0.9222048369006587,0.42786836447219945,0.14961634988073558,0.14163057016514802,0.6496394060100703,0.365897307978584,0.3637245470510636,0.6123239552853376,5.2955923472620245
0.22151187646208992,0.14542825829487716,0.6572625107282069,0.005237036630238001,0.9073649817524286,0.18297092079398458,0.4478560601559394,0.21147853514353587,0.21821966872976606,0.8350013670135052,4.497596174569945
0.5850335131822715,0.31145034396266413,0.25109872994373406,0.21286243988458053,0.5544483530199581,0.7307894127169579,0.25352738235340044,0.3323005948224257,0.7203655960367759,0.7372780166620805,1.587675053835492
0.20732315178166838,0.3822023300473222,0.8699577250643356,0.7401922466597429,0.16249532402809141,0.3859629280277347,0.9732937819155784,0.5253776041868076,0.7193461586861647,0.09203501804102565,3.8267091317339545
0.8325099620668568,0.6047849220220365,0.17560043212173648,0.38021177104363824,0.08302759527571768,0.7770105281537847,0.744878999977278,0.4902310202011464,0.45201639530851057,0.4634246193908844,7.801265481739737
0.03746677867534309,0.36824496708503174,0.1285039813724943,0.18479236220345108,0.9621167086852822,0.261785209534512,0.48362497447471253,0.887792479194958,0.41349138393507323,0.5286181396191686,1.3410461347943328
0.16878772766418026,0.28507939250514436,0.5061141598844887,0.36490148602606276,0.03825570065207573,0.40082903338043474,0.8151057640019203,0.11605944298643556,0.018731394378097455,0.11870275675510267,2.747338379123329
0.6868701946482667,0.7946446387784879,0.04872655559560557,0.8875509035359737,0.6273253615815433,0.5181313484576454,0.2535918880136969,0.37170031473565,0.9469732726795478,0.9115464336462201,6.984773833700424
0.6254645535017813,0.5789112176678487,0.21054466415704687,0.9532785378516516,0.7553917131090457,0.38225969793536374,0.8158315170467119,0.2118746622668619,0.2132286538313385,0.7909612345570305,6.874529397863461
0.5593079808671537,0.5558352885270039,0.5736708273705077,0.125806817016346,0.3495590743968876,0.5730796698419633,0.24758842657339952,0.5040049595255212,0.5570352382540104,0.9428138783877641,8.332926398621959
0.2457758090583574,0.4393572915573264,0.9815112105441616,0.18678987621794463,0.7800194859331496,0.17715495563695727,0.850046572777236,0.4879739373508939,0.9721614847099529,0.17007496744056394,5.052859717484992
0.6879263457451211,0.695279250423816,0.7188754375364809,0.10096876376229147,0.28856098822464604,0.3380168272465519,0.32428760803267953,0.6750207190002863,0.05482967061386235,0.7300786179852055,6.963888349840122
0.5265843745506256,0.17299716916722763,0.22611868990374395,0.09758031553423951,0.45905885238686295,0.5949214032596419,0.5809720492564255,0.9623678724058646,0.2959660320045171,0.7620798456028799,2.045330857981069
0.7230775430131221,0.061326980612222526,0.930005076721791,0.9313039188457501,0.39633518213790586,0.4176778350057363,0.8195969296010676,0.4950306554718692,0.7992006985157846,0.036125169104864185,7.889490795723676
0.2502706123805901,0.09106498518836315,0.45419805223180953,0.8541594445708955,0.5697877434660406,0.5203335385985419,0.3661068938956099,0.06360987672651108,0.766409670488431,0.570766065982748,5.11947582444601
0.9309655071235285,0.4319652243229457,0.4014996365129426,0.9743469904059028,0.1411574949452642,0.2523615327480382,0.488164215448496,0.5235443015230831,0.5487166199653918,0.2121099297955502,6.792194572535803
0.9268480484566096,0.7035020970577321,0.25843984955961974,0.29419299884670513,0.8803584652735573,0.3803554074888027,0.5563633615709599,0.1204267786634925,0.25173279841501994,0.41657669072669845,9.48460154717257
0.6561373778717986,0.2802206587641982,0.9507615122621333,0.22021715190259983,0.7789068899598479,0.3645988127337657,0.8334008768618205,0.9231057118887731,0.18701556150452525,0.49147704206550136,5.722893942353463
0.15436587392441936,0.705825230785949,0.8322380812277695,0.38946793825789316,0.3967509029593388,0.2038397807443938,0.30653465734716845,0.3238930590375796,0.1555742767712297,0.3099522300653288,7.759689031963246
0.9072569011777624,0.3253858324805613,0.274437185269672,0.3846422829029845,0.9602730379980334,0.7645791318851227,0.20173831754775517,0.7525515951030842,0.7662348421545849,0.9501370746802849,4.838609557677303
0.8910951088619228,0.09519498313102848,0.45457654136772907,0.7029935780869553,0.973368800869901,0.08515471815443065,0.36823274892221847,0.49222380268406374,0.4132441935278519,0.45577844302840254,5.838070618775606
0.3691021397248909,0.9706226141266744,0.8032447789612898,0.7366599117633678,0.41070135810645014,0.8815235808502315,0.09333928720443263,0.14341852625748497,0.9540578532810883,0.5669883034225529,7.663545220654845
0.1594577756692409,0.949145707750745,0.9748432747641276,0.8814930681952098,0.23855785498161908,0.278493985918012,0.4069728525518729,0.5793217258580095,0.9921814095695122,0.9561335468327857,7.343921192976612
0.9211390586977405,0.08927629881354582,0.7571663452240955,0.8768458613396913,0.3332795295388664,0.21957403420080757,0.7484414938868724,0.09083775639150682,0.9408582021478272,0.15607764425628023,7.883826157244953
0.45753785217020915,0.9827978496670962,0.9882202165370104,0.7759902866955368,0.8391884848278139,0.9671707421915003,0.9274295094143692,0.6221086322838477,0.7346169809287301,0.5937765539485278,11.17355331443685
0.5064952739715743,0.8808290165289472,0.7380251121370198,0.8598161703680309,0.09591096340541028,0.5764851676244815,0.3295168283482487,0.513393978306116,0.6129654446365496,0.8457584721322844,8.120162234308136
0.03187772455861504,0.16398337268159568,0.9214457412803159,0.9672707099232539,0.05542268309744758,0.3317875429168885,0.009729973767240496,0.7574480131947373,0.681940180240984,0.5648051153986338,5.954975398205335
0.691661173255565,0.53779121255782,0.2388411755804658,0.7543337349554888,0.7832777710649405,0.8542018930732665,0.954076678461756,0.7475416117405452,0.05454979153327266,0.020838571546499263,7.350468905357954
0.7398706707045248,0.05605096492721118,0.3159445982962267,0.1361598875239668,0.9688999044021633,0.3163941553654164,0.05514690817032153,0.9496075425158831,0.6087443786006679,0.036109068748973794,3.935027550664104
0.8333610398864005,0.15252870305840638,0.8024362731612393,0.6027517462066567,0.17711521463643154,0.7525980527530949,0.45450497560361325,0.6381009397561159,0.8695141653149253,0.26029811542901826,4.931494225602898
0.3659713407055072,0.9972717852144787,0.5081144701563491,0.5585026743966562,0.2854385398313436,0.416027252603275,0.5015517471734037,0.25844472638795857,0.23814551114401494,0.6004668158641183,8.528684770658236
0.18365144431961766,0.5534577348015908,0.7062140236195006,0.19825762173025607,0.7458780617560281,0.35968437481294124,0.9925045378552051,0.9790768101007039,0.7985946335185505,0.3427207765295188,6.563673254522416
0.9372101373420595,0.9987790052082541,0.4622785649417783,0.6145893808966137,0.005987002983719458,0.043533210330802374,0.5005978109669884,0.6093138739238714,0.31239300255763636,0.09912982038305074,9.269103661101116
0.7822721486703729,0.4187600384132587,0.6488483925347122,0.6502011953714764,0.5468386830726523,0.17848957071229565,0.6160813433228552,0.3220840092621765,0.8191252065959235,0.1931968493934254,7.119131281619815
0.29114841398259717,0.4403059662987565,0.7400131302029762,0.7207505771555667,0.3371099537249047,0.5107520308816229,0.2342346004925966,0.7703652774938324,0.19670988483487772,0.8193469134771402,4.661539549373047
0.9368641007556333,0.9916160720194183,0.8569621573538767,0.22169898944045052,0.41651363157197396,0.08883684600502173,0.16455135989921343,0.04969708297165165,0.6410879115426854,0.5331871345163941,11.73321116930622
0.9170128167865741,0.46300767679433774,0.6423067054443018,0.4015974714111631,0.8294570393558957,0.9263756983162428,0.4317317367810739,0.08270132047632428,0.16353582918506304,0.7205443304579063,9.009406013572814
0.32526745858861483,0.7853849725281095,0.749759570513246,0.6943016678964797,0.8142168844497946,0.7565558702727565,0.632587899157484,0.004227208580241837,0.5156772080933597,0.5952528930648933,10.02191978916536
0.9606459008874024,0.6504820615461886,0.5754737552212846,0.5411938434862121,0.10329299374248602,0.4276198773847131,0.1343556924978463,0.05269775059742432,0.329469192143905,0.6454421686960652,10.261437764328935
0.8667973350495728,0.8103658672441125,0.2946898506349036,0.04599661835663771,0.4026781759371695,0.3147792906640542,0.37126453472342325,0.5590989408751053,0.030413523221447747,0.37080573637305925,9.147235159097216
0.5586333094861285,0.43097087096652753,0.6672289427977435,0.18613179191850726,0.15382810926378943,0.30787442408178,0.10172924185294419,0.236261869361996,0.0869044575863831,0.40197775359977217,5.593949795478619
0.7114560724480375,0.28653808071238884,0.003730914778113048,0.557067435439091,0.6919415472179956,0.3913161823695932,0.29699990132182363,0.49063779948050357,0.10123966478836366,0.6439262199905869,6.114527689944478
0.7332971487849614,0.7046306771725392,0.3286669402063126,0.8427106644453435,0.9468487705736642,0.2970742229938319,0.26271918728785204,0.7041057597289204,0.7082819588650592,0.5104174221389101,10.480889422804914
0.9233200035978415,0.14631502453567236,0.4773670912705046,0.03520687150007418,0.052655942018114854,0.053684534135784,0.4917881730857723,0.5889645530140759,0.003487496512757038,0.6325464040194374,5.937603953906504
0.48970075213967357,0.2238018860616634,0.015100122076510014,0.15610319984442833,0.6003322355914908,0.6588402037399831,0.6470612018689108,0.15316232010774555,0.9112143140022266,0.41095207355365493,1.9578408525272835
0.7680074218887072,0.16648093970490063,0.4705687124253418,0.5215211773858025,0.7703552508283321,0.6215189349953261,0.3993024891005944,0.2825146491088807,0.9729567507650877,0.2845299933915072,6.9408376922955135
0.12947392042578498,0.30041669071757005,0.3269363996226795,0.12785950903760057,0.7081451023878498,0.619165014227892,0.31661547748348395,0.9930000940299932,0.6550110731657643,0.70318538670577,1.898621513863922
0.5571826501038408,0.5515747405862161,0.020022266578279213,0.770906276969037,0.9107407591655986,0.12226397766388919,0.7956304788071562,0.5343070078636016,0.2853091615162733,0.9208840676943212,7.1861518657523
0.017370902073700623,0.27405855831799664,0.8862498305262113,0.48101449370786886,0.5989218044943393,0.7497679945344363,0.1479736162233386,0.21517510385059468,0.9986288528542588,0.23745270625622805,6.564135260300078
0.5392025063523461,0.2987072699168283,0.8514196632193641,0.9617558287315513,0.14129241400409542,0.6005734623826423,0.8115765330043442,0.8230278629979039,0.44044768580174853,0.22537634182802035,5.444181463765313
0.38713992611244274,0.7511527090242549,0.9937778922806718,0.5542892078800181,0.1951244086491224,0.041934766770814313,0.9436898398976603,0.4830332022722792,0.7165926685177141,0.6601810351461427,6.715387937961265
0.8908712841505421,0.2660905725479831,0.4417200932828623,0.9136208319844649,0.5855761917879349,0.07136163640098203,0.19448417654301398,0.2372150170288433,0.9937854932786826,0.22413899005683868,6.442601582128767
0.8696840716153894,0.07809564994936147,0.18172069344052255,0.8720552116699986,0.8989364767325961,0.1761962519528012,0.22985218419838593,0.5305673313321602,0.052682952104757486,0.9452841674553606,6.724392876983778
0.36207672509168265,0.4892879657841518,0.10504835512754818,0.03254463454405099,0.46781690646989416,0.12166737008576012,0.6303186882236411,0.7944813033362209,0.031671131722890156,0.6122225024410692,2.2232661032449546
0.8156267507215649,0.43942797953197377,0.9597046638429935,0.11119490669227838,0.3229844634517467,0.2300750339355706,0.9961911555409747,0.29417635420557875,0.3879267483940141,0.8476164897089824,6.606551970703046
0.9299635079864133,0.9377472293250453,0.5581680386490836,0.6633022260479674,0.3491717267634168,0.607158729350281,0.30274806845107094,0.7460283563593224,0.307210116551903,0.8794107082420644,11.180440956405938
0.14348388927216282,0.5718051291484538,0.5206754962749477,0.2637174743942765,0.02800210917687629,0.14853368639693698,0.9679511665478642,0.9413045276393707,0.11930072325295149,0.3748601988693371,6.087338391662162
0.46512661913058806,0.47807193078942123,0.2988198204655421,0.9129528326700685,0.908490600483377,0.018928420535729296,0.6500013755174257,0.07436240846680742,0.5974976621312753,0.866892896401799,4.89592424717727
0.6495309496235275,0.4689276149437619,0.9578957291715938,0.7465985830175398,0.24930937275280363,0.3869369010520175,0.7598753340399639,0.019314248116055532,0.0639633025482721,0.8594231784597667,6.774088198330713
0.04294598963386853,0.6785138411991533,0.3189059570558348,0.8258917177447093,0.8473460655306272,0.9533391080817285,0.09554955303748269,0.4228470092293496,0.5739585899553449,0.9160568795898105,8.872126934254405
0.26651414543310625,0.07162749072712105,0.20176462059410105,0.49557832375518973,0.6810510022787905,0.6906740213122925,0.07466330709431346,0.7614102645624203,0.6602394032194333,0.40754318721335225,2.086690621419162
0.5710862684229696,0.7677404462914931,0.26209274800062565,0.9400335034041158,0.13776760494702678,0.9022228117035604,0.7408579561211016,0.6605186193291939,0.08290799725867803,0.9190046075556885,8.493011115386043
0.2953303505403946,0.745612206312171,0.8848014126899634,0.2442834934020296,0.9146007708826493,0.6119416485940278,0.6590317822975011,0.9145128864442907,0.5267349219529072,0.4406475576155775,8.368168846411002
0.6332317675754883,0.554023517058505,0.0614757124473283,0.18049204693151588,0.01356647892301377,0.1081628394980847,0.7298496597775842,0.004711161805349362,0.3044055146077669,0.449321404378605,4.781222380127743
0.9378122490987916,0.32700701778991614,0.7831307631083072,0.40876557955259507,0.09849138008141345,0.09884374799692919,0.43243381998251784,0.05788313151618074,0.5716192412612946,0.4936497353668783,8.382883501328418
0.7025351856961785,0.1856215294098289,0.5929292537268355,0.17452247634545404,0.7222337134726492,0.30715865824970645,0.614416202699048,0.8826772600694568,0.4882341261816239,0.19229210992925982,2.656253065749534
0.8861229009199267,0.35857955023165355,0.7302528753471001,0.3200956785292035,0.2982154426508766,0.642028259313756,0.1563114352059678,0.8669738708479164,0.3876239866258526,0.0192774359685004,7.257950444597903
0.30543647361056736,0.784966324599502,0.8593588553347858,0.5678802769483777,0.2941093180425446,0.5278541036916148,0.8363752986316901,0.3160378297282528,0.38543697359598983,0.5396941329900443,8.886671244810353
0.8871381956706614,0.582148933831465,0.2076151553866532,0.08910403798140998,0.09501395692786585,0.9502495737866472,0.8224124753115543,0.76585469012559,0.4963645791700466,0.6725396172775874,8.572567607935333
0.12733030454247396,0.6208957156799465,0.8107807325787796,0.062138740236251766,0.29615042230927724,0.11027867336292829,0.2602270360680573,0.7725238719006051,0.3320491662879732,0.6896838478879518,6.316448276342353
0.7733025209449149,0.8166386906723668,0.8733754434083525,0.5976358120193033,0.2806398319996245,0.15055853195558333,0.5037086542132719,0.1035572314882437,0.9107239789817014,0.44248023794297386,10.294241595784387
0.8729841457105889,0.7092703836389636,0.8572175628318546,0.8839580892545653,0.05329349841238451,0.7252578478341637,0.22654769641727257,0.98929690561189,0.7784029741259659,0.0037650028032238936,9.165330169872483
0.9274163218022033,0.29230590220117714,0.41665359963644966,0.6122855789278673,0.9163097940442185,0.9273266232540607,0.5634717627307392,0.31672449581144846,0.2791899417056073,0.3643970987784789,6.866856130207097
0.18051368353901087,0.6698330183200959,0.5278020512062873,0.7734647002698,0.09411131688943264,0.39990582434016786,0.2398628682008913,0.535186206259405,0.4682439836786131,0.449565451189029,7.476298059293575
0.31565363194394247,0.7268455744741269,0.4815677042617569,0.20224377981319286,0.5474474728997933,0.5966721560393939,0.02137967726533241,0.20377866084851348,0.24240391012728235,0.2480751621631314,8.178392667902415
0.2388458703600308,0.2716411715669158,0.2627272262548277,0.8840688373236057,0.31964787224495517,0.34976271436624495,0.26617726258315433,0.9675743595425579,0.5354908002350419,0.6105461142075163,5.022834711950615
0.7354872620631027,0.33371406878937315,0.9687804297648188,0.15232617257433756,0.4578146004943443,0.14543926235243354,0.7903757462603832,0.10731769202193286,0.553899603413583,0.10480627500066564,5.3604327559649265
0.45266188818470987,0.28030799087262603,0.9032967579593263,0.05309579507095885,0.6499376298002449,0.6952512329577897,0.8889821023812086,0.8777294563111605,0.9770562866075985,0.2539093543471054,5.0003014819571225
0.27482537614777436,0.39729272807761506,0.5375769806364737,0.36714191860127854,0.7402964105448687,0.008545051909653267,0.017654315578186086,0.7160567598309163,0.8831212225507421,0.7765474537321833,3.69484803750167
0.11709161342784113,0.9349740269318415,0.5219126185069014,0.7422951520854697,0.20104619766317877,0.5487956309341538,0.33006080384361614,0.9747607735287289,0.4741961398127057,0.7555769856046911,5.794487436339994
0.6032319363596583,0.09429874872294775,0.5429277554076288,0.5402158674680092,0.7157093491765745,0.3219080166075575,0.8606521142662646,0.622603500696122,0.03934131405379848,0.7068357884645461,5.14783715010563
0.9069669100418343,0.6831470953054655,0.37999730439462254,0.5906488306061864,0.17139827101947192,0.60125547355908,0.5009927445349255,0.026157688457715267,0.3218898862155437,0.19124724910162771,11.987161149364878
0.390651926762283,0.24183242933494864,0.8342486978705242,0.6976834890013829,0.7401147416378772,0.36086731016336016,0.0034463651614088375,0.21915369220039815,0.7552982044319848,0.6028368073007967,4.756675212297896
0.5385781656630303,0.28051993547475473,0.07574232692038851,0.7848664702333418,0.03865556799468084,0.05913646886259283,0.29493523563104185,0.5729336773976137,0.9922265165894689,0.09064157539216067,1.8395694185508518
0.47317079927029204,0.6017533030601896,0.8231052404496533,0.6896139151150577,0.8077415796117661,0.5224690071183405,0.43397080350396644,0.6187283172753543,0.900870809481329,0.5508471621610891,8.925088974350492
0.6055931191917308,0.3379761532125142,0.5961214455498589,0.6277641228164504,0.7534254860382471,0.5721766950129786,0.1975502946651242,0.5819260842557968,0.29787140907635257,0.08732449504173967,4.952466046138585
0.8254331314598611,0.06607211282512182,0.6317032350261339,0.9884946129994769,0.0876191714730098,0.22013184395291352,0.7608042126344473,0.09689413168337357,0.8327250254907016,0.00027012235672785323,9.286405940405526
0.8899473405518775,0.06682315231774494,0.9219798485919536,0.8645512330507116,0.5395631188770967,0.777948628397583,0.07487684788485305,0.1351478519426722,0.3692873435526717,0.5374585880849324,9.556737343330958
0.8682142597733821,0.5426804475114407,0.6652051824905534,0.6798844202269756,0.87756812758605,0.7767547438735873,0.977030298480607,0.020012638188141474,0.20782867655675596,0.9304457354318404,10.390506194141725
0.7922202207028808,0.26736274603494936,0.9742466551204675,0.8698810272347162,0.06465722642925664,0.8113098449515442,0.7844876133506719,0.22115305147721154,0.6692465110881046,0.9702259190313268,4.247696404726831
0.6758687964487868,0.8137651894996502,0.09938651976092583,0.727458789350463,0.2047547137078578,0.0718541724535956,0.5520774244590313,0.7506111125973804,0.5467448654450371,0.9315968739764469,7.300171780086048
0.6956663455660691,0.11757482399549568,0.934518194008747,0.15288798245477164,0.7582554435973934,0.14854367930308987,0.998580275799458,0.3321875081265797,0.4959293220614067,0.46683750698475257,7.337922900538793
0.10189720487566689,0.4940149999945883,0.149505994300571,0.8019808178222004,0.9583134334095434,0.8080584413654708,0.43106399540586715,0.002371396954390814,0.0366434606593965,0.4950351449381789,5.121602175682885
0.6794873013403089,0.8195140651574259,0.5995315108804511,0.9783131262435039,0.4937780322928308,0.6000287999572816,0.23010232317036516,0.33966048159597795,0.6831317390378993,0.601641333662542,10.579070624162298
0.36964887998713103,0.11198195322955795,0.34261521484347235,0.044155589915922056,0.5807672259776375,0.32301547626477634,0.3798485085318195,0.5750882210607638,0.5812877981166816,0.5883433114082466,2.5292658851136567
0.4915912093029756,0.48812243342896855,0.8212194442662302,0.46755445314073385,0.536030160515133,0.9882298765024662,0.18105005169305732,0.7264209827814987,0.4731871767424122,0.8305416798723434,5.92616056185478
0.40403256261530707,0.3029894270204153,0.20778619464549164,0.8722371551362434,0.718328463165719,0.07690045178255589,0.7134902362362359,0.03501563114862516,0.18162641576087912,0.5927977062467525,5.357127434624613
0.46351033223344107,0.8404835814351072,0.6078903782546397,0.9649745623317398,0.8551835473377677,0.3402152974599879,0.8341509462841592,0.8699352921278138,0.9697249905644157,0.012562927374773825,9.431859732753724
0.8747443049730195,0.06989531566623763,0.528115874590989,0.4146635397524613,0.9198816210635962,0.4051518401045052,0.5960426738597536,0.6918786723440135,0.019029756594396874,0.5909312536500241,5.935580738645841
0.5179918353298887,0.5940086396214447,0.07574405805568907,0.05555837002227604,0.1775443374484651,0.8695006756571731,0.3564710683713186,0.4340325508193248,0.39016628090418815,0.7143701300660087,4.801985115528326
0.25947555124449184,0.06839335203028418,0.3781748934079646,0.727835535187443,0.9149680313608951,0.0508215640788815,0.8104961208798348,0.06618015495008456,0.3306606179174957,0.022301528105472035,5.215752268497021
0.9115416989575621,0.7067889952001273,0.36913523206254095,0.37745658292454565,0.6398428635014631,0.08964830486815667,0.1450486313569851,0.847224211588869,0.20231308612691146,0.726666397705373,8.792502702358613
0.2258029028220987,0.08814631719481048,0.900032363274916,0.901672783173269,0.6053118976257651,0.4620338444055473,0.5527599224151477,0.4081274267243602,0.7571746160084958,0.754560706914964,5.626830670589829
0.8189796097391895,0.5229260793692804,0.8013418616069817,0.15571859644383734,0.03013472989171251,0.6480530485986309,0.10547601788517813,0.5506699110835127,0.7211249550010589,0.40708542622727795,7.916638169889817
0.0438727122177226,0.8871314002988738,0.04324504177144839,0.9047525098512825,0.05263058792557462,0.7351594984685019,0.9248467622236246,0.906980313701082,0.8933849078683243,0.8830786232095753,4.569210151999616
0.5104097309119581,0.5576908362602018,0.6197174732601457,0.8959483987688317,0.8381604195635319,0.7829785668983247,0.6757242066107196,0.6183837219871616,0.92246685681108,0.19264418728384702,9.06712928020852
0.19272500418553307,0.9824695290855564,0.5531590329890295,0.48337413363397475,0.8505953748261581,0.8497679227838011,0.17659801636940164,0.17357230693315273,0.7952647650654089,0.7856324321494923,7.949185708950982
0.2251866876888058,0.8415101362431717,0.480051130303379,0.4699891146734305,0.9856935929682066,0.5192145965820187,0.13704537856450916,0.28015582038251774,0.33368211507970025,0.9584669379060623,8.486179417353059
0.2640373841616309,0.4304029393537202,0.749635549478091,0.27409630866839063,0.7016420532151102,0.20751759635664158,0.24251747584943073,0.986331937380475,0.368944409275728,0.7296861156179582,5.720739544750312
0.8400630969404326,0.3468523159236847,0.35716950142479054,0.7730884604034421,0.607001344258824,0.36175191662279815,0.7495660635123063,0.8637050065916271,0.2350382849575665,0.024356133897517784,6.227418548578377
0.2741470664898643,0.6744896391997046,0.9152522516269077,0.8630643731951946,0.2221705989273851,0.8810001665850069,0.8107317201521078,0.7344009500880241,0.688226878807732,0.8070924917005361,8.319429559929578
0.8617295085551077,0.8191114648414604,0.12184834235950903,0.7221547692594861,0.8413042207601867,0.18570600674866933,0.2137975443240432,0.7859769744504906,0.3439292000038936,0.3997010050273033,8.360221233241738
0.37715927752697287,0.2128325007415489,0.9387942922791745,0.8058599690832318,0.2505391071093185,0.10608717359588304,0.372610190696967,0.4153084257248233,0.007092134404718897,0.8871521563480971,4.499135150636635
0.8512838884253907,0.8501632879497062,0.8058032539962683,0.7331259248088475,0.634520695773597,0.9602892573653612,0.7117299162625138,0.6302450889548558,0.7888250878935695,0.24626632473331245,11.537335659243807
0.9671455359859205,0.019161976697068872,0.6484049704916747,0.0770942004322901,0.8533059018952699,0.9676401196758069,0.40861072979250646,0.8571646966053627,0.33572134462108383,0.15940369445601688,6.776844676961978
0.2766493932655957,0.301841964356823,0.6306680375985505,0.796148037807536,0.20521654739706552,0.08820626275435306,0.22165184286931683,0.2965378224121822,0.27981465999455835,0.21995046529505147,4.649968156303441
0.46600020578206447,0.8559828448107819,0.10034849960741665,0.862030026877999,0.4970084310051158,0.6604680063469243,0.8153671206035814,0.30432693357311347,0.954234605208079,0.08373626661824896,6.260403448094724
0.5276664445557477,0.2548033687985767,0.4079462974011824,0.4488641282645607,0.9145117231189522,0.4415815236408127,0.6979478697874544,0.9517631725308616,0.4945325812526644,0.4083099288214904,2.1280839708602737
0.9729684433519309,0.8276763549616444,0.9397729082346044,0.39722522673631144,0.6963243905593239,0.24961057424286326,0.8658220088703389,0.933079177671915,0.267866453728818,0.10493240727857522,12.626728062551782
0.2007347458751465,0.6328321305831993,0.2721832870970584,0.6386108350605053,0.3501887015094771,0.9168354426988139,0.45259768397759104,0.49762195295243294,0.34806496324510094,0.07303783816077247,6.589074289707621
0.4936362271118744,0.7743644523287405,0.953014752855807,0.07657561728552975,0.7973975264018134,0.26706144946217936,0.8228171842630803,0.3420135700669944,0.11443323983661868,0.6120192208206972,7.253993900727351
0.8939043900531746,0.18158881642431557,0.021805006251193526,0.8838417311877315,0.697829617375448,0.8086961743850025,0.05983779609964446,0.8904552727220889,0.41915603480185293,0.8976171669384775,5.2211821404263565
0.06492471760350693,0.8848077146092428,0.6733765392178104,0.5542685061219355,0.061780824435661796,0.6884175293626416,0.5977741726838605,0.7262889210370196,0.7167168086006761,0.4437343231472898,6.6881111854230655
0.2046812173527489,0.918968319523071,0.9255895866876296,0.21193130043026054,0.6306533157975993,0.20287053593927806,0.861224511812724,0.09821331774715292,0.9901973804489251,0.6108619139361767,7.55824916655295
0.022912578138179818,0.8819033308277905,0.684458196894362,0.6973223448834847,0.2750323113687231,0.33679635674757313,0.9144173453108076,0.6349579816619801,0.016954137426453686,0.3274070104079574,8.128605846961003
0.5985432298341691,0.1480065222366186,0.09829109974759054,0.05938486575315183,0.6305797387515817,0.32059742572751515,0.373678655764474,0.06004037127510564,0.7380188245844326,0.7667567872521949,2.7815365679285637
0.8294355553759267,0.6516633465616163,0.7732885728976812,0.5772264108681285,0.49163706064588775,0.25981254099592654,0.05337752943975038,0.29182196662832605,0.6836262131905205,0.926834920010043,10.067539911332432
0.25621372613373106,0.6698491470129124,0.47824464666065825,0.6275484179606866,0.0016218429037744286,0.12265311709833715,0.21702112382416527,0.8934511937972792,0.040527653275480024,0.5696338626810773,5.801623742624879
0.9286393168326132,0.6520699178712835,0.4844041223432206,0.3859917795230683,0.6241951818235574,0.48038515056838016,0.7054119428629346,0.6177745803307214,0.5674086784839584,0.9568103780252294,10.907806984286175
0.8356919262125118,0.6088579408684021,0.5386502283714089,0.7239437460397443,0.8039155409706544,0.295237086536025,0.6669471829154215,0.13515444072816618,0.4304513239805696,0.9384365186657827,10.807930151998619
0.3262993561757982,0.15423500884628882,0.1461458573941007,0.39372857012023654,0.22517631545899008,0.42692080398560395,0.7188857038861026,0.8881597653333702,0.11016653144462618,0.7684082494308662,3.437652635660719
0.1034802845431878,0.3794342722973403,0.9965480722573519,0.0686777375551122,0.02288103322856494,0.33364866677088145,0.9511208291426441,0.02003839454371492,0.2227115132269173,0.6031623913232029,4.776581605596331
0.23375334440185425,0.05380761381465127,0.05244470416486613,0.5591593434469296,0.5618939096659855,0.7064738170826078,0.1317411315956969,0.4998516929409018,0.6009491681541941,0.22237585837082663,0.8339563024813521
0.5473426717635296,0.7082383419464098,0.9908406291639872,0.5964227049808787,0.8611907969249232,0.833672749478575,0.9402668976443098,0.7230555969885584,0.2131004133911002,0.29809112766015466,9.717342498600676
0.7846849635945917,0.5208227471562351,0.2513086469565986,0.6566703397516586,0.9065359013837136,0.35768985876366943,0.5962448639974435,0.5815005308815011,0.12697467013341002,0.09024498910898082,8.147979833918507
0.8894267695892277,0.9335368914530016,0.9042417881502792,0.39665479444103147,0.28762009173350234,0.942172277404497,0.8828023684740437,0.8198173407610333,0.33418500119256034,0.6387426112806908,10.451042913535243
0.7504202757555511,0.5761542963206049,0.6020043332994767,0.7566877828797671,0.7668279815932767,0.23994866539419357,0.3906747191855894,0.7811844216387411,0.2614475078111421,0.9155939659811155,9.031415547923164
0.8388932749500221,0.8954562059379102,0.29729991879879125,0.10511701040554433,0.10059063037548943,0.5559075397391584,0.3055904407077087,0.26352168350276484,0.22240539396964587,0.5620976104877669,8.741417274134458
0.5480952317444415,0.4223126794917682,0.13844003523403892,0.9287948068392847,0.42793596225803,0.12364229494508816,0.03707893915504379,0.15259329839106273,0.29712623176423647,0.6300935228217897,4.544651653850196
0.9709356703312397,0.2720676760059201,0.7898042718314594,0.9113863379639623,0.3915725750524808,0.25327359392477666,0.4910668995591355,0.8967120982073093,0.010981868139468332,0.48663147694210473,9.487536057342835
0.7575952619051362,0.6011304291591861,0.49733938350450824,0.5536132014200361,0.6192316579678383,0.6820751544254234,0.3561855863629153,0.5173745469377714,0.27357021347957255,0.98399005247474,8.168040959621687
0.18728806717741742,0.15065722607082543,0.2688222757415958,0.9200542505076958,0.6588560580847713,0.4559275256834502,0.9253954075697839,0.9001471925026902,0.4015925059352843,0.5636409631231923,2.0750410545071976
0.9053739819585763,0.3193986623947159,0.4075372313969411,0.793014594854856,0.6986388453566247,0.04865039199668264,0.11737643653796426,0.8462638781382099,0.029738737665900628,0.9199292055569381,7.03934061667038
0.27175275233537244,0.5983791823991187,0.5645808842921723,0.3962537561577657,0.03143692360921946,0.19247126079543453,0.6149734858335937,0.44637277270908216,0.41383704601892324,0.0977029007896486,6.232405485086351
0.3471274252461791,0.5264305520592686,0.07769273494241136,0.06669575262196847,0.49155338321887443,0.5612521738408612,0.25764150462560453,0.3257663469656409,0.7968704245386379,0.8692360239991319,2.3071190211092993
0.32522868666032145,0.35571456428306214,0.8303265572809548,0.9738345014111093,0.3205931952970459,0.7887265712201369,0.4796923688747903,0.26372804564481245,0.6817851965563972,0.4625503768356014,5.38593653269114
0.268162439499007,0.10722964389414025,0.866954413814886,0.878667803428624,0.07496175591379228,0.6633953706082439,0.16257743061494923,0.6463200801696007,0.907617193560369,0.2602146902221586,5.119066225253372
0.34792923277679644,0.7951299591782732,0.7353737927433249,0.4086552844554141,0.8485480792776128,0.9205854778312978,0.45264363846758415,0.03945160260389502,0.5094399780471277,0.7396824595378402,7.571263639200883
0.2200357424777325,0.09943032060658319,0.2852146435570164,0.011586888676363039,0.7154717296675528,0.1460683657226447,0.7236490220920486,0.23454799258695336,0.9920621087826904,0.531795382066752,2.2401849557884272
0.04133885600151965,0.7726788774966463,0.4100902451304971,0.6073212882816074,0.9512132228379468,0.517269771845478,0.8043763650767884,0.30279281729088114,0.7145210434427344,0.09932300436120933,7.772762809649118
0.8933490549623646,0.19974740735893248,0.30192953472532913,0.9582118813364219,0.15521359228199627,0.2544097594819553,0.5801792981961302,0.9806939991802828,0.6914194745659222,0.11419007501008083,6.246477023474756
0.7481171523003382,0.4262154645363293,0.9923289408605629,0.6287170601309976,0.5319558950926423,0.5572651563778469,0.6415618107895753,0.731829277679064,0.07832183522605529,0.13066951980957664,7.088206044431209
0.3004777255204597,0.4779543247720093,0.3110673974348199,0.21383812906371447,0.9250297083832898,0.03260053432439336,0.9386981706632804,0.9072423144665541,0.6837817499068785,0.03253458192968539,3.8524518184544676
0.22535556158287318,0.9791006236754973,0.9059503650871169,0.9645719609910026,0.9961231598239221,0.06388746629492625,0.5708625364757712,0.8341376112202568,0.3197089657843857,0.4355587222536025,9.03295247988984
0.2837386486554818,0.03807213579939683,0.07271334237168625,0.021441769625463514,0.5272444489361142,0.6184230832180342,0.3077016825069958,0.8261485371419643,0.8880133513010303,0.1397483052343096,1.4444030798558682
0.0519244627419444,0.3193806130286616,0.7129875324463042,0.5074238913109669,0.48808999734972847,0.15241039844993942,0.3514541184383807,0.9588912583337035,0.34056043901852007,0.5914324125500918,3.024825107820212
0.05834889908192775,0.06385425785763199,0.42425399248285867,0.604112356454691,0.3723410433206764,0.17901357588021605,0.7359573151657888,0.14004381693154433,0.6680167446854485,0.9567344882768438,2.199186118426944
0.47053685835009806,0.20043367861220562,0.8419817983539862,0.5054761968079288,0.9232220151674224,0.7205860753732078,0.4306096058596256,0.617384281057439,0.1699644201371764,0.3872304067489485,5.624121088027324
0.5938712736505871,0.5900418502514663,0.587215366802018,0.7435360765795457,0.10565338489079723,0.07365708804406468,0.14802072001369715,0.7923943102911737,0.06485374678649825,0.2252354784403663,7.620926900346176
0.2547760055249867,0.6472516223630627,0.4016295261820936,0.1989932234217887,0.4495384557735539,0.6854513556248137,0.7860518700049716,0.12388318733227421,0.7147155983606693,0.00452265825769016,6.191294113545096
0.7243236679022554,0.6610038653175511,0.46866657851583016,0.1368732796362082,0.7645490038722422,0.0717530887523723,0.8955686137527348,0.7734603669615611,0.7409634945457608,0.7543942402031953,6.3915163995785305
0.06757323920821934,0.9899490844298062,0.8585996199111178,0.5079334306457232,0.7194003108697801,0.7392571616777125,0.829785284382365,0.2553740834251469,0.3720527247193999,0.7996853021356107,7.918575349640184
0.7689838852765094,0.5226153233225499,0.39620534474486746,0.9684425709069717,0.41502139065283417,0.7639857195904097,0.4126423648517181,0.30983616369413647,0.6409967533667214,0.8076158750147812,9.833057179668492
0.9813775077005682,0.14890409181992947,0.8761144706356443,0.5241419333333301,0.10774247768579726,0.7943786191650544,0.3315444230793988,0.8682498071468429,0.15780187254704292,0.7110916843011085,7.075018733843366
0.30079626024023065,0.25734873528237046,0.05026016324839655,0.4819086771173001,0.39150242031657256,0.061690357042300636,0.2266422503531873,0.4872718470281405,0.8082714041656502,0.9294478835290716,3.6197769244479012
0.515332172948304,0.4033067379759492,0.9547544261512938,0.9628623945880365,0.19041233932829227,0.5314553048765207,0.8209100809382154,0.8222589969131475,0.6849786163947791,0.4714689168129944,6.532547840591906
0.4036564939152012,0.806412169497446,0.22572317579911283,0.42842988871883925,0.5668646979613298,0.8317839201138396,0.37385012616254143,0.5486557636357664,0.2791638371021882,0.836912675435277,6.061805086243517
0.7855412372749991,0.8200982557936581,0.05747628447124509,0.48689813412971805,0.13584281936517006,0.6737604417791963,0.3113909290077822,0.7745762329747735,0.06516690479816112,0.5132605544849634,7.386418778152255
0.12366515764502362,0.5578991013788793,0.6073514754278581,0.4621435233478569,0.27964661647547506,0.03232785866848287,0.6621141260807761,0.8704418962186903,0.7336477701070746,0.8930180113820727,7.464359082135633
0.9295009032476667,0.44954646526646136,0.6979913662670317,0.397378749176328,0.9195427100172118,0.5629728584395627,0.7524500087498738,0.0145182297748907,0.5755492262040175,0.741991100121695,6.717636221625574
0.25700617573805284,0.014373969288691169,0.7436327655863701,0.33808582015244104,0.42878960758155027,0.56205241394936,0.11025116587099137,0.10355266589334888,0.9608804494101135,0.3388965064154701,5.031084277981894
0.25552484610305914,0.04773811978965403,0.17392871743369587,0.4308950857238105,0.34207332343385477,0.4245817472671537,0.7039097112346703,0.6417894922856072,0.49315306766658784,0.814821495228451,2.2696676652116823
0.8573245509696285,0.590812674110534,0.11757102341767112,0.4061792114011513,0.6344634801940918,0.06285101101635826,0.019906532210425154,0.9483344101417439,0.7300646614636447,0.15310783002107975,9.3377400156704
0.4451264703722435,0.19355726857519262,0.01028540143501222,0.39169312990169924,0.6483847363683708,0.9541288220040475,0.769834718965888,0.23013819728314766,0.3362118874595459,0.5205805120930672,0.31628741536365057
0.19127291508660504,0.8329458238170131,0.16796491284489024,0.28997304494952536,0.5776006659287223,0.12322403146683614,0.6246149414226227,0.9442252021848689,0.6915358703863874,0.8127845916799409,5.64377097586598
0.4384943914985642,0.36531724978402846,0.3286026906747348,0.6604651752011809,0.5185356792946172,0.47231941840811187,0.10074609230946763,0.6733731540587532,0.7253829186531316,0.19619829061062666,1.3280714881982623
0.7597053728437978,0.8793940403789671,0.1746237680359467,0.4520416811624641,0.8761851826047935,0.4872980417585977,0.8152537056590634,0.21575289972331357,0.0639312412926718,0.05946684862188634,9.587759965408868
0.9723563767080757,0.16471781289905774,0.8648911917560452,0.31572859647014895,0.04008855099341235,0.24097728301399957,0.5054925034079278,0.10677182735849156,0.9221633526081259,0.8998850417493975,7.176680048650874
0.14914747423848118,0.7371083722663224,0.46070831595666606,0.9821271100809211,0.055404291049445886,0.4710345942645636,0.2854730629411052,0.7263783808028211,0.11113425703563196,0.6281086865684743,6.551393403633908
0.9480593487627272,0.4538804261338196,0.45423065685334074,0.4957023108790918,0.4157082182638745,0.447475936350742,0.4632386788989872,0.9980659227232802,0.11643601818010907,0.2853214126982052,6.408811854471479
0.2107873309090469,0.5441880004449542,0.002808935384187583,0.9210986377977279,0.5311209005976835,0.8960772037336876,0.3449652146464546,0.14992992215300982,0.1922925524018615,0.4707323860854996,5.8888848987220035
0.04026890399943406,0.7818041075066873,0.7906365850345982,0.7019550284932529,0.8963398155942028,0.5494772599079947,0.4793194789591736,0.529175762658921,0.181953671008111,0.5122912614280462,8.847310879798096
0.5417570196601162,0.7645898535399749,0.3479194563082514,0.09222708610173447,0.5974625053080209,0.7879582873690956,0.9695597145386746,0.0902545661886891,0.7463511451435714,0.5958400632663685,5.931004105472724
0.015337181842562164,0.7182416048066544,0.02620125387162997,0.7852561597234252,0.7213221922588399,0.6879200898112652,0.11999616916490874,0.9190329572239764,0.8989130877859347,0.9002609900691131,6.689640053928135
0.36036238921321717,0.49217296639018515,0.11489533637894056,0.05109535765294282,0.05877746944596096,0.5687696097507119,0.32140315396784946,0.5795556172266294,0.5926643524353822,0.9070623710413283,1.9921819951171198
0.8822832480512579,0.7185834788168103,0.8185033573470853,0.003159639695175298,0.01553513651955818,0.4585873122036519,0.6536937115061975,0.7940842069610543,0.4472669801842304,0.9401673190653771,8.077625435477675
0.8149852614192556,0.10275562918716974,0.44017833054151123,0.9948782250682914,0.40994184435327874,0.386269794186088,0.29408035739897376,0.4864890024563002,0.729857114514829,0.04747191492326175,5.962652797260915
0.8357176197960241,0.9175796096906065,0.7810925567343566,0.9156348786456872,0.09490447780135414,0.45010761625195406,0.07104245649316221,0.8368359592927799,0.9525467610826684,0.2977512106382715,12.743251007054672
0.5353946457537612,0.29767548917444275,0.3788725154962035,0.4765576241734105,0.790802492213266,0.146997484315465,0.15705430313237523,0.20186206600560508,0.05315216257165256,0.6434649220708218,4.772221004812984
0.18986428685465406,0.4375379897761612,0.6855903327873972,0.44894665360499486,0.9060170948840542,0.7691681508989983,0.27302218527087674,0.1304098561746192,0.8944377979908743,0.3969076665973309,5.421091188703768
0.38251182698669217,0.8100040757539075,0.009354789204256586,0.45111228536537795,0.7143200660852763,0.8486864636835503,0.8852088539291213,0.4656801688430996,0.8477075569881865,0.03576176068177794,6.342372601889637
0.30542555542085426,0.010498302524240333,0.16552537336521667,0.7247312715297911,0.004424159548104933,0.5230554950436641,0.4139861510286046,0.12287079064789908,0.685634283884137,0.6931238648475063,1.926651786064943
0.7263485415024217,0.7653075502427034,0.31499191693200956,0.9941292889648097,0.07295373958314288,0.6476953676353238,0.9707750973333988,0.22431046154318968,0.2781249284174404,0.575977438319194,9.549663267873175
0.781257596892743,0.3289469829046314,0.8367751636484455,0.24104378634367096,0.8743666853418222,0.2529531241352797,0.6174351556712817,0.3577912131397799,0.32182611235217884,0.35399556940698307,6.834737093474286
0.49920141445615185,0.8450485866137809,0.7593182360308128,0.4493408862609717,0.2821602893524432,0.8543009809723642,0.8701850118635631,0.4536763006276535,0.6958458582916154,0.36926356390642034,8.108209066390522
0.14909768052336902,0.32148290284674674,0.6820843185755495,0.7694096635386289,0.8516553930696072,0.01771270007696446,0.4864061292244458,0.2739221103188535,0.6839595139680189,0.24533133544913233,4.9268663522097125
0.5662802066662194,0.7119626524610072,0.7700649196417539,0.2694682902527913,0.08783214644534298,0.2187133674831555,0.5991314137379927,0.04044918563019828,0.15886193477135602,0.9954747276474916,6.237478192214233
0.3823314366156124,0.49652627436073504,0.011007162594903641,0.5919077916956308,0.3252986844322048,0.5301932294743487,0.5261183434188222,0.967457449235239,0.2682569985241243,0.5704329205020269,3.4538983314469123
0.3815525964230063,0.42199980997396525,0.055559062576945206,0.6884530127052249,0.19528540793292226,0.46848891030971207,0.43426963454833367,0.4681411164433812,0.3755459959622296,0.24238541470650132,1.7004173285561643
0.4487140529357938,0.04621952496556092,0.24232255251362678,0.7848483715554443,0.8428203881777651,0.7153093381596562,0.632564031036691,0.8112657593161062,0.1278309245983711,0.5252541380373112,2.5296242615459015
0.11631564981645837,0.7778660751089865,0.5205563854048646,0.8100248851886407,0.7990634250738623,0.4662123768426548,0.4968742947828535,0.028267495196590442,0.5235132903771816,0.6774647760704352,8.594921974046377
0.23365569755656757,0.9865271705008026,0.9748288738814112,0.28283059480359674,0.7129732564636053,0.030001668161920292,0.6657527107652149,0.624016487561575,0.8221596595292482,0.30436508087773484,7.192899253829612
0.8780101528151453,0.8579750271245735,0.6696029602665675,0.4723348689552649,0.6184012414776516,0.7299587689598734,0.9752513897466861,0.12172819123694734,0.31307278090995616,0.7807163131767951,11.688520793635002
0.4091800224033796,0.6724799714636595,0.13311797434730221,0.7091616036885716,0.674063818702831,0.5858200668036114,0.7652379652166795,0.8801122324979529,0.829302606851927,0.12757409546115428,7.9144470397366415
0.7443933706174924,0.4497644411253475,0.3338818185008,0.8796495858033921,0.5596132346652518,0.5012347320326649,0.7845993525827615,0.5533085459508817,0.8580075853257553,0.10290095355820461,6.294928322842212
0.7761330644279153,0.16383458996447597,0.22523134537826028,0.17945152084029514,0.23842135202343895,0.7318306966873465,0.6553317123055559,0.22978129450734186,0.27017493677773075,0.09929411260959065,2.902185374553449
0.4144355222059064,0.3785851631071444,0.14581579125731814,0.834625040868871,0.8525950486632267,0.10904680147308332,0.2663659532571524,0.7360890009250691,0.8699666912730813,0.07167298856961257,4.839221454643245
0.9023703219043628,0.06163715474454834,0.6337839593840542,0.022075135328605944,0.9282650217444732,0.3536906493748979,0.6488030753959874,0.18462219908067823,0.32125541600414853,0.7472984822156299,7.121447663413894
0.9729958867387596,0.9920532906094193,0.809679516148199,0.8471930397041546,0.9694038601275696,0.04031668976892311,0.17015044698528692,0.05267777851972899,0.5011611532891078,0.9584892450045638,15.188595233623484
0.582436186899934,0.5554041158508431,0.8266863516619242,0.9289488818197383,0.6985552315253776,0.8953773705378261,0.17521627899508851,0.5034070318737301,0.36460503759349117,0.33252130318625983,7.989620669693705
0.21425029954278985,0.8939965828844857,0.45036921915051054,0.5302540242558096,0.2763106966932033,0.9628508931742792,0.6112100032911645,0.0006941788555714368,0.2678924648018882,0.9993475915738885,6.661673787538045
0.9747748238426426,0.54461647659615,0.5641172700841631,0.9015884966892124,0.708565940457061,0.9322163862731687,0.47913297437696223,0.9759007170426014,0.5395497848882312,0.6448389692477176,11.758809759394238
0.08256686092152832,0.6116300950913731,0.7677759464986229,0.439304346338914,0.5024382099278694,0.3933274211373854,0.9690415072729684,0.47662423632062323,0.12621134420267244,0.028872182838650118,7.6454902568816046
0.7724691970697619,0.5476728484366619,0.0027705053658392265,0.3825226373647218,0.9140492701598564,0.9477549260522014,0.0535592483456615,0.12342241369858709,0.004870345033788692,0.8686737122609532,7.396969344041657
0.07088622582551907,0.10790015221989602,0.22762264957473266,0.9172495516453347,0.688234007286482,0.616881359767449,0.7846569056731458,0.6932844976425228,0.7459268206811841,0.07365643869796379,3.477786157233146
0.5897652964409968,0.7532072872558788,0.5656586203332957,0.011794873364524117,0.2111198894828793,0.9628999970669907,0.7046946409211439,0.6885049008802295,0.6602524418183088,0.1278080001832259,8.300071003443346
0.004082780991943702,0.4406523180717622,0.44432440484531044,0.8118054511680517,0.181567516357379,0.2751111630991738,0.07824233168936845,0.3998750352879641,0.2559897484926612,0.26289584415213596,3.800269910542425
0.2540530871186176,0.23151850914884342,0.31979303029129846,0.5366901647818978,0.4377102771450807,0.06344696122562477,0.4258598637597716,0.8462782545125855,0.10070411746721442,0.9443615993316552,1.716267549201852
0.3085903707649874,0.014535629401502659,0.2531555790643172,0.06965962055470343,0.566381346056672,0.31632512755054965,0.8068766139246706,0.732625088123752,0.46859645948677586,0.5606016108413044,1.143360041377512
0.6087696009810202,0.270704687395495,0.1393763731941875,0.37651881605435666,0.0948575461139799,0.31486337540538856,0.5526021607777161,0.5401125241314673,0.12061337443925568,0.008339100004007838,1.6579850033313424
0.08894356194064812,0.036150041950867684,0.40046888940728487,0.3897501861724948,0.24161536530458372,0.2154444596648596,0.39641991645840646,0.08657357822274692,0.21430912499521626,0.4056919048545585,1.9097000589381412
0.09482991424357867,0.8408136728046105,0.6760184979567729,0.38311924884647774,0.15039830922887454,0.19418731186873428,0.120089584747744,0.1600838272735332,0.42251413897015533,0.2456646652813097,6.81725362900881
0.8845784768612241,0.9609287300341999,0.6913650434911426,0.8087611094468826,0.2551195355791215,0.6650239741581233,0.057998652936127826,0.9602160853089958,0.6702069653069417,0.31685117147298314,11.16044896069367
0.7730415587839066,0.015799449203989124,0.3762362353904112,0.8956577629644202,0.2631995630782321,0.6679143120790633,0.3601036823996926,0.39236433568669404,0.7459370501544841,0.9102059981969132,5.617874071342427
0.16671852296540957,0.2768921087555468,0.4877851826226335,0.6138160659076112,0.4677871127874008,0.805528694932143,0.7680948846147487,0.4052429220355944,0.04061187266053834,0.19449637881737936,2.9381165523572115
0.4869526492092453,0.9275137566620668,0.5675694868517948,0.5303949064433701,0.7239700433030081,0.15229494815642697,0.1469184681387372,0.34539517446933343,0.994852631546434,0.8759418324993999,9.236827089299275
0.6801139004348062,0.39115492286297115,0.5546739551767418,0.30355411790905473,0.6743070121860527,0.4188456615574807,0.1202158942422169,0.21508795409805959,0.6086927913367812,0.6945647026910096,2.9333420053395667
0.09602166463416117,0.8083409770721461,0.8243473859149233,0.7230819142770252,0.6835885344460908,0.23186858602393534,0.9196219624135762,0.26857355516901815,0.1825046393174582,0.638534036703949,6.514390816447816
0.364104294945478,0.9330280846619458,0.4602496084583505,0.16371854305115385,0.9575286473948509,0.5154339136926651,0.5185589248179294,0.38580268884436164,0.8359937750282052,0.2876436206860091,8.095386767760045
0.013709707890285916,0.49727792691008565,0.9258869116422722,0.2732666865443749,0.2663054366934511,0.7380998794440522,0.7755333340641825,0.43555653768514746,0.8336432711230359,0.17193308400368335,6.564441136578921
0.36702537336094687,0.40427791531677215,0.3127958932062934,0.217737549019144,0.33814952894229255,0.018003183535757694,0.7033500347600685,0.683959234530312,0.45021811221033325,0.32291558386568353,3.8990651404721817
0.43409353590244903,0.9365208159889201,0.6035648488992342,0.7313573158180791,0.22951674531129695,0.09475797232522809,0.08318493470911681,0.4720188535785844,0.7166863379110326,0.7741203825940546,8.706678936272976
0.7204098069900097,0.9127624876481703,0.05200244589218617,0.8553394885648304,0.6606765956039722,0.17552011200263062,0.6823807348376275,0.5117595601375713,0.35904124653420155,0.2479581591658644,8.31320178806205
0.46415438724473257,0.23913264518920951,0.08284708396413343,0.8461200584199875,0.5928369818561928,0.36366965838833054,0.4466799806327548,0.8648273676096885,0.31984350550585794,0.380173047455005,2.936964116879534
0.7660804107817271,0.2005226109132312,0.6592625523366125,0.4343238054592893,0.5001585655968087,0.7868801556208002,0.9931323563149353,0.8315119240194704,0.16054396636260415,0.22455183524038846,3.8964456534345167
0.40993047713908326,0.7192265199010264,0.5093711653202315,0.9018006752554875,0.048675480372783464,0.2585169788129974,0.21927159243081729,0.7441709475093803,0.46477154818928856,0.015013040702665736,7.994173797981147
0.7734367524288334,0.36180315610267166,0.2604603584622812,0.18271768207975303,0.9460121867255691,0.9420380276394675,0.07655288818171668,0.23276735965292006,0.6461193220828464,0.6704246583783142,3.099204747464259
0.41767174384431405,0.5685098578122143,0.702630583209661,0.950509204068366,0.7251094012667809,0.11027063095588441,0.7178466141728084,0.06772632853914085,0.502507237007739,0.5268952409228921,10.921363892882145
0.7782647057060723,0.01155864940523299,0.8747520671002689,0.66388472970803,0.031190849982187796,0.16003027594277963,0.03951752997685254,0.765939600451406,0.1709050924086637,0.04559998366652229,5.200369944051207
0.13798773182496038,0.5595570039209465,0.4954865252659869,0.24625735299092033,0.9429352807341291,0.8548088656853123,0.3144609396218975,0.4745719319715579,0.5168231922751969,0.7561757749144309,6.087919879375116
0.42794655484079414,0.5464707653246482,0.4125655642792495,0.7628208112311101,0.5559339860880038,0.8277806101438382,0.05373578872971818,0.9043063607580546,0.8193904449770228,0.8185046961446021,8.247394399868405
0.1403088393250692,0.26347287484758564,0.9802616256852469,0.9502750597321508,0.22654467318942717,0.4329026701564155,0.15594310752126428,0.26263817189107685,0.1847284932457015,0.08093703153521126,4.912113081009646
0.5794788658980673,0.24078569274668993,0.9922404529659856,0.5154397509302787,0.3590943204385595,0.9131621714028072,0.6207461770475181,0.12707881916717179,0.49782045651236084,0.4410791507624586,5.045153561825874
0.7651320684082408,0.693777671702166,0.37079131943101884,0.4694793209774957,0.5187880634736741,0.4224609313451799,0.10772137403191462,0.9054458797558713,0.6725599912944669,0.4697202487048828,6.035933896843698
0.5695869458205721,0.2131636172651804,0.5305563327785804,0.7460277776968159,0.5336743645135117,0.48066537265662046,0.4623856704923678,0.7616227932166986,0.7533396695873253,0.7500702279430633,3.2965339040607375
0.2461699979122176,0.6178949678652359,0.7789073130097965,0.5618942693636888,0.7789773484349451,0.8544033983185264,0.17389005956056558,0.30634082555287645,0.6013096439545624,0.28967838634670295,8.72296057000119
0.9413853777708665,0.1941342399319208,0.35694797788978605,0.9943063025681635,0.18918174607289706,0.44881770805770405,0.31378229874360375,0.8097991905492525,0.30414723954659595,0.16142895454191408,9.248980079740397
0.9331351303632203,0.31740237618157563,0.7417475305655892,0.29056772525034835,0.17858163148137451,0.8024121825654977,0.0555819873032265,0.3319728570355365,0.7800816675817673,0.5121375215935554,6.373459571864127
0.6895738175449045,0.06681690722218459,0.7498099909656244,0.17194040559928125,0.8087040361478551,0.5641747201982675,0.7391618180432623,0.2128326915152432,0.3954255064387836,0.80206933245506,5.176738729290418
0.9108044943040237,0.22657219529688521,0.7933936599698136,0.1085551783633818,0.42574866152098756,0.9387196665134054,0.9451364856875041,0.2966822020394272,0.19291340658192246,0.14948637046353408,9.569753227434646
0.4808752535709606,0.09207682621613289,0.3568530524551109,0.01701111659514354,0.25939811098426846,0.900276901895733,0.4469783933328958,0.07374544573287922,0.646836787860899,0.9556335606911648,2.6164141835833306
0.46340762480566844,0.6242878605077123,0.9194180068275628,0.4190994238959609,0.6645868057777861,0.44070427427808423,0.9621309765256947,0.5038015729721517,0.8856528947594307,0.5071984984450041,9.567958745256968
0.6683860827949325,0.38614148719151486,0.9175550667262246,0.6469421469883938,0.019912329883577606,0.015641173516239837,0.6761775183937343,0.11426886226770205,0.7161644126998665,0.32201677978431886,5.121637349427099
0.5389196780915415,0.17439958753360685,0.24622179840464442,0.4369177513445669,0.6654775772220369,0.15573163663758383,0.2812831357866459,0.20696240189090065,0.8626743087804526,0.6480064934624925,4.699659804814381
0.4684957368580682,0.9469430542162831,0.7358262953931008,0.9322261136799398,0.5975929602257527,0.13805691129120923,0.6754271064452233,0.2014911606568517,0.34596859166773586,0.5096179338129021,8.628107649928866
0.15736598206170072,0.020781382849448304,0.32708593987069823,0.8243157690884519,0.01537996120827212,0.10943393319461348,0.8068548567367182,0.3058517029500242,0.9382135144809826,0.38024414299229825,1.9651999235317013
0.7967039290844493,0.25878984126215465,0.06183123841550697,0.8815544857142511,0.9272964756495756,0.7080996579892183,0.7700678235961453,0.0071276200919007104,0.7538235176598058,0.4721963868888269,6.808274245396843
0.4527904546142578,0.5400699204704211,0.2712102162095493,0.6962885548109021,0.2955888720270078,0.5586066379673802,0.13692722881153496,0.6750756351168009,0.18961276455496545,0.17041398574808586,5.237707483461229
0.024283162369366673,0.12178577576981464,0.23257024507893276,0.22230936068942608,0.3276714292783325,0.05441641807711983,0.9351980185199333,0.1191758793476847,0.701963878962005,0.5350731698495342,1.578600118847571
0.5527888049141447,0.10551682552076647,0.24321494216145978,0.7798812944685589,0.46368645827125554,0.45706781728705737,0.5459117959561344,0.4338058885092322,0.8061359310614362,0.7487051978887123,5.293402397307979
0.3170042168611793,0.8120811131217027,0.5186064301279183,0.6277368332366271,0.8661758318928157,0.47599324924540565,0.7562603625528578,0.6280873591050443,0.42674494129754936,0.7890483663779525,7.110955978852761
0.10515911787021925,0.581220217308148,0.04641075737245548,0.1561691277546733,0.5988736374111326,0.30760669659944995,0.26247498874634556,0.9558386920694534,0.36590562288877293,0.5647414702258063,4.307535244410865
0.5342487712778687,0.062018423137983336,0.6742757383605031,0.512901319670872,0.3814171167982614,0.06601681606626042,0.2930139849867145,0.8840953758059993,0.1737113733074691,0.2193336397516209,3.667857175454058
0.2052940310697714,0.8908048192568335,0.6999954827183268,0.8818430630548021,0.9137464998768331,0.9279675351598897,0.48571561283404463,0.4762238510585629,0.8289228402567668,0.33192667415197996,8.674395517951519
0.022211129519923656,0.3315477170153205,0.716350330405344,0.12361405161206929,0.7847808578989094,0.815474317446249,0.10091236603434262,0.09783928644943185,0.19881214653295043,0.3563893932541987,3.46270095669035
0.5327335685966218,0.48554199805410736,0.8531684871920532,0.14223198707676998,0.6975727221985694,0.5488865852183967,0.736824823162222,0.3419464268291038,0.47137962872787786,0.028592989186067452,7.436751265628862
0.1161059090769796,0.37499561196183173,0.48125474111512123,0.08574689306431305,0.8249882491273057,0.9460523623335819,0.5963974778466019,0.05340192121671372,0.7388262242378112,0.21716371228567544,4.545054990840322
0.7336516921027629,0.43434601513412974,0.05342665624479859,0.27874893915616095,0.4270299601242763,0.7362503416434524,0.1330692818300303,0.2870016773280005,0.08353728090385792,0.6158069879694748,4.029945717465559
0.47427149892779785,0.9290049453730386,0.7405530031734158,0.7778873625609608,0.16439257535675078,0.26662252051269,0.5131395433859427,0.013484500884021977,0.8701281436025357,0.7777403819938509,7.881136548964554
0.05793968519521586,0.8490339119731114,0.00448811481815814,0.11421931853818779,0.05536455295769016,0.4791599318407075,0.7840497799188944,0.17853916183849006,0.7714864611358258,0.18492478216061792,5.097671445764789
0.9905363395376637,0.8534745343000616,0.7371867738230871,0.5916884230915417,0.24254819693828733,0.11926762198228025,0.4603067520048578,0.4026602542386569,0.6744809230266529,0.17008975134011417,12.89634944100963
0.5621284670341204,0.6933502141503236,0.29896625870661053,0.7800142710819632,0.43184287352130235,0.16263109587770008,0.19477004696809974,0.2788984119033826,0.15812626936165153,0.5629195667366262,7.792063581247604
0.9491411741951696,0.8960730792338101,0.32375398398344046,0.8646693217305892,0.9540229614500529,0.2941671403331172,0.9052848799681018,0.9974290643408749,0.797671809497841,0.3902233199791548,11.076138016555403
0.608541604594226,0.36418664913562826,0.9959612833537467,0.06785323770460527,0.893080325069653,0.074548133242472,0.04219782282403395,0.9399395165335463,0.8672819374552915,0.36156174528279905,3.788296974788617
0.9575321883179834,0.861856877663604,0.9019828757554713,0.5951154862586242,0.9583285362176073,0.8095822077385403,0.9399528604370613,0.2815109354140355,0.5320975673330217,0.8676628291486751,13.439559687480987
0.5797290408667019,0.8010983600506613,0.9730969676234474,0.804562834113487,0.315359620611677,0.11869938961420745,0.27274682578122067,0.6627911215994915,0.010944361314822681,0.18971872709583348,8.781106471591446
0.3269026451445599,0.8752249436281742,0.05100414838744938,0.04993615982387678,0.5517825483693102,0.1777662522056952,0.2422151801589042,0.18423610097934773,0.5816071375969297,0.05554774960666953,4.6419316215297375
0.9400000286295577,0.12313838541282829,0.9515955021621139,0.7781290304642634,0.8280158862261121,0.17280823448560156,0.6696470869545915,0.8170721512964564,0.5580355400503813,0.5510747079043932,11.018696974900587
0.15941333650085454,0.41423249960356623,0.1505399601266335,0.9728577587102688,0.6848500086304599,0.048421925730864124,0.4767679134133812,0.6379641500339375,0.0956403808313977,0.6649885753298778,3.8111163471848535
0.17730524582110752,0.4078794048602129,0.6255540552717033,0.3650541210535889,0.38088419745413526,0.8436152997646714,0.30926484167015056,0.6551943239238213,0.849152660246981,0.15264918280132556,4.845052953556336
0.045927979002509334,0.8255340437806525,0.5511307916291835,0.8277012989039136,0.2130356339900955,0.8326322229183856,0.09531041391479922,0.8832030341481735,0.8225336628857866,0.5673347329465791,7.932199529268297
0.6083398929991,0.34584419675811706,0.20161615436012847,0.4554380922149268,0.6574521147910246,0.9984648598946629,0.81725306590194,0.43430783666038053,0.7432478528619959,0.10804750268884866,4.071960464109703
0.4150360469545875,0.42492458204275585,0.9988238112132406,0.3910149639426913,0.0832816028997646,0.06722795141592464,0.6983843849314885,0.28909308959640967,0.8689134476571722,0.4829476936536209,4.566555683573471
0.33037238460407203,0.7591144997538712,0.41753251147783244,0.7373833274759604,0.7140919310178846,0.7232114389413725,0.8571218722868712,0.848399397502638,0.6646082503659578,0.9569618719323132,8.94693261924411
0.020727488989460308,0.9304229109365174,0.14825342033340905,0.21164306869159666,0.8173990490178854,0.40043548267608464,0.42531044222764525,0.26122696110903,0.22444119491544035,0.10624045482499866,6.10418802296502
0.19677122046261775,0.566746347446833,0.7066088822241176,0.7388392763085787,0.370123195540042,0.9219547763171375,0.3287280566471915,0.11113664339848672,0.9452227690121288,0.5406771412477864,7.0895425652004995
0.9713762221157647,0.39366655318310717,0.7573932834027498,0.10993672673457233,0.8540791315932174,0.17069980545112995,0.06867907290784758,0.09775327175316417,0.5573755928763429,0.2918735405623888,8.95171091228076
0.9609543230755714,0.8526765924120572,0.8033077478272528,0.8096384662616917,0.8906773277845262,0.8652101099563704,0.9282075631059327,0.9343663229817036,0.29832132555804225,0.21956416973660497,12.871522117154862
0.6430981311521917,0.123331214925395,0.21114511373252998,0.7729566723522449,0.649335427758123,0.6508519552883159,0.9506384961859669,0.6676244613727844,0.4308071478953952,0.28033243404693065,3.8468527896892226
0.3385553822540144,0.2778134839836728,0.03498806508071095,0.2615740222827303,0.8353700679620378,0.7282289927772997,0.6218382488876297,0.9022053661553857,0.26412504205773546,0.5776844407878399,1.842047341345186
0.03132642436005317,0.8920065454614013,0.4477369461516445,0.17787142993123617,0.23931661770525825,0.8482390783296475,0.10880616329778392,0.9252027440280625,0.3734626557914974,0.25108526486235105,5.52435705744892
0.3318586937448189,0.40898321982143426,0.5481131289020319,0.5868074942897048,0.44781927508636965,0.44636390790125846,0.2852997858078681,0.3838097597433485,0.4671383377594607,0.5975880235625632,5.759203851580708
0.13069987900543634,0.7639737946224304,0.6805712306998642,0.29876784978359483,0.45934394225906183,0.9469289813292784,0.020477382140234313,0.8113515984638677,0.5117247049985317,0.6188124919542186,6.831807643337002
0.6845325602172624,0.45602018932103194,0.19185960190220752,0.9095905649474766,0.740190756149783,0.5595896982706476,0.4484563893258351,0.4993316283558479,0.8235382080304637,0.012503406860986055,7.936321869275083
0.865334994085471,0.04675197313731183,0.6159130664662883,0.3331225724836696,0.678236279375819,0.08554291592996288,0.556232545412449,0.855234217493191,0.49463785997049536,0.08434660185123666,6.445914221682669
0.03737842475507569,0.6212013488102055,0.06953057612414115,0.07128887210811641,0.42543950601072855,0.20950831858953167,0.20419589410671013,0.4809762149456699,0.2808017273214275,0.2192664942115845,4.3329712219612375
0.5144144882894499,0.2908837392389646,0.08022043531638945,0.6827390706070622,0.5856080205370945,0.21211713909193053,0.5822463994478725,0.9555896609734708,0.956478550717304,0.5319424103245269,2.53021522413238
0.09802971603291089,0.4581855287065817,0.02698338365163211,0.4152012799751491,0.9094188350372621,0.4674436907406102,0.5504873806392211,0.15803650252481594,0.015650652232143236,0.9933839887655749,3.600459610610714
0.33825727599616595,0.27934998249551546,0.5712816532238703,0.7453185330222183,0.25140779799699997,0.5241238498885746,0.33263562553531034,0.4809655076830037,0.16130991377323012,0.5101182798776449,4.784890164112834
0.047347002733202026,0.8399973337741988,0.6276596466245299,0.9414904308480029,0.5997319144454286,0.18216608423243796,0.48405075971719336,0.6646954268241627,0.3742233415152789,0.5526496803435799,5.9441559344213175
0.16268851112319915,0.7771241584188472,0.9095299689360541,0.31487657823098647,0.7933313883855585,0.09194552677390466,0.24670449027101404,0.46187006645542816,0.38640712412950906,0.6196257858927499,8.332650331505771
0.562984995992173,0.0872719850418815,0.1316944058870061,0.051711627361090806,0.9526067161621921,0.6453442444845857,0.8555843954190157,0.5412638824270182,0.19383818727885893,0.6266008797459321,0.4146736273278211
0.5053389300922474,0.4081923354558905,0.3718052812450511,0.6500765194840603,0.6177616529946296,0.15156595803891315,0.81622205383446,0.6360912449775816,0.5358084664073437,0.7489175202765641,5.320038881687857
0.15366636672281764,0.9197161658267828,0.2705872046339892,0.2627573730611178,0.8149025513261611,0.3339912051558813,0.8307082212769569,0.32800987490248634,0.550687983978904,0.23084494278710976,7.335864553617827
0.7315203705938405,0.16694110381430005,0.8994314860954712,0.3716488304234865,0.4715744816412769,0.02402189383677167,0.9757899660856878,0.813175319768353,0.44700890726796205,0.9202613390774264,5.824691337462959
0.9310596358226887,0.5330521216282699,0.2338507914733705,0.4871103346434529,0.3247986070941764,0.44798562901059724,0.9113920307880753,0.28183458592907706,0.8389667946854403,0.9353010541718577,8.99091070980863
0.8050527875450753,0.5272533436388768,0.5639773121203394,0.819634995719953,0.04450081347360313,0.7359299907868354,0.5288674881796421,0.3971374429284489,0.766927680682827,0.26624722768987485,6.981238981866367
0.8955337277145653,0.6884877783140381,0.6101555896352644,0.5231202941988491,0.212757658630509,0.6169449595305447,0.7249139803524669,0.011689717863559324,0.36641914766720185,0.8324640972876539,10.04704770460383
0.6322107934367825,0.6152704384238086,0.22861268512263366,0.6320887334765307,0.7861500672955101,0.40175638486251175,0.18209214534304685,0.07727425829522794,0.5056956664484349,0.6838585931499565,7.015180763367975
0.16263926092975578,0.4214436249546587,0.5686432091443747,0.1558584239033678,0.2698899531093465,0.6084133860861324,0.7250239406185391,0.6359934043418971,0.7136342123503726,0.5815044788750149,2.7184151793425695
0.8358329113838208,0.8267359708714761,0.7962475338544346,0.575458122131831,0.9941302019380817,0.039112013818597746,0.19565309990488744,0.8088772930153707,0.826292518921524,0.8187528212410645,12.231493020498855
0.872713936059417,0.42260793607617086,0.9318335219365337,0.209170478324485,0.9369484890451079,0.5566785196251149,0.16388407215584788,0.7360771069630337,0.29587926530253505,0.2204575831355009,9.415489378549978
0.17207526969329545,0.029405314036131003,0.7646540134633554,0.4865042728662444,0.9787321469668078,0.4392715708882978,0.8433505485365966,0.968094633034968,0.02246206962439079,0.10531889064984357,5.055637055075238
0.3478637697818233,0.870116187772296,0.8379504467636631,0.3667350240852151,0.19990403074110918,0.8023208818159056,0.5969145890621811,0.03160046733992883,0.8042159327204306,0.956960866359293,7.523450686982994
0.042086991649347594,0.28587360281501906,0.8194649758479372,0.5846496826863526,0.9893562246604741,0.9155030040013848,0.1782715463258302,0.6740282646394133,0.6532869800752866,0.11085727955518776,4.043700602396073
0.08951893664500477,0.5694441170406772,0.40297313018379344,0.5454459152092676,0.2388284549093096,0.5566630351737095,0.38339530180422543,0.8875375179937234,0.3060866626622303,0.870834554126059,5.973876174367913
0.3899923627535231,0.578165888621955,0.2863770402097462,0.8090889502596911,0.8436465540097741,0.8090503772174257,0.6398364724874087,0.30478409730837486,0.6364882997680371,0.9595116774169103,7.40066107584906
0.6483853537826265,0.9563930075226449,0.3045804527421032,0.8460010706679064,0.7184684836356346,0.819204086633173,0.7107629667221267,0.4803628651706435,0.6865749800288384,0.9320899127098419,8.440501389664723
0.4175411838304244,0.9517452922729608,0.0493999865925564,0.01417268193799115,0.49380285272585867,0.8485129521578092,0.2478353593303696,0.6934238558478305,0.546904970873308,0.29079510898186156,4.542109816697595
0.2857933937221768,0.07327620077727193,0.5362140230741099,0.4501409133320443,0.28942301829800854,0.970432358370027,0.818474749048009,0.5249508423024674,0.5217042482234485,0.19361168488586467,3.728059260665626
