x1,x2,x3,x4,x5,x6,x7,x8,x9,x10,target
0.2727864706808315,0.25646279180623477,0.25123138181446214,0.6161456264079193,0.8149993898456,0.45226101007524055,0.37924889064108236,0.9735795542016493,0.1167540360116388,0.4866326820448925,3.1291904539445055
0.4084877531814344,0.09812659658689038,0.2682003620882192,0.02844121257911203,0.876954288982957,0.6078495289904011,0.8150184978702507,0.5215544524029898,0.5995098294218943,0.7008544778091649,2.2521378952963933
0.9080116274642149,0.09175188782584576,0.3309483947357269,0.7090261907000005,0.9583505630013928,0.9808074284900055,0.6381030091372624,0.19359847775486727,0.11920891141395673,0.9460436442804254,7.149393124265971
0.4339276894625075,0.19481603326268482,0.9338925157776011,0.10452427156431188,0.7295710968570751,0.6252630275433342,0.08773466438089184,0.33874879563944216,0.14993068954001065,0.6044985925331613,4.316511627141501
0.4771130316774288,0.004275124660490959,0.9757105662839081,0.3495846498895404,0.25820439283705,0.22244295579410267,0.15881589617356784,0.9991370762165098,0.29510946788160486,0.40551349722428165,4.558967587621124
0.8713559161780889,0.6418875035428782,0.3686944117452725,0.898328435923853,0.7497242022136001,0.22790050754169966,0.6437389945999205,0.9223984982924015,0.49646087845041253,0.7336124028316672,10.694817422923055
0.9711037439891592,0.6904141408952129,0.10243868976608062,0.24455955093128934,0.5950964373426489,0.2755558153719061,0.9575417053891399,0.4053520340221738,0.45723040573236506,0.7016020934701173,10.168560760561288
0.5242497313418741,0.38214596688876834,0.07663787515457876,0.5964455895078639,0.8675800307940347,0.6857624417600562,0.3814950100469522,0.1277260646231294,0.8163381869042439,0.9417483622312047,3.450573199001648
0.38827299079626476,0.7286421891840615,0.4107634398907557,0.5022669388521994,0.8364763806164097,0.08342434221115358,0.5303353487867051,0.21462027467122247,0.3398059454957624,0.6444288246422742,7.505014790029128
0.027228412336848362,0.5938250989731627,0.2834422394537497,0.6694843608080722,0.1415813519130542,0.7358116038161786,0.6456397197629782,0.9712418328803512,0.911235363258148,0.2833028631997023,5.911218676615135
0.02731657272543697,0.6553685611117578,0.6028873890046725,0.027428768766446066,0.12267752920259267,0.5847017045359856,0.9118272640434919,0.9065002765134069,0.15148505461207484,0.38457394640524956,5.926526283704683
0.04320286435217402,0.46927184636292907,0.7530834596732057,0.7899727113656114,0.49898946659657295,0.09586967470821839,0.3813639751815664,0.9321019599743644,0.22961255651971468,0.3197544499127265,5.861125479146959
0.7468271754630709,0.7335807888859381,0.9122022880249324,0.3881186907203754,0.5145987238742912,0.4673924612204776,0.9277521710224531,0.7693305888246348,0.8314417798338483,0.1330982688294109,9.973585008157139
0.7918466928681599,0.43297876605749697,0.023338682830647106,0.06008835274328461,0.6779079397348445,0.3720124411459699,0.8681155732234804,0.7342731338758665,0.021680011666961763,0.686888311836002,4.0723967273852235
0.19235247273235623,0.4225825687039121,0.6247352021229627,0.8727178412956929,0.4560978883919392,0.8084904541911344,0.7829656628006328,0.4145385128512583,0.5009801634329029,0.7004850100498131,4.992888014049334
0.031148434646939727,0.890811413799246,0.7698161594376934,0.2494158814023304,0.9811799531889756,0.17939035258961877,0.9140866737044018,0.32447345832311114,0.7631467101641358,0.4563765932479451,7.901117105940596
0.7364673874500022,0.15578304793936626,0.2695064583864828,0.09985782447202562,0.8651439814378031,0.2962929877694993,0.6944762294166634,0.8202211977415281,0.9014182363793459,0.10629711531171782,3.7801896175807395
0.8930149335126125,0.19725277773071948,0.7369020115909616,0.7288490193646112,0.008503141740954234,0.22062390831025425,0.4919085146648673,0.42003470666328213,0.9185734798846096,0.35974086950252315,7.245252505331946
0.9369837148359623,0.4594293183925311,0.9643528966401658,0.7373548100248611,0.829334591632156,0.104876888349001,0.5861414332423678,0.1427003598293508,0.2976210020509741,0.6235654061672681,10.670796325426034
0.7262257046938908,0.039183782011250834,0.5309437310723647,0.5653139862898864,0.07882799711020116,0.5006880342007636,0.7138422800498265,0.05322728487553097,0.760267776323962,0.5764265049041368,4.629031606910486
0.8332272082717909,0.21806257285406994,0.8332736842131184,0.09456097526746798,0.40382969644467137,0.19948479152464849,0.8760208322908741,0.7049198163017738,0.025361777160728183,0.00952335561395612,5.908924329638358
0.2912492544816697,0.1432831142805654,0.6303044775601958,0.6637969338825598,0.9419509036613675,0.9520399245458409,0.6588967054113456,0.005675112852708719,0.35899791656961433,0.5131415132472662,4.484236010441825
0.4991797565084659,0.6033406295022267,0.9605514828047604,0.8851926919551538,0.10890803345048827,0.26598039139339325,0.8331094174196363,0.824306908819207,0.27537072412167096,0.7305880306861195,9.047974901130043
0.6720373787178573,0.4735239649699615,0.20145495267902935,0.8886431808940862,0.6778511843068348,0.1689929248783747,0.7048023448408608,0.7414337195769799,0.8868802851210407,0.22283925524193493,6.012461177956764
0.9887541054134066,0.15339342252692123,0.6006888918595831,0.6571765052734785,0.41895289526586055,0.47503770877038654,0.8909100967221374,0.6452742296654619,0.49700095823468626,0.1283495624335247,8.758927558271829
0.007337625223134636,0.12496861815183347,0.9561845674765054,0.7640867829913307,0.9671163275102478,0.03570870970817186,0.6802204038586392,0.04429352640341799,0.7820564688688232,0.38095017273519427,5.469031871090185
0.09576536010649483,0.5680466417875153,0.2801201966013881,0.6595739418718185,0.6581747595137903,0.7050074741207528,0.992465078777759,0.3866977099474054,0.4653154744851009,0.8046117010253409,6.148005112232606
0.5783700230218853,0.037257210687799636,0.8430785202598565,0.05149868193804097,0.1708201364917843,0.1020799669741872,0.07792713288112019,0.025684875304710197,0.05502771397236739,0.44243918917881,3.8143901746266806
0.2528522699826139,0.12653688341881875,0.658705542726526,0.2261119106342585,0.018949155344809454,0.4184197837673277,0.3104329919783051,0.31860443134649274,0.4452700281815615,0.6689139272342777,2.724516951152417
0.616479120037994,0.9372616097888755,0.5177166663025214,0.4725699097250722,0.21341443521689696,0.7553812888481568,0.14077577621428472,0.4911328898204841,0.42132219838744445,0.6583008784044032,7.888494289562834
0.9176214699566588,0.9465955914982225,0.1677992671631584,0.2618172182671782,0.8116353199647066,0.5182797624491928,0.45303456835573186,0.7106254523807058,0.6019249526069718,0.9707140544213346,9.765237427260447
0.583974652288267,0.46597382634725326,0.5428173620781757,0.8085398166969733,0.6126750567852208,0.6470480913867177,0.971438880036592,0.6183954844254573,0.3802852483345398,0.6913260270127966,6.236659316648447
0.6594593969773114,0.013847635506381906,0.4673292967858331,0.7429036028823993,0.49904145772112896,0.7796211359353894,0.4508836964276144,0.9833215976372357,0.2928915892038887,0.09212260814607354,4.785369491039382
0.4300118011540973,0.541709024873919,0.3490937316824615,0.24228116011795897,0.672058691385489,0.3771250998562521,0.6313685291006369,0.7790714485987759,0.7610026277600237,0.3753093106356913,5.551334006258708
0.5678982289501747,0.4496582244427424,0.8708052527096602,0.8787584797999992,0.3437415828880368,0.09173744787873073,0.16758248332401948,0.36700174213088377,0.5642499547629907,0.6567870109644293,6.7535558689690225
0.3313710462860002,0.6674991196239858,0.937739983673756,0.6520141271689505,0.15856522944435125,0.5796689129776276,0.5418955167669828,0.8707001108984207,0.35030305521297433,0.42294561005667997,8.516631210856922
0.5986590554864937,0.5244253117420254,0.7190165924051742,0.040388990912495815,0.5635160192069598,0.12167189300387526,0.31520899251972134,0.6616268615323904,0.1574142005921777,0.30884183550462885,6.376782563207869
0.703006482835312,0.6508052425268339,0.09103966920973805,0.5772684934923239,0.14725446191863945,0.2522713787144927,0.4592112786357787,0.10934682329818912,0.9936469679185668,0.16536956105400114,7.052456385197543
0.7813126284286044,0.829838845023225,0.9944639698960014,0.4286532178522684,0.8740945201393401,0.957539439016851,0.17289414489466715,0.4794360890595326,0.06001081885608772,0.6207240120242016,10.985901014165115
0.5814061568565664,0.20412628466319716,0.7979027588941261,0.037268722763539874,0.806227324127557,0.02664529116386738,0.6568288121363502,0.07876951391490128,0.25122551931232295,0.7219133493118358,4.308519094476029
0.2804047996253868,0.5111738487177347,0.9152482695201144,0.04963435403657834,0.8110797937356735,0.06527199856848953,0.12679484433667665,0.11931910388921085,0.9941022832107261,0.1801863193315334,6.185626916247095
0.8967618462562682,0.9909321629465542,0.38378477041229797,0.6310485435286854,0.7790912537636125,0.3926450818362083,0.1618141404978073,0.4337627437925612,0.7718876450029446,0.7807627627484031,10.805049798306888
0.23053879217091333,0.17496563989074654,0.9205607021003497,0.04399903055831056,0.7347384757650869,0.046421385446754004,0.8379000508609878,0.905414813336102,0.297419124229099,0.07393564351669757,3.841889669923268
0.4806845363474286,0.2984630367454768,0.41713614281037903,0.6649854534886802,0.20982603594871696,0.35695156951408635,0.7825624902926737,0.6437619499528217,0.32627549115123866,0.6643016002599286,3.5449764151809506
0.7653129228919666,0.5924855809527875,0.2394968325010085,0.00024529051199306817,0.8028491069882814,0.8226335553161644,0.697604501394362,0.07658093136761379,0.5852222875080462,0.8210206712716073,7.113630086328278
0.38966832010816566,0.1980007342202541,0.5876272972414707,0.8263066273008779,0.048869958707065564,0.5969512171607357,0.6431737953393419,0.6023670393482796,0.6500336842370485,0.6313753076041545,3.949120027545741
0.13040388498034905,0.23493677694891535,0.6189940052890102,0.017693161136770774,0.6347445187232444,0.665386623785032,0.23917475986165848,0.5981328297531396,0.5340900607237645,0.2606915481531138,2.715429805440229
0.4629740118747546,0.9096245294121815,0.42660278045988287,0.6298441768795017,0.0353508210406942,0.0778001133220988,0.08130807330331846,0.7782407636264455,0.3502568948034527,0.22761168836581336,7.210929875267574
0.7473245684517227,0.16996006255617446,0.24649252507028063,0.43093144327002086,0.33143806901461326,0.5853922110366443,0.33784061907484764,0.3929516358588919,0.8628866082494859,0.8845314396280024,3.9253815859444323
0.8277111908134075,0.8648309327046326,0.569728669339117,0.646233214751384,0.5571731665549405,0.78558808405292,0.5510004857614442,0.11107696455078053,0.8095801204568599,0.7605851706775364,10.296943052510878
0.8203005952826253,0.19042946338976185,0.27161705271496706,0.29575169726353,0.5080805361856736,0.13387708416345978,0.38538175327486734,0.1821581610790296,0.26476271303273646,0.7063876345584273,4.583380724007381
0.8548111563172811,0.022905866597183855,0.5658969633550004,0.03605976206226713,0.08524924501155029,0.7050840346141091,0.7356081065021166,0.8139806731727988,0.47424151177030494,0.8598074820161882,4.9099800025627385
0.16683829164162434,0.24971641363500263,0.13450214760197132,0.7975372605818766,0.22867511838661891,0.15551124275829564,0.6231106875880562,0.0770820263606744,0.044900277220172535,0.10671764855245891,2.4487842453456556
0.00024088398716759496,0.6969901542217924,0.5622353217144787,0.20987510903772388,0.23300494797759586,0.8109685984700397,0.5018201158603004,0.6985283570817397,0.45275545127491557,0.23771802602079228,6.363234000842437
0.9704028006829069,0.5656475633753975,0.1309819037679124,0.40609004218390676,0.3293374119469007,0.21408746858852135,0.9334399892402595,0.8809199954597525,0.1991471165201164,0.35214788905551675,9.536719488979681
0.7623153916708216,0.20850604814021567,0.5915648626042445,0.6997939421248166,0.6539723257107664,0.7064086402755005,0.706699589028763,0.9648059198489284,0.3464988895203196,0.8785904243758396,5.94994988144471
0.02180706251510678,0.2882029633232832,0.048655781999131564,0.6512039599558402,0.10079037073161956,0.8457068636520463,0.6465916837902598,0.028815401053605694,0.714777365434623,0.8620349472569611,1.7153198405603542
0.6611210076621494,0.030524215935032184,0.8579195484604065,0.732463912934035,0.3784513124839842,0.32863025831550263,0.4798201814074401,0.8671017509378709,0.2520593518695575,0.10096381124120113,5.825090172662038
0.8646363729610499,0.026289848880722944,0.9109970222440645,0.3057451943014007,0.5082227016882677,0.13229552475222806,0.9022549693766853,0.7498362233844047,0.9241555866080342,0.6832290511181625,7.030084575280805
0.18469377674232612,0.3082670029862493,0.48684857510347335,0.6072582053602069,0.9264594373362737,0.38395146578913897,0.7030720219071459,0.9610088489108218,0.152374063415453,0.8627095887795482,3.8954650587766504
0.42070607039319863,0.7324217759293368,0.2935383387370837,0.33398421826600155,0.02713322486806613,0.9714041531669596,0.8134525752307844,0.09391795792622049,0.9995087956637745,0.6050245972029414,6.075846873610329
0.853728637964383,0.06666076327786896,0.3894511784919237,0.6696511223036099,0.10643371869970153,0.48890283865400064,0.44267787454414154,0.21604022447357973,0.3002698358518022,0.9671183544949824,5.6562132745413445
0.288648486009936,0.21342613396841104,0.5362091710683334,0.6709580340702979,0.7250931110695649,0.7542471844969162,0.036832491514753096,0.3937604003795633,0.7739580797830902,0.9048521018001294,4.005837398701825
0.6022001233327833,0.05230685350968567,0.3966458058551312,0.07422711586845465,0.7485378626845846,0.06350546928166523,0.18573106673517725,0.4169584239647742,0.462648367114872,0.4064817003150123,3.199507782139851
0.463396646606,0.7132391520201998,0.36926882295554153,0.5477504591506192,0.30336925752873223,0.35362749509048264,0.6137989590420808,0.49049465163702,0.7230362948592811,0.5605385880517497,7.089503242919774
0.8035740853838729,0.44340821299471656,0.4910336198668015,0.6699713489009396,0.22124394441204887,0.38592953693126086,0.6248412440117078,0.028876269265736387,0.43697143363394164,0.5988499363061168,6.4981548908994515
0.9673755319781978,0.8770165616176712,0.28074195294265814,0.5072101040289247,0.056414372660091305,0.24075441481780713,0.7748558680680901,0.12331401227534455,0.2576905248339566,0.944042501735808,10.702788965783618
0.823855800492458,0.781827712648912,0.8645574903021568,0.7496056865823539,0.12058621611823495,0.5165613264852313,0.444243920802322,0.3111515782703801,0.8340404097196055,0.4641392023742337,10.898143531090687
0.06029760135754969,0.27496558372026825,0.2286210580294451,0.8874788848112836,0.6474381006389999,0.5603762658820751,0.5066492416787051,0.6501130275414655,0.7548755467771248,0.5543847058315099,3.2794532422535365
0.9382854151526105,0.9768341706503846,0.995342316608823,0.6693911100886447,0.9326204667558784,0.4044796953079547,0.8595923912473853,0.9091742987396809,0.9041404723322756,0.8308462829083816,13.522628921598164
0.40659916164125043,0.15890748198073434,0.33395635634444587,0.767288569298093,0.23288551132997526,0.4782720648259724,0.565399517984672,0.6038585624378753,0.9357255483787986,0.6614930204143176,3.2822374600761672
0.7862988160773022,0.5818783478916334,0.8335803188619633,0.2636636130697628,0.20987767166878923,0.9263200487579697,0.6934808763573784,0.6715255770582211,0.4672952386284499,0.3766972592935105,8.909181247482783
0.5556911944786388,0.12056634942166711,0.45471256108310776,0.4553677044654809,0.5383365129442652,0.6346856143672023,0.9573183659853621,0.6521691270917569,0.8837251519534115,0.5563038614691638,3.738515421326424
0.6269278826274898,0.06983695310956961,0.13326372288441557,0.5796704351975396,0.39571286995802923,0.7988105198655018,0.543177874874176,0.8822910389513379,0.9723316784622913,0.147635185121485,3.183259079983762
0.39482775165562656,0.6649810252380308,0.3054887554003497,0.26703233772149515,0.8137385606288366,0.9803784690587429,0.7738033312474814,0.5236766228041135,0.4425112319453147,0.5396477205303649,6.607093853423206
0.46283970218773585,0.5028880567856681,0.20345305052922769,0.9037419493093276,0.7545350015232681,0.68097742269322,0.9499249709744731,0.284394331912838,0.08115941089361423,0.8261386603553317,5.866969851019031
0.9984169636492549,0.5784324380201994,0.058809387912681865,0.7804680401549412,0.07374904884584155,0.5400139862592812,0.27753247421052707,0.9150267805923954,0.451331213259485,0.8984633484785534,10.546828753819524
0.29908108525456756,0.38736258382135125,0.9471191882470805,0.20131445093163536,0.5785011516511451,0.38851032856011136,0.7741668850687273,0.1292963711713574,0.4372149690046685,0.6989326268452631,4.53373184346305
0.4070162350061598,0.05853173927537669,0.7051122613353439,0.5031983276849831,0.011308686680100544,0.612655895228373,0.9198810225287865,0.11102594821168899,0.590671235009169,0.7286688817626303,3.6430283212985937
0.07077367014030544,0.02261545816418631,0.4641958666449473,0.7911866872343638,0.16071941009932833,0.8366372722149229,0.6565772554235961,0.33217328778848565,0.5158257984924495,0.9655749797267384,3.2686889094882705
0.2164369706323388,0.4995353977440402,0.6244865561076207,0.13801460547566624,0.04352208862330964,0.013459952931471286,0.32469285660001623,0.07394729448486537,0.8037699525411146,0.997319527161746,4.421397287226181
0.061303821734464026,0.4327262759334396,0.025732122982574768,0.13399089075726323,0.32292256091067406,0.39369821305764985,0.9397829464286401,0.39583680875689586,0.4962776590574022,0.2455833682738664,1.6223352455505233
0.00012513875657549356,0.8993344567331352,0.08171475703630482,0.9642488410362291,0.13084410410026026,0.6048784807504403,0.999410587856637,0.13846459606967587,0.42394308493982424,0.7804236689714765,6.403176756335948
0.032190149849968264,0.6897827511400445,0.08037333789079948,0.23652014227322637,0.16007616249336043,0.9073364316469362,0.18045671678168085,0.0404340955151572,0.5876256784477621,0.346180925409702,4.9000804093443415
0.4057062206413664,0.11906274486254698,0.7482344914331945,0.601553649643518,0.36421704474828,0.17157494376313598,0.5934517391705604,0.7785972795073773,0.3123972838671949,0.025860383538597098,4.32072997345636
0.214343984752984,0.6823978188928292,0.9890963774569227,0.013376239408776525,0.30615356213210076,0.06202087044883886,0.31634928776303217,0.40591434312742125,0.920862091946255,0.08056079940497873,7.434359103036446
0.77713405306577,0.39553439606296337,0.8112628496669277,0.5134021853256213,0.03928203884341008,0.9462058847148388,0.08273406343452183,0.5976835025337561,0.8776677629335158,0.07976979775019388,6.179259749943821
0.5538933884160129,0.8242898755244522,0.9863247086457958,0.7243274008140212,0.27833437546329365,0.6995703298454095,0.7057667693076394,0.6999660121046174,0.8542604370931057,0.08738006251949093,9.596539332048016
0.10841984541543337,0.640617124225558,0.9538810960981878,0.46583863891924593,0.9605627016256751,0.938085259516154,0.9029097382343195,0.9098509748640853,0.898318793327986,0.8198893835391822,8.681532301723935
0.6949789586053303,0.024408178592608243,0.13225359215605248,0.13423205453146714,0.023540284279589874,0.11670176842363666,0.9197464335671063,0.663804286910786,0.31207301829542244,0.79336001223668,2.3008274660621213
0.48836948695485094,0.14212703691587658,0.8845020812264927,0.3386619462364725,0.6988592305298942,0.2905941604996074,0.5000712506738,0.8162527115304155,0.1567773464243677,0.9772513952392784,4.738120621284046
0.0702159228607262,0.5340089097405041,0.916025519351948,0.9456938848825254,0.232108962879776,0.14398498121480863,0.724403000317891,0.041973568276237105,0.48523896903031427,0.7963552267931819,7.659114468805348
0.5602547245168339,0.188013265774005,0.4870442994699632,0.9212747164488929,0.6172129780442768,0.7214906275690198,0.3362638796625149,0.18848377516761772,0.2556422298996036,0.5331775937602949,4.868972316031216
0.28022015361070374,0.5419647874261011,0.7077919273761769,0.7343958761703014,0.16468493966109343,0.7504308488338631,0.6726881395923591,0.012005133368706677,0.058872175089750844,0.6462495018603803,6.856875395913629
0.38370389956370965,0.1461039995756659,0.044396559169633254,0.15939834067243086,0.9575139643216166,0.7275656415709697,0.5277054209342938,0.9415405000545918,0.6191104376816039,0.7256451882806673,1.8769185568702573
0.28265181850587207,0.5889818435891958,0.14347724429784026,0.4044831451977754,0.033240324986610115,0.21662808758268048,0.07486862942267469,0.38777881950723136,0.8430351646384902,0.3779341063450531,5.005000131119032
0.8316396259946434,0.6564983125788874,0.5095294466308278,0.23689169326133053,0.9221560928441523,0.054200808842033266,0.6889130176988153,0.6212398928093689,0.4410415222565268,0.24032095529260533,9.541211700479133
0.43069593684526686,0.8727727255534207,0.8367661102549542,0.9413812499770292,0.307793206625248,0.3871041583688729,0.018726152659863327,0.9429499947200082,0.32939009181726886,0.40416382153299324,9.258551863012292
0.9078046114473945,0.5265984301668132,0.566174541755478,0.17623283815091684,0.49866002081865446,0.9182086009087742,0.558718088107926,0.25511636463975806,0.031180864134762842,0.336301773454068,8.84529744809198
0.572590914064458,0.042613288370830116,0.6097925772911562,0.5234138271181128,0.7834354691665709,0.02888817227196183,0.7808473448187374,0.5208770457581069,0.37052933277971145,0.9653829763588241,4.647919594634982
0.16011954723605304,0.5413251190911065,0.3209814735924784,0.5274863787953358,0.5522754525804121,0.08944824842484578,0.6611351469183497,0.6344814959190118,0.769467274634464,0.090658493659171,5.542390905592185
0.2972585469036878,0.6501105997281013,0.13673082591560848,0.6775982107884423,0.05902671082042299,0.33493155295962773,0.8467111223325191,0.7742912903811602,0.6447607152270879,0.8704584166251012,5.9635022432388585
0.7092695441722005,0.519375105210803,0.9797175003857866,0.6948560797893195,0.6013671768130031,0.40887056095356467,0.9024124985790504,0.2957090956049928,0.009219594210902682,0.19674052243235995,9.01953971538059
0.10951749194235916,0.31899377417307206,0.825878677458455,0.6515296853650074,0.1689805892337125,0.7888217210923385,0.5042198660994027,0.5127146241182969,0.3621121809808733,0.8646163648220234,4.208970974311135
0.31832730385579266,0.09413976066968865,0.3027289939719451,0.7153535462678857,0.6575818868033289,0.18801715355357784,0.11178429910494203,0.6608657584017463,0.6763768356549122,0.3661496372105707,3.354934622140787
0.8428013835290797,0.9782052037999168,0.2056452234493954,0.5770687157060284,0.005346329003939165,0.7130543960262874,0.4142821135633178,0.19326922690316484,0.7522219217643762,0.8106487975560807,8.687498969422842
0.1111665011759373,0.040995761838033995,0.33407844166911727,0.6259904657610356,0.7934195271886331,0.5460624966304577,0.5807487763069806,0.7998582217528911,0.5288433742187594,0.6111544902263005,3.204044937059205
0.5162173399765593,0.880458233367704,0.23551661858508888,0.26399358454050936,0.12796146160182575,0.8194667514944217,0.41177729056235735,0.3478939408812438,0.9813487170871562,0.9268033664397854,6.148942708789502
0.9719876821247614,0.14229899675869284,0.8912518131481663,0.3287095993874515,0.012656770211862511,0.39129833598306873,0.5091963531380597,0.10822042356740535,0.5376776168742563,0.8194635841767315,8.22803157374173
0.377650950839194,0.3526448065343022,0.3388104202306774,0.9230944458836919,0.0487580987901991,0.4450761419929553,0.26459945414971686,0.8938070253874942,0.09605226358380392,0.4114427666804108,3.5638190163737766
0.4068161520310857,0.8883944175470226,0.21549344504096946,0.6448954103016111,0.13440612688778908,0.9539757140805427,0.5930149592722859,0.6262567303206703,0.4337734016604722,0.34228271266632226,6.577978845108339
0.2126764294948763,0.6039877538322589,0.954561745348238,0.359790954092403,0.8831568886620542,0.14877631284724968,0.9361260208818007,0.35048628389807657,0.37972721159334566,0.46284225703432824,8.256233295563158
0.7182442699476502,0.7196534336890352,0.47958858471966526,0.5231528993139359,0.03001048777414117,0.30429670155832567,0.34601707423060946,0.5587272687257594,0.5582997673713045,0.7098997977278731,8.235195313275534
0.7170272962180809,0.235210724212083,0.7701871511048247,0.01960356804628205,0.7161618846067205,0.1020611035194231,0.729648208421219,0.5271180905684043,0.43725450068309213,0.690666389761429,4.846251305524372
0.03637083374723271,0.22347032567557834,0.616440142467654,0.847215406630818,0.38110763694511696,0.2587614726335571,0.5187364357889943,0.6223152523868414,0.42010303140574645,0.876710682659755,4.056310674140996
0.5234387088600134,0.035823587570585014,0.22305395470619038,0.45064703091781455,0.6977255190169334,0.21975224379258884,0.9762574397174211,0.3185582581880835,0.5324802068605884,0.018966384731041175,3.080086156444705
0.8848907214308044,0.7888346535251834,0.19545800429559268,0.9332366912398429,0.31583976379740464,0.6921862883801171,0.8189763180165999,0.7409144612371809,0.9175827840298412,0.8642747603407085,10.201515318517414
0.9946115140916101,0.18261141257614555,0.30476180122670005,0.63622586743163,0.7330471858915837,0.5346050545557092,0.07392836488661492,0.841595226800382,0.960874356021272,0.40551684382639475,8.270168296946313
0.22481248169884605,0.019313754962087537,0.23729903609358527,0.6999187748384222,0.9115893876727305,0.09351306643176582,0.5532591871619299,0.6955312485118323,0.2763808211062686,0.569897039170302,3.2693671418944854
0.7152484260057729,0.8377192431353768,0.4524998508199809,0.7478572189189606,0.3017829717398497,0.21304674677215862,0.18731374609066742,0.3588727318257262,0.03587968178884904,0.2829918376652497,8.898228079823486
0.6522228244432282,0.6479190471601367,0.07355380649149124,0.28741561708062013,0.5695576646779217,0.31855213750310285,0.4179880241888735,0.712810757115764,0.009266829456630044,0.27639354408843053,6.526080924263459
0.14237224378501667,0.12760918276449174,0.959040216447247,0.37656033156241775,0.5270885849096398,0.7338218870696326,0.04744747486005019,0.24102263855769834,0.8321477873437125,0.8619906131778811,4.336395756007093
0.37295092064080204,0.37486159965176824,0.7568968771088819,0.29507022674986916,0.11709408113999809,0.25753545024058344,0.3873447316357749,0.052204709595098264,0.4786802542001748,0.7400075127727784,3.7250931917134316
0.5137451444804616,0.07189534051450697,0.4401496313459585,0.7089046080428327,0.05809665399018993,0.05984718972688852,0.37060140318098267,0.1949639641237091,0.9347807913084204,0.5813436037397431,3.5777881172631516
0.2873253994058962,0.7047767291149508,0.37492905135932886,0.13211564437901002,0.2372322298435804,0.6427472844593757,0.05187610599699166,0.2726890400480637,0.20831147764217461,0.201135110676532,5.87635241191807
0.6827624119759711,0.8258169167543645,0.7158666080642587,0.6457278158005122,0.916451771817864,0.05839238042429684,0.16748308597624073,0.41440685567053215,0.3724516435038677,0.41805160296302246,9.884498625252522
0.20645490504270603,0.14950331558022834,0.509193247457928,0.9280525240687937,0.39196946234991703,0.04335321411952808,0.7061673428895245,0.29110490552717494,0.2450950073048921,0.32425800069796207,4.007637649694988
0.7238155239078763,0.8188193868703041,0.5880560673389637,0.3224787537195516,0.3104782331172782,0.12430834990546302,0.9333010482351946,0.6381393989688195,0.026974619855864024,0.6623670951866807,8.521634637897623
0.4471534241935079,0.9725579630469194,0.819068824806407,0.17131575383279818,0.7201111188748665,0.4855660038352634,0.18704516366992818,0.6987399073299491,0.5473875786942454,0.030373878771570495,8.117750234265337
0.6465879505288259,0.6349870898624407,0.14408516105146263,0.3489877269966929,0.5858989707510399,0.13878301410672989,0.8527233778347565,0.02748604628770379,0.10283741496935495,0.11610691985488408,6.792298588592538
0.5281071259750552,0.6201140121686253,0.40374079650148653,0.2886668276681662,0.8093173756255574,0.06828598372642014,0.2802918611327917,0.03911557880397076,0.013890134966268008,0.35337988693220124,7.092707144873302
0.194823662444932,0.26836585483824626,0.8209471574549682,0.16298009624922138,0.7802333671518009,0.6750506231463635,0.3264455251408327,0.5465561451762878,0.4444356097745388,0.12839531549766536,3.8255679982268473
0.9071853217341757,0.5696179675857601,0.8802400457954549,0.8238265118132903,0.07977592530942323,0.20727066601845245,0.1452611143748308,0.8307795327869187,0.8624466264552023,0.5279715098083659,11.338561305229158
0.10417807250800692,0.1356166185430162,0.8135488124382674,0.9291901365293302,0.19947568511065672,0.01113757647217306,0.3309529051507779,0.030499389647881348,0.827974916078038,0.4915122572262516,4.6529328115682995
0.6418607787630198,0.41148487613654217,0.3455075470124819,0.22220041307608485,0.7705325470381457,0.6955475844155293,0.36072898449608615,0.32111613429918295,0.0012428786486790022,0.06355213004547244,4.136720812572821
0.6232555248926348,0.5146073102354617,0.4348032044850225,0.8275022408016585,0.5038982044028466,0.38449358140731993,0.16125634752498497,0.8206880082146192,0.5762482501211877,0.09245996592275729,6.96317637463641
0.6488983979970758,0.42507074548840995,0.8113862235879958,0.9189145969959962,0.600465813176246,0.7316128193133664,0.056590847602165706,0.5602554550011573,0.7553399783554741,0.4967621494781037,6.94345445046461
0.5935500895043372,0.8989481855810443,0.19809957203119943,0.09824650755191189,0.690643613139501,0.822848905522444,0.8504901885825635,0.6416444970912203,0.8332134181708034,0.7006642057232902,6.554307402689779
0.08737691590679075,0.7620435078849881,0.17935968955032966,0.23660934259097277,0.3946506269986648,0.3145670663263369,0.32165173830291205,0.16925952420404577,0.29387104710954437,0.019662589975881772,5.526714284486305
0.472910946688326,0.7685909587698068,0.8622473692248397,0.8204285589594384,0.4164577189951132,0.7304264811638562,0.28789077409521246,0.05556247271761794,0.6759715253912666,0.648796164736406,9.288586031107405
0.8016293954628756,0.6161062067028799,0.1568916249739164,0.8531623920501982,0.6272527880187008,0.807609699035004,0.7741071203760408,0.2978644872250884,0.07455297485205237,0.17650440908958487,8.916318364016261
0.09286233431325075,0.2434124320801364,0.459532273025993,0.9068106049812829,0.8720187559206346,0.718599815095728,0.02411235954782598,0.3413892013205535,0.6823484264845198,0.12902889683906837,4.232706340346901
0.8010878500159087,0.9145736799875936,0.3541044466378255,0.7058430618638334,0.14820413266871335,0.690816449113027,0.021455412287043285,0.15077150681110096,0.70988144660867,0.7118502228763062,9.085152632742489
0.6411627058451771,0.4773640243842032,0.6749080911719451,0.7738007982887882,0.9664816590367438,0.888641031548605,0.7945342025661246,0.6947575167143729,0.5741555454323672,0.12060882335191625,7.393276982826675
0.16555684209839294,0.8202795606708995,0.8033129122072206,0.6144589259733629,0.4388401327161534,0.026032649823605647,0.3271769425285439,0.42063965756531785,0.48581628617342054,0.9293245985612092,8.265009114528034
0.10870939980014283,0.5188669197797704,0.3679222969582797,0.9900981192160516,0.8618640162829053,0.4387858542389209,0.9996956093547604,0.5140632464714964,0.1671177965914007,0.5558746918267146,6.473222348247259
0.2262057658036466,0.636312840076252,0.9374401748839256,0.7861985768350283,0.2731636904190552,0.2968586249660071,0.06928820309031203,0.2858678356462774,0.09262479967781723,0.49944871932564283,8.65926416222926
0.7083470794982576,0.7511811614991585,0.059529232248179076,0.33995589823820205,0.2881717665474337,0.1043003229873346,0.3624713109320057,0.2993201091392361,0.6344992293392767,0.8833026637337129,6.8208182671937045
0.45484172087321584,0.7466651727668185,0.14601036711067428,0.8949663786438646,0.15259473821509228,0.1921011805993893,0.10646380358767649,0.30967950152053647,0.5524104467155261,0.9879941114063268,6.968749163863319
0.7933680346575439,0.380435802891982,0.5758460579035705,0.6233080309392077,0.8227272212473471,0.7364517854198005,0.5692911269711404,0.6691830270396567,0.7459176109628997,0.13314405913340432,6.521269583569247
0.20045546130537995,0.6885842889075168,0.8504255619876321,0.40926228269976783,0.979890322471206,0.21607173267337287,0.41669928204343887,0.37852304346325316,0.9302959407264291,0.2853785175725395,8.48266933456644
0.4707907780422156,0.18723383961532947,0.5212662385624438,0.8574041694635911,0.3040394618905642,0.8107920721628282,0.911311582175626,0.07295788971456363,0.756424536319251,0.2553434361504908,4.247739332200016
0.17532766253662913,0.601122392025036,0.7056026162286997,0.3947609857352138,0.03917370708219059,0.9087045241967932,0.730746916847495,0.2716668066830147,0.4968638557447399,0.027792789967078013,6.679678439248444
0.33928278180594185,0.5225352355851183,0.5172236151162501,0.20818487800854113,0.7767473661838907,0.29886215852664344,0.5804100231779726,0.2715222255379748,0.42516787298677017,0.20751462525023023,5.576518220878778
0.6330077925320383,0.4255843601413507,0.016117304487764272,0.028164994016766087,0.4711343184714222,0.18322586690535436,0.5850420481447424,0.4081917817720213,0.6544198355397227,0.9523951740639516,2.5704196651827647
0.5287361347952536,0.7873786035900996,0.7530409963159371,0.9217911043238652,0.2140178672380062,0.8273269707849409,0.9055203785046868,0.39276298094757767,0.31381619459896815,0.9520359096782878,9.132914185122344
0.627632822138868,0.38067648524146835,0.7918277209316302,0.3044739016157151,0.17640758606986207,0.5439696357977055,0.5662120449106034,0.825746482267338,0.45702735502043,0.8145865395053415,4.728826436982845
0.31132267934833846,0.5753682021777919,0.2084727789007158,0.3854459509165964,0.8575396978328511,0.21598819343575504,0.8102394628992677,0.2828716578474062,0.03448971967945369,0.10993457005684626,5.875925313821298
0.7458795453207882,0.26207092650214825,0.6541455922412722,0.6991989027572331,0.34511846443468486,0.47491898721114023,0.4037670904558106,0.947348996354534,0.31994886235158737,0.18332304222496076,5.715692705641279
0.36559284287557825,0.6695157076020122,0.6973626903614653,0.9240573153600069,0.8817544848758092,0.2883205204172755,0.4551632489675964,0.747268988183434,0.9165372806020251,0.3371650128568918,9.12317726816401
0.4444414341769959,0.8994782704536088,0.3584838731584227,0.48051298619173577,0.9045041412180789,0.8022432179898482,0.2434309250098028,0.32479506541193337,0.3529587274593391,0.9127384734310597,7.53128850185348
0.9989337371045391,0.7740043021554399,0.4843263024935066,0.010173818067478968,0.6974880565979574,0.3893611644977847,0.6329864702286054,0.6066939634624288,0.4808320565743873,0.944387397726323,11.590786147982232
0.023146345355341658,0.7121324844725883,0.409839868299546,0.7137904504916113,0.6752196475396319,0.010238002575995386,0.28533849517467125,0.18909152050378042,0.1669863529424923,0.7284766841211328,7.385357192951951
0.2395513490931246,0.4747376149873008,0.24698899528567952,0.5802338234353299,0.720573768059968,0.3310747386981765,0.603020848287122,0.824854774413739,0.09422428516449166,0.7106705990412712,4.387942710784703
0.3231449444353802,0.12264995652494426,0.5456542076143488,0.22626231926773177,0.8213617926691577,0.04289590953107614,0.09865289627089746,0.5209961259858169,0.5889417840769567,0.7298866645227469,3.2771757459415705
0.2592607282521938,0.8417604082132918,0.9531423397737832,0.4990393035948636,0.7605313649698012,0.5248483545437927,0.06946702941221061,0.3261115128426211,0.087486689627015,0.9888791192550135,8.895826950367951
0.2290259120733772,0.6359004194157187,0.28434510194493734,0.6532462153559259,0.21040169087048244,0.7852700659100745,0.11081160283663549,0.8951504000902802,0.8404216925407945,0.6788073436383856,6.372206467676131
0.06741462714284785,0.20856902832892832,0.859361595691076,0.12197443430259514,0.15593209630802007,0.5440033237555207,0.2741774396743437,0.2220756999439295,0.5758134318481806,0.37257667645802905,3.1206514914180365
0.14055989676966874,0.5348537675454644,0.38701240327862274,0.7345167742737694,0.1027554423205892,0.6206132439459738,0.4364933269432477,0.4060618750524041,0.2322876880083412,0.03042602820271112,5.57844205311161
0.8476891943646455,0.3264100860344259,0.6810910397298471,0.9475873997767074,0.5649902980821316,0.3971469025198663,0.2682735663487037,0.9340437926474934,0.6820768180511428,0.6652813932565596,7.592780926778941
0.42615832514527696,0.8450487128674307,0.7136721870094871,0.2831832717810161,0.599578660025048,0.43019395460126564,0.006590162829713031,0.8076234315017974,0.1228303489197008,0.5099545060026142,7.852875467107921
0.3362261930848156,0.3420890412006775,0.477364883413808,0.997023104019745,0.4083796806314758,0.1823292298165724,0.6136063380493689,0.23628770803952126,0.10554913671295041,0.05017417206592911,4.3813771987238495
0.022881274019683873,0.4311646483110637,0.42672577987339366,0.18554540007795295,0.7840190537712093,0.12927062791987876,0.9153171926393024,0.5875759776432724,0.02761637610492962,0.9629726257427166,3.3510251624894245
0.3079412595458536,0.4499749595778534,0.28426869299455215,0.7284212980337775,0.48568022071953865,0.1323729594025026,0.10420395235945379,0.7253754133245748,0.2370814049312715,0.13779337463847252,4.213428114102263
0.4994275969978428,0.802765287536304,0.27878274587313046,0.27643161170080777,0.8338812602603769,0.14783379456878265,0.6167275917865472,0.9550134829825855,0.8413031495773076,0.061815233779729195,6.950948871534846
0.3199108765616254,0.14237446559261635,0.9492406376871397,0.9859415662220812,0.2349930205400379,0.6696990448287525,0.8416317320471184,0.23368028441447652,0.18768063432097748,0.011211023247280294,5.417262977724073
0.4119624569415259,0.8994374623947164,0.9029796490563489,0.12774312750901629,0.20435248052839494,0.4080473309345336,0.7806245451637019,0.6118514835317286,0.5138497435202164,0.5919318842226031,7.687000705527006
0.09619969380229665,0.477663642254907,0.9920632895391284,0.08844614693908781,0.5192466776348864,0.2956492616573746,0.539913296861959,0.5738187600337467,0.5774728981194759,0.8522087853108866,5.379817484868901
0.3897474146736609,0.5163541626664959,0.010928398967748554,0.7895506015797668,0.2594877073758529,0.8165550240405164,0.2656386663803172,0.010788496262492231,0.15483131819344675,0.985682902572168,4.670973746067347
0.31980124594798853,0.10882390201274716,0.11875880362575053,0.3103427140572238,0.037645041116763034,0.5114885881219537,0.21374091548932017,0.5193106413968722,0.14076421869922018,0.42985722901749235,1.375585225897271
0.5979168584012445,0.06199993833810802,0.39874930925105856,0.3025238209896878,0.24035981648863403,0.6045346260844965,0.5885419857654073,0.6306998066776935,0.15888267043252136,0.28570924486232774,3.135453490407194
0.20967877799507872,0.5405036049978419,0.4610656892096163,0.33029373759275005,0.7860148088684331,0.0939737444083828,0.9748966887556422,0.11654407781531873,0.7730708125683694,0.36823018916083183,5.829638085881014
0.8652622291318056,0.07416994878416205,0.3747217101923378,0.3354434065002363,0.9931570382255354,0.9855489948896256,0.189803958666388,0.6299469606983389,0.5355194199109402,0.15437349124073874,5.974046033142638
0.16777970610442305,0.9892517284795547,0.4527299936209327,0.1258012920000735,0.21479003873925429,0.26834806724854965,0.5109172633186193,0.3355481295063093,0.45501178588992097,0.16649955110136272,6.019999964751107
0.3267286905875062,0.07031659271775403,0.8897102734758487,0.19875247716857825,0.7569001354287388,0.349551788203346,0.4743973189397933,0.29126103946122683,0.6964412711073699,0.8445464192747074,4.1937525644410485
0.2862701847395881,0.24221764366359244,0.6814402654638969,0.19515306056772086,0.6398397656097723,0.09442807969363554,0.6201371599606872,0.5134067340104331,0.11390571557630835,0.6491036348645998,3.411670921010839
0.44655715703407584,0.2171150508170857,0.3533841557021773,0.49210210563892964,0.091554227264382,0.9576094831283543,0.6655621562121212,0.102534981287696,0.8228621843284595,0.3225549309461454,2.746515153029652
0.5967995367131839,0.27714284157957325,0.7334059449146072,0.7230089750001023,0.552043456872418,0.24092559247157808,0.2537038075121455,0.38286279669494294,0.1450121673962853,0.3376557131909236,5.332425231523926
0.6843546012483125,0.8308452800594213,0.3325822904933614,0.23359025825436397,0.8326425783351343,0.8907040273859212,0.4100215233120643,0.02690415384963385,0.6949616208941519,0.7840332361831295,7.836932412665722
0.01802425316444023,0.5950308533415132,0.588368758244175,0.37870790874791405,0.7497673258508377,0.42817903811436064,0.6767759517913641,0.5171173046351519,0.24846460470284393,0.6065008630101317,6.8596107764343195
0.7369084948458416,0.9739056734370036,0.38010894680241347,0.0644725446663511,0.9879712212213518,0.6238066594255363,0.9464504581607692,0.10382708601111934,0.34203383987045766,0.1339366988727243,8.163017350202598
0.8355101545820595,0.8803427414293161,0.5013116998750204,0.18660621766203045,0.12711896903970854,0.5881641100802067,0.5063763245853006,0.6947891023676676,0.3052072626199912,0.40236799502436227,8.82995635769288
0.021361073851157375,0.610143045075529,0.4231435213464778,0.9197646338134479,0.6417862977048049,0.3986944914496938,0.26358918087335037,0.9052849426076388,0.016265074117443268,0.3269124672523922,7.461690725019115
0.943505583788035,0.6540330069815741,0.5327190712832991,0.20353471792042743,0.8333747742543871,0.2041990625927761,0.24825353152124996,0.19185114287185523,0.15814946056952195,0.9533124959788029,11.018443595825941
0.6020315961413084,0.637837132010094,0.9543254656787835,0.23057505512556264,0.0059175385976920625,0.5988836495702912,0.5078448532241586,0.4776503773982941,0.061880211246199135,0.4544348665747845,8.202528122128705
0.2875595650906989,0.2745646772243131,0.22238158017909282,0.33252835975457073,0.3531330751434124,0.3087757763619975,0.978752715719509,0.9327310855094871,0.5745100995248622,0.9810548384103098,2.044800034194576
0.9911980103191901,0.3559397100173025,0.4451875457397445,0.9590617769846655,0.6086261992986866,0.21292908283727252,0.6893806683365004,0.20574618204608752,0.3393577436718458,0.22756016309535154,9.34560502304771
0.24498021593384223,0.004655581566782252,0.8807088321994518,0.2959904952757938,0.08637437952279448,0.08698740568108854,0.5560182764609521,0.9929205505339371,0.14502246727019164,0.09962178094965946,3.5871057172488454
0.4383038804020907,0.5633312538407954,0.29438035887794045,0.3025220925138664,0.4244765018489495,0.314145615150606,0.9153315835685167,0.04195457129062896,0.23457015987027463,0.8085527962274213,5.6106332916589485
0.8339581246649568,0.11155507896420114,0.9737634500127167,0.6933548498991089,0.2725930559835956,0.4560378648144545,0.29713861956796717,0.15002224985441937,0.29117806474891517,0.5800919374896184,7.392459923273249
0.8259696948354687,0.3635290748895772,0.3479015405478417,0.46800070108132263,0.6445555999643463,0.7516162624323093,0.32679950479947384,0.586352467825139,0.38936084128088244,0.7163998503633859,5.591100709592097
0.16467492051702082,0.2569248650512961,0.4260604198427498,0.8894147899213677,0.5733257893506902,0.9653961189814116,0.10327768528108383,0.46017541365093484,0.4190785300453842,0.6002061764059684,3.8542821058409302
0.8119646087075783,0.8414480255830602,0.6701946087055083,0.6415363642455536,0.9490295420448075,0.38368740163842463,0.8327833141884883,0.9215037270922941,0.4915392442651969,0.7291025786033003,10.811879577614095
0.3770198566709061,0.15887901419540407,0.5865038814724253,0.1964716508495319,0.45759913080386905,0.8728793133283332,0.08601818756368051,0.030428535664649647,0.6064778473818876,0.33106132659489507,3.0662101894485856
0.41793770692591525,0.40571058865833154,0.08662022900956357,0.0035664326795945556,0.8984232428642643,0.21779856090374639,0.4260789918642883,0.9719257966710786,0.8267625819836523,0.10793085526270219,2.224466216313131
0.5085190316125857,0.730079026495016,0.6983927849992124,0.7608418524044702,0.4574546548880353,0.17592292933028209,0.46487244391937266,0.647887249173292,0.608592086605168,0.07052205378860743,8.799090317044541
0.06495243408219176,0.9652578311552119,0.15180545503977105,0.29446246401172194,0.7676344821561655,0.4096770758231749,0.1814648532600327,0.4672323823097815,0.5689499707633658,0.45276660927807566,5.941280327513936
0.918946075472109,0.2846992950995043,0.6613321606996709,0.11229472140989771,0.39228545766402656,0.7409932515849736,0.22481694058946544,0.5897710456544126,0.15343702920906033,0.10270169136137108,6.602063117118854
0.5232327489250427,0.6750109960860287,0.11336706623448345,0.917776252372915,0.22577226269746686,0.11997530815930002,0.20269890835021054,0.16957245653184194,0.09067465061294899,0.7978392347787074,7.095066748055086
0.495537774744111,0.3885194403786828,0.9506279269841331,0.3710083870647908,0.16697272604718938,0.27404289192659625,0.23896653358859643,0.49874127956330483,0.29150512395457395,0.5160611721863618,4.875198162822974
0.6692934249467889,0.7772987857132578,0.7101577812672308,0.20559071645636096,0.11589971924275377,0.5424501591012509,0.19891179120814517,0.08493372177151326,0.5270943429794172,0.32679418510779545,8.096395628952715
0.7561490119385038,0.31419163054841803,0.9787171370558138,0.7585231912607081,0.057693221488862134,0.5088727403562762,0.5626205012141103,0.6953027106815977,0.49779679703375823,0.4834435984145732,6.664456859588254
0.36793861167761277,0.27146138389917374,0.9462002119767344,0.31759666963437194,0.06342132458033067,0.16728473929341225,0.8572766360412897,0.5866334591233839,0.7787805493770656,0.8087815461396943,4.013878288721006
0.8232364392110733,0.5506137077446087,0.17712059569910488,0.14823275223614174,0.5739844203751124,0.3665143536856764,0.5580482412457674,0.4984778442378648,0.6021980796975485,0.03211179073656534,7.027876866738951
0.03283668063012335,0.7215951708485088,0.19312724382271984,0.6521984621920563,0.5465759107914545,0.9817944714046234,0.8354058788830623,0.4131345213313494,0.616412820093165,0.11728945722547202,6.4973825599314905
0.386386042962381,0.7338877410898743,0.6226715841286536,0.48447132437735785,0.17652910405266908,0.8031459261575447,0.2731666044115769,0.8204790816619095,0.6116090627949935,0.37273142794878744,7.445682124917078
0.0406052219599915,0.23241884434437687,0.8890709254881639,0.8179743438957174,0.5748533129340979,0.46632246396212695,0.6471426793301092,0.4662481278433015,0.6443048407191403,0.3074040996601579,5.0145226407381
0.8384972179114751,0.7019178934652667,0.3299756284276918,0.8306661148234412,0.4873425308531789,0.17463886473746149,0.07771246200352666,0.6996057476372204,0.8651208042080106,0.8074419885945436,9.930982749472244
0.6556510302221519,0.14137505560476804,0.09404407597665354,0.34502962301172535,0.8549108903987688,0.9617362703066642,0.24136085484707126,0.76209567058172,0.5738692169072057,0.03180736707794274,3.207323589677994
0.5429163499329398,0.8059404029893552,0.2761227833440265,0.8973616239704609,0.2362604068746369,0.07647313264405431,0.15993930943956403,0.8370028687209183,0.4173059190395283,0.7969455636216577,7.727855253167103
0.5312330609895951,0.4805591247944314,0.8069131514924653,0.4234876117123759,0.8020327310663683,0.1006621649634456,0.6363108155392565,0.7025870565519847,0.8990973961417427,0.22432391871619495,6.522988407845279
0.6042198800928515,0.43325656368922305,0.38277165554402903,0.10671355521195747,0.13423333059494225,0.8369884614476463,0.749753432325562,0.3823411302911005,0.8284865813896308,0.08076618482357845,3.450478205909453
0.6247739170331686,0.8681760527142883,0.8388642310312494,0.37278275994185983,0.7452338530569891,0.42746814551987755,0.8401381643899494,0.530761950155023,0.7648570491050412,0.07857158229167172,9.222006015732406
0.5900259716088628,0.5502841774693387,0.6099767217351602,0.6956416079155902,0.9181089700341419,0.785682081776031,0.2196379914349047,0.825896269292096,0.12207967761509564,0.6221985856750696,8.127225782489866
0.8827538082459432,0.10112205421490394,0.8496926533102606,0.7986207342302456,0.5037754338390708,0.3088976022954041,0.40543822807154384,0.9686581357002118,0.20169755615184637,0.5796042878298953,8.067329593492772
0.08324074787868385,0.2178930641891722,0.7633163880745206,0.3025990403605272,0.9857660705627346,0.50081704309384,0.5165393253077428,0.03631473933573526,0.956526749577266,0.17423344088441794,4.034553895645784
0.5383405988104426,0.3956746099587316,0.41558470074460574,0.6433001660361084,0.6620886770924774,0.15428861485809686,0.4995866531218922,0.7904774491418569,0.44328648355222955,0.16580447082658012,4.498480875888935
0.3132169431566907,0.2123795641050702,0.12581746791483706,0.37758112743535377,0.5409362431980751,0.07275152527663176,0.6038233722281834,0.9930244401696076,0.9641249320200836,0.8291734819991589,2.0362478815802465
0.266341112802403,0.022407596479367298,0.833541702882851,0.05572023197871323,0.20562808147077039,0.5444532154467844,0.17837803914364359,0.8337883312986419,0.7771596962598291,0.7557695057372498,3.108167552174172
0.8161276158975765,0.21970178026461207,0.7288923761497493,0.3552815025917647,0.6668447595683995,0.12202172863117478,0.7055865800645149,0.9721077279007796,0.04360036531871625,0.09382890116708476,6.195464339293008
0.12363676733801388,0.43056390494130126,0.2907801849330537,0.8069201535406937,0.47378723920096155,0.4845373426885524,0.7170381013253537,0.3619689825357457,0.3532072474204635,0.7569263876274804,3.92239114436911
0.7800417458367648,0.014398772532819515,0.143790475840733,0.21309818114847978,0.3516004687578763,0.29144808343195305,0.6685200483882765,0.8281352338029582,0.19208698235602417,0.5629800606019484,3.474426600637317
0.367816251081036,0.5057778750460619,0.6207578417833939,0.8935998186820111,0.19229266782728072,0.08700658705606035,0.6272119190453525,0.3941308487726265,0.16290269329298857,0.1170871673548447,6.392668953544779
0.5589097868740298,0.3004705945281956,0.9974263795859779,0.405900819330714,0.21228660876518268,0.6288490451172778,0.2442548896905069,0.4940860432311611,0.4825761837210074,0.4535576297157372,5.024225963561551
0.7960856962695749,0.2166130014661839,0.9043073050704701,0.7913405032135343,0.33312236424332375,0.18060250628013852,0.2795350245067413,0.33263624690907834,0.5569331688070467,0.046368168813650135,7.05764140146249
0.9143591298520531,0.09867485666111098,0.2792733941000348,0.10928743795296658,0.25667282652566015,0.8376738186088084,0.6151758113832423,0.22732322508948066,0.8717585297993377,0.8007120592184848,5.190559227861133
0.7536492823215806,0.8476326983857129,0.6196496815183151,0.5014373602112323,0.3739350261713894,0.22376402040769838,0.5574116576468948,0.8894923457140883,0.593981788992325,0.9196068617206368,9.270025909494773
0.35691736959316356,0.6951379725274976,0.6486654724626412,0.6704338440627419,0.6450420122407926,0.22165467493711677,0.14359089828314897,0.9786282562320586,0.0452951288425012,0.4677364870282703,8.269656457351077
0.4250803171418619,0.36001895821507623,0.7819838535767095,0.7453502883125159,0.9052249235299403,0.3954875261869222,0.5641795279294597,0.8923070473421206,0.9938480628553844,0.9692943623653549,5.518826363683017
0.7178438712687342,0.1432275578101796,0.023186011793026595,0.8252183564029418,0.8409420244918254,0.7463609082634696,0.2799234859992201,0.6398178595985267,0.31624844181527423,0.4506482461009247,4.330249145621544
0.3824350849805105,0.9136400867900556,0.23415733074387557,0.5776109045737502,0.36098152903385916,0.6630711119142257,0.564563141177475,0.9239776813659405,0.10161215170121318,0.2206408397567634,6.67935189813286
0.7663479638310559,0.3687868398948434,0.16578378622872392,0.5033212592453877,0.6521420616113862,0.04482671415349859,0.2916218893674447,0.8094225376960429,0.5202445666101942,0.03537921517331999,4.570794672926822
0.28195100527470085,0.6391406559794214,0.19935946957802475,0.8273914062194143,0.6765759070836642,0.47137906094779314,0.9156237810667849,0.3918007709246617,0.23507341056408526,0.6614029925267009,7.005283646180749
0.5732951874701485,0.33524790093122514,0.34366456132397716,0.3982103086341018,0.2911385674793693,0.7102414063609225,0.6513584050512053,0.4407776525463927,0.39785467577923717,0.3650512693597051,3.2521592908340167
0.28346832139225353,0.08569666315705937,0.26820468552250054,0.32120134869306505,0.5476840062653433,0.7737885090780497,0.39570214483403165,0.9447569058520918,0.8273499634411624,0.9848018478837451,2.306475532394088
0.8762030410414817,0.6167259493093792,0.5984792878167189,0.12952612675421704,0.7223992488915677,0.6002068575926713,0.5069321033959847,0.6932868725572886,0.4440478428379937,0.5238596624082862,9.751191953896573
0.39835230480325634,0.7173708933706898,0.8766109705478882,0.8408449391326026,0.7860252720494688,0.013787704544550916,0.9118804638774594,0.27487572072339395,0.887973942963376,0.1969681030893765,9.538498109104722
0.4396457514247373,0.7493987943269137,0.6402789452771726,0.4159219380294299,0.6786238567402784,0.5489495100466395,0.2757363066355323,0.6463294454971398,0.20424708634452338,0.6939882842591655,7.9846322165833925
0.0031108776232428026,0.5487725137617697,0.401067627556141,0.3031037738019473,0.5157079672346375,0.6453116325358881,0.9653122662134649,0.8330644898880977,0.7171498830838108,0.4789669116791464,5.331188599962915
0.39214411966435425,0.032529654585997214,0.3590969030590482,0.8483771386726165,0.38402458197628997,0.46158499906214645,0.27183442402490476,0.27413275881336674,0.061871760891748395,0.6138039256198008,3.638398675795131
0.44806940304534637,0.6059608074907946,0.5468869000288528,0.7988445872971748,0.7510119123114727,0.7714538531378794,0.49923900694167556,0.3538813513539305,0.9334365905329528,0.05426977371655395,8.16070037419854
0.15262130785023031,0.4195990921766397,0.6139576525680112,0.008200374806721644,0.719322819311142,0.5587265427899147,0.48470275867692525,0.4234950388278682,0.5194870317406245,0.1617857344817476,3.429184784992119
0.10871173927698252,0.28963747875183843,0.7095047919853247,0.5882878838354964,0.48012301761901266,0.5715209658959604,0.5592580130393432,0.30704192548992537,0.09745594724472584,0.8967823686630506,3.9983612911530124
0.5999112626239146,0.6977479996808517,0.4639972243669551,0.7564805799765626,0.5844972639786672,0.053801122097190235,0.8900970353936911,0.3055361467878869,0.1378907774213355,0.08804100770431578,8.516179529481871
0.7204403138421108,0.7039683668043598,0.7001621248132707,0.915752772681566,0.3489430219976515,0.5611330563589232,0.6194955829943495,0.9794818285664626,0.3123461437185918,0.9563311999039404,9.998955759718134
0.14873433308238138,0.764001456027842,0.6328859000204128,0.8168960372719875,0.02868557363984714,0.07813104293905582,0.06969577956914585,0.5929594554972878,0.602936067575538,0.9061048893549762,7.722161151094255
0.46760351451844495,0.06804905500496394,0.20952940162251543,0.008073094817842907,0.776714525128405,0.8155994368807745,0.997940416284136,0.4121944490530943,0.019298375401592516,0.23472988149037222,2.0712553850830204
0.5877688676632958,0.9619429670527364,0.10357855147079431,0.12157302016074278,0.701758985278943,0.6672070550215495,0.2505063553118331,0.813144791014519,0.1287787554774632,0.9257418447767598,6.304937235590428
0.2010319303324214,0.081352372723005,0.3395220864738546,0.18784128853454496,0.5269412250360329,0.6868465373717261,0.4909215784782912,0.6606073318109776,0.3649205143999844,0.02792259723863999,2.145588610404399
0.9740641242251491,0.8194135045399954,0.07341882408462808,0.4491763961563344,0.6350190700718746,0.1905942705726379,0.5779886113627715,0.533648618117687,0.20826518853470477,0.14121030927745326,10.668700634211332
0.7589622896186374,0.3225864461496337,0.24404053384224333,0.7378783528059887,0.736068692022982,0.27640165633622915,0.8725684612518537,0.6882501650723424,0.3457642178215381,0.4274896501846589,5.137690032319254
0.7267096859306178,0.21158383289549199,0.46876079247522406,0.6535583422580996,0.5394985480087132,0.6083283459044933,0.5462124994767796,0.1992274437900201,0.4102053449726214,0.5319854954775457,5.095244605038964
0.7800627423459461,0.6539042371695426,0.42659094518593477,0.9743998321591455,0.10779552167972517,0.20680486855496838,0.341312610031664,0.22857207698791016,0.6254419968060113,0.03955072933625525,9.42549303626256
0.17743678427341592,0.2933472376586044,0.6833457750793165,0.875864882581128,0.7984917705530544,0.18208093325025487,0.5654057584410691,0.030022645344687238,0.31053677535286117,0.8059837948283267,4.86672972260936
0.45666571374333953,0.14994132227583457,0.4385533814883127,0.19803292546222828,0.3931914578639628,0.4878334727478434,0.3495581125110284,0.9369689504338609,0.562530297556382,0.8428926739468967,2.729869182559929
0.7607285470555802,0.6611663092677765,0.49688874830258223,0.0021737837815875016,0.6134676005520838,0.3559574530024977,0.11776216680131879,0.4446262636120777,0.7355533222833047,0.961677794698704,8.051917636365737
0.374104891122082,0.5427232987049767,0.851244383363585,0.3339994199500148,0.14225724497081538,0.28188183123268906,0.899122829808388,0.15939310846183774,0.32922106100678206,0.4646403105003406,6.616568941371351
0.84711322349092,0.9377132836529747,0.42581030963325484,0.9319540483535156,0.16145909485775456,0.1568522918963704,0.9492508196347978,0.5096801335283312,0.18590783535395394,0.4879903705755618,10.264176210904864
0.7832111553790515,0.8269203657235237,0.8639692566492423,0.5695709030874185,0.8669460143678803,0.5100302088032547,0.6070599023910773,0.7587198022716453,0.4254352927105085,0.07358148713877477,10.886130786546081
0.3501663568576976,0.6239442167959603,0.19233236963947686,0.14838536349964004,0.2930805445914376,0.03211146227782136,0.7434228980869197,0.2587156021883388,0.12423839663659952,0.6991294159634353,5.263231159681893
0.8429280125432879,0.01987559586177845,0.23359977074122484,0.9452323248695834,0.38525413593277524,0.9385920633819312,0.2742125383706774,0.21806763557193198,0.21410841172799588,0.08522866042493826,5.889623680931935
0.8964322885091256,0.9798350226329011,0.9545088072716379,0.852028139827274,0.8468879076509752,0.6610854671689876,0.8262137119506135,0.20834236434304776,0.38791263038712853,0.6408362932947479,13.022164392936839
0.8747713325615963,0.6604694623687837,0.8390219583342059,0.47394951584929745,0.7173037377050443,0.9799808063750867,0.15348855712975773,0.9269206923158899,0.5223639478419028,0.643218030730058,11.335530600350818
0.8778690069105127,0.40965417255231695,0.41869257489005063,0.5271818363471004,0.01910208449685058,0.4966661809433508,0.2910872649942303,0.9279541823917814,0.08773529875303132,0.4593204620198018,6.243355769561111
0.9474681703773609,0.9010352503184775,0.7013484423745502,0.5893610519960747,0.28073093713284014,0.3669571127524548,0.09013486475412724,0.7861082977582377,0.3238697679038117,0.6677818990302073,11.987261044509173
0.35759477719861343,0.46433044139626267,0.555002472376395,0.8018524083906036,0.2111563775406804,0.3987653868298564,0.13008157189181757,0.0757605049212593,0.6046743561687918,0.18909104435890267,5.213296773236277
0.059799341926098815,0.8970979312064055,0.5343144197853958,0.13462820740298465,0.05342612744754971,0.11986005341365613,0.4713372403206141,0.6684652551688978,0.6412800749860456,0.1444230862644985,6.051227190438949
0.6334889518377088,0.4048656242175994,0.46474378429946506,0.8014304062453171,0.33249937267963836,0.14699904716335377,0.8734531335663405,0.212130575866338,0.2940298705546427,0.7065900589026224,5.109136323620636
0.6835503170576073,0.8004000212838287,0.18386664144794107,0.3522798933142033,0.12588323895626108,0.5410391471686042,0.2925705925387012,0.6889356410085627,0.00034436798454107187,0.05968299845957925,6.91197508628897
0.43256030051934335,0.9581841559755685,0.8908513873591829,0.9940090280619832,0.41683022486404486,0.04656848627375154,0.3059561420197624,0.6757708521739515,0.13516380976741527,0.29997217876000104,9.641184842837896
0.05616616454485868,0.47496703839023424,0.20892067769508793,0.09124802689900235,0.41121580948247904,0.35122540437415495,0.5375177369454923,0.7490386553136391,0.11256873642650522,0.7911255902100085,2.8552072165930866
0.026289979875180114,0.4431019024958478,0.587430286885882,0.9569986731397976,0.5739230268696497,0.1587491932713886,0.5175418053439091,0.3957839471914162,0.47935556760024367,0.19709701465908724,5.332079042283458
0.5008270423112718,0.15003976429087684,0.7440430806908699,0.5939062602255979,0.0785276915917833,0.8896144679289798,0.6163796046156383,0.31610705512783144,0.04564239952731031,0.632226695771633,4.243470638041316
0.37344026134833685,0.9076181048784876,0.03487783271417455,0.039102435342243336,0.9492992869069354,0.9648739456795062,0.0277422267726386,0.7160332349413275,0.22149485232884047,0.7013927662860725,5.5763672768084955
0.8687327966579836,0.10083147886227539,0.23876641676204202,0.024077668326494828,0.043829845444440796,0.029617858217774184,0.8006823564264145,0.29829267843077667,0.4932114395719891,0.7878442635970163,4.03920892774075
0.4949436627067181,0.4291960626245961,0.01157320648945881,0.5680395025367562,0.1247430781370864,0.7646482407910262,0.2577377238150196,0.6741874108086551,0.6462235278246794,0.6166756029300201,2.8007609985114135
0.2669520075371926,0.26708977717556814,0.8630480434413299,0.012807332630426993,0.18152263345395792,0.6101709176419851,0.8170462544031698,0.35834550867285864,0.6534434586108001,0.5571564196202363,3.124758571355621
0.0645401044820354,0.6217501969306781,0.8139034722724935,0.9924483202994093,0.02964007265172286,0.660058172583868,0.41454955314796216,0.009787888706205283,0.6143609437085114,0.1224272985556355,8.263533291341826
0.3785668501891366,0.2613670924884023,0.36116340227109933,0.4926955815009496,0.3592095324895145,0.5527318705895392,0.23864969023285376,0.6353617674283816,0.8537630041248534,0.2240670469152124,2.916247576404747
0.5078772158556225,0.6486897845498887,0.5646261312134161,0.36564944619222595,0.6421997080057483,0.02824620621007623,0.369906231996433,0.5326122146410032,0.020613158835864676,0.5076488296842998,7.635440019212833
0.6542544607656283,0.7592076977130451,0.1133740814094304,0.9905648748916949,0.6061677013350956,0.36319379261233,0.2490928544567138,0.5728968616834146,0.8817116471665708,0.5205653961413648,8.274608190818165
0.6614720556049603,0.3576964395405602,0.3881522880889726,0.286175105771892,0.7056372943682397,0.35918755341656505,0.19071640404123924,0.3694005711662379,0.8538272078327562,0.7382520435769234,4.071579385671638
0.3346408444635639,0.9068089648367024,0.07483263511746696,0.04975379141364322,0.12747035478524127,0.1164547558586031,0.08783431501234051,0.6613426119979924,0.6008423796554239,0.6476055105817147,4.831661263531587
0.68836605416203,0.7568797524806798,0.20717692748641037,0.6223035132347998,0.5800486593363733,0.9436600258034737,0.23236772423964858,0.058722934374331404,0.6534950697145432,0.7401728402367118,7.9925279306361965
0.28319600580755067,0.570848430939669,0.059536065534150584,0.960044841168289,0.10992497329916862,0.06757053615199571,0.04411015949461905,0.42727190650335267,0.09715974345719003,0.7446482409555752,5.738502547258483
0.8988741606264057,0.26021893232485704,0.6287731192513989,0.04233844701181777,0.3865644716927954,0.29294211342772836,0.22861909644035883,0.6447234896286991,0.1302279463585363,0.8607105232969884,6.033732117400961
0.6648359063687347,0.710735178688058,0.9353443086576682,0.9423728715025147,0.5516523238192358,0.49537981728598046,0.3353816082269101,0.7155716102024683,0.538208886979813,0.9328750797401246,10.61287571879771
0.23862594871260534,0.31025268625049074,0.3160904474199687,0.805998454556707,0.09904033184215233,0.4556491209889797,0.4275807369730473,0.0731396210137586,0.41079699854434715,0.5133779832839813,3.007005505886875
0.06510469250491324,0.5098621284446674,0.9592379046834011,0.9789143231615323,0.5316797785898112,0.515096932602959,0.28550816641639143,0.9971154717121016,0.27422917102522604,0.45290130043995636,7.693575046742504
0.0029340578026765263,0.3492322909091369,0.07144030060882389,0.7438247703851323,0.5610144530299322,0.5721718772876565,0.286511285899703,0.8148962902529736,0.003270925331250174,0.3336011791641921,2.5511135240022087
0.6594974904588677,0.907922537416921,0.23461595692523307,0.541100051727418,0.537991420533321,0.8741743690436998,0.05051688955984235,0.4244755610707073,0.18246567479193154,0.021532600298598048,7.721400982426736
0.14703094052048282,0.9764706728481991,0.2148485095202679,0.9350307733358,0.20525434263094167,0.9312952273844844,0.6546209352003144,0.11321857750192676,0.5819151551265778,0.3185140375402786,6.899631397742242
0.3831531559780702,0.44017095783497306,0.42270702253033454,0.6641088904830289,0.7683680685907631,0.32917768920112134,0.9243639616856898,0.9384663140188765,0.0406904371511434,0.014908788883018498,4.756068828168089
0.425066330151061,0.5906452509876585,0.2779047474520616,0.25941375108577436,0.6783338297091906,0.6017042846555698,0.16714687499310965,0.8845009632651588,0.6799760701610699,0.3625762491690083,6.017265990901553
0.68362468999115,0.11265308676781594,0.4682561245740561,0.1689844095595593,0.04143124612843663,0.33832627028829976,0.15073548348078325,0.6335179569538247,0.6740678940177103,0.14869230622660334,3.326098085206588
0.024613005603426275,0.7928105616351604,0.0020570207285622866,0.3439130891837887,0.4945832980456698,0.8186421885384328,0.8385586427461407,0.7249394406104555,0.24719762253989785,0.7201869343191708,5.287511089479422
0.24653919787694167,0.21460819173170165,0.5471279542305324,0.6788544438340626,0.05305176591168059,0.06002260112460844,0.7841706868167898,0.8594972509654798,0.604440916341894,0.42882800970688595,3.333471104780688
0.8453164795991859,0.7288170327753302,0.5795941984312686,0.3197571219487634,0.19799506165681624,0.41867303927151567,0.28682257596021155,0.33925858773446094,0.5156310553120325,0.16909395695160978,9.476338926147076
0.8061766800738255,0.14552946171476744,0.4809936394209524,0.7459713380804366,0.48502070768959626,0.36102206358863875,0.47489130582275096,0.8486706988741405,0.9904316982839576,0.6311432892894355,5.937896897724601
0.7934440426487007,0.014488686159288666,0.8803644095245726,0.9540497599279182,0.5751693417575705,0.7538048620602198,0.5127447429600749,0.2862037404555897,0.8522479719830128,0.5968367119959418,7.5143602587796146
0.579383083791407,0.6591322038412064,0.8560031658288484,0.7319061257709644,0.21112419421574524,0.46682354440731955,0.9802983319862062,0.5545607137627746,0.9382453534707986,0.813369486313056,9.098709029127056
0.6660234418087588,0.34936520265975524,0.304319347525439,0.6434210652975879,0.4325612408464108,0.7987536228167271,0.7604567395401959,0.3121304867385143,0.702728783061762,0.49455019009718404,4.2552772761394495
0.32329210081399706,0.41296659276464,0.8953518672122619,0.3595176921225405,0.287399273319458,0.3518072207101378,0.2146184362086917,0.5446349873963287,0.14743643632253223,0.8174437864369164,4.6538341039005875
0.2255802472456261,0.5980550275396457,0.12502549891989356,0.9784531482143263,0.45457545889364714,0.8221713407588145,0.7686478356499837,0.7136930471456788,0.8273648712046098,0.10046360865970583,6.539698129074207
0.6784971974719621,0.26582723527378116,0.7858716640665898,0.9568687598478888,0.9014895298426958,0.1149522224736661,0.369552420672821,0.36432275719759977,0.12229626635953061,0.09812605334682745,6.71842556260912
0.3848901349691817,0.9920715504965113,0.5689426510662752,0.6217816286042562,0.47101891001868235,0.6623305523040228,0.9566620807447695,0.5886979536143918,0.06503845972119326,0.4928905691681986,7.887451409238891
0.9927512732519512,0.3874027205942633,0.5938812372144722,0.106636763428817,0.1411804987365669,0.8746814531539625,0.30034462825161146,0.305451273354593,0.38721299600232817,0.9664786729045225,7.8206060346905435
0.08439049603687643,0.8187641025513349,0.34155787646598645,0.8494680259854749,0.9917556495045424,0.34866741021174785,0.12935636621235524,0.14437549798292826,0.758740890949186,0.14492155233813653,7.84871700426961
0.2604215685346366,0.20439834366207976,0.3556785640309825,0.07436657514968747,0.856742482407258,0.8601463118009935,0.41293289848268977,0.6120875690234753,0.6419515709043047,0.7492581153459288,2.3667080000082925
0.5206900875440511,0.510336045441686,0.6313037773282109,0.7030483956698775,0.34669037702925176,0.3303704732688151,0.2697184040959092,0.5488465553127485,0.3601556895557724,0.5403132677076319,6.655345839398944
0.40598476582692156,0.8367341825526609,0.07313023974546073,0.5722105936046746,0.5756237505871977,0.38371731053869984,0.4210208945631432,0.8001313608829286,0.28067371026033483,0.8714037914261629,6.441988900999361
0.8963433041346933,0.650619304402196,0.7728577137080984,0.6129475283544884,0.5252591137465916,0.9666777542502296,0.28265496422746417,0.15415094664311213,0.28748536314251527,0.6146256083794451,11.488931156026718
0.18518343810114368,0.9088140432263141,0.4110244006653927,0.8499628782918436,0.24923654452881672,0.31316835508274754,0.059223397172496584,0.25776769218557394,0.4903138189633014,0.9461369177232423,7.39085823311683
0.3889029738914982,0.6397438794833459,0.42771011746878795,0.046791850767941234,0.5035326258967027,0.06591364670392086,0.883699924597536,0.753036961950914,0.3786514712523662,0.6402186661912898,6.123638719704005
0.1120281553133321,0.7025549869626508,0.8227324089914695,0.8217456485382345,0.28427754769065583,0.26374619527682663,0.5213976879026785,0.9677721619298484,0.9205229776060853,0.3596384817559818,8.48407943494091
0.7798295061830441,0.9213177640914574,0.260926465717605,0.8302956496029398,0.26789562690917657,0.34328212588721063,0.19882069085075416,0.5070797990727135,0.8433108942612412,0.5280521374355123,8.973484505658424
0.12344000969309754,0.25177593222717,0.5628618672813389,0.5831874555705602,0.5769059035448698,0.07700349250621596,0.7536958926347542,0.9094281989890066,0.5105189477298999,0.7188292867718629,3.6234456164071274
0.9140154920365512,0.6426227549480159,0.6743257244310511,0.7214044133839546,0.26050245145406514,0.5826778747168274,0.8421751145444563,0.2961627302607507,0.8971704995968602,0.620381949765632,11.378930917027926
0.4231748514330562,0.623182961400293,0.40185990568907637,0.8380356018481746,0.4823185800675971,0.9012133597543367,0.5098080808478265,0.6603683896373872,0.9977444210068506,0.14696584100854115,7.593600897762616
0.7367291487334057,0.13887222791593357,0.8388663657643962,0.5964533811620116,0.9381595606064592,0.8659566019448683,0.07487203746882343,0.1373025416788609,0.6011709286068252,0.5183146399420748,6.555296335898607
0.16856513061344458,0.1293592282716498,0.5639907834416131,0.04892154797499948,0.873735302953439,0.8070829198026205,0.7853699717110894,0.015997147040741067,0.047640943412737946,0.5498391211507286,2.8622212859498144
0.9944256888941777,0.34231620097135174,0.34437481640534395,0.13427796686198334,0.6743358037395014,0.6466766889940057,0.10132241637915906,0.46741228706835114,0.6670749088219743,0.49351613632192703,7.479226262824082
0.6743635818647555,0.8162703974314898,0.6858154331217676,0.6161142358305238,0.8535902569444932,0.9005885678697881,0.3888864371758042,0.17324988772388594,0.8178604040080506,0.21375310729948316,9.620306979047363
0.9289506697490857,0.02287794522190345,0.9212711826193035,0.5891829926120628,0.7747421165128814,0.3984925870644045,0.9917162919088801,0.22755142756629043,0.26434366263817477,0.051432444037472935,8.826364313062102
0.9404733630614383,0.4560293035986761,0.6748524147193492,0.6874407274628407,0.8745020922826776,0.6649252506464093,0.5620211823041872,0.7103185241910436,0.7509707990031265,0.18592794624848197,9.750120140869727
0.109667038976753,0.07484885048556311,0.37405349452253667,0.4980002398377452,0.6156498982898608,0.9580345196896101,0.33078782020700626,0.7608740520772744,0.5313576195948849,0.22008993208691685,2.8896861769330613
0.6153054291287591,0.9671761782897036,0.1243082992512724,0.507279764549229,0.051608354150528224,0.3212162988963623,0.6206026775939912,0.8410569360307546,0.730328421726071,0.4628567782154739,6.610654713790919
0.9092227571041466,0.30271466502377065,0.7539834102251664,0.47400902174766246,0.8986357546727757,0.7974328216537602,0.9014696613070952,0.21424784894207338,0.668150432116208,0.73846340808164,7.9818462435376105
0.7424142652825937,0.5040004504673375,0.01125052234795254,0.2614307838690749,0.3233008750043811,0.8520366172817615,0.8408858171042203,0.10468010403778327,0.9498358817712576,0.18245748665149097,4.9084039858763315
0.4143594513009211,0.2151569661107554,0.8603324688293574,0.7494020318593119,0.35352880688780397,0.6818786260260554,0.18436688417154234,0.3822970923760016,0.3771075883381082,0.2379366817213978,4.971296579367133
0.8763120495828826,0.6788457354791262,0.2799393105637993,0.2421207606290373,0.017953470999239052,0.34658225379235463,0.5267712833153182,0.2777109419083764,0.70045827642977,0.41174952901126627,8.562178495142057
0.31631783701066785,0.9390576587903312,0.26280087728813906,0.39825762009665633,0.3822907885207719,0.24119834567124832,0.2174767398104167,0.3023800188134036,0.8642361699311809,0.7670828872292905,6.320999779303763
0.6809995141600522,0.45710299264249343,0.5077539846326035,0.26713884549346034,0.07431591383591762,0.33104055672048227,0.49558375599236615,0.057313046519332445,0.08823330205710644,0.26302523288456725,4.847048660785525
0.3670803735927616,0.3933168111187052,0.11788606628800513,0.2258213545347888,0.2616472520636087,0.0676348762012462,0.3260997005896973,0.07222157275550722,0.7034578431096701,0.38604776655731043,1.9246129784665484
0.3267523893783747,0.1265221715036069,0.2265036554448958,0.2327052089391236,0.985204214873303,0.8353493795084933,0.015262291633431624,0.6168365907684797,0.25591009642192375,0.10437692881958427,2.501915740512298
0.7055997631197547,0.13160554946834924,0.4437407795297357,0.6321651648399242,0.5544947561549887,0.9776290983027429,0.7857426131225226,0.7741933761274897,0.35559539408103125,0.008395492084141698,4.834285382208878
0.7344109296706883,0.9997320842956724,0.4058791077436156,0.9855184989571174,0.14170810953434643,0.2965123516367174,0.17072693174247067,0.4751759729268158,0.7969814015072204,0.3406616915379539,9.217332636287715
0.9062289371518715,0.5448304133297851,0.46542441374187726,0.7870358421952763,0.10144349704178457,0.7737524712106747,0.2429520001728267,0.28081254718323756,0.5994537733200799,0.9019344250462051,9.664952608860913
0.5784069497708648,0.648949348794487,0.7765945896052742,0.25932475899248675,0.8272336728041425,0.41796014906714973,0.1756556934911625,0.35011807946112494,0.24613111171822533,0.22871360513564587,8.493233860328598
0.28256319871916613,0.1809308147420895,0.6677017570826429,0.5799917570351172,0.6484418929834285,0.34372472382816044,0.7697334025740443,0.12960874095416475,0.5711367094613602,0.2754529722464739,4.127934268296227
0.5276099006976114,0.32363717524023916,0.7905117650912953,0.8912718388380946,0.7425812233716312,0.1755837128492468,0.2748668983883623,0.9193580655184158,0.4372201276582013,0.9411804093492668,5.836033284753849
0.3924516888622668,0.9517746605906637,0.925738987733331,0.6605268899866162,0.00882704846150284,0.4003346819759369,0.9112351296955958,0.8851102891081147,0.18738780009611367,0.3991824959691026,8.587193365203678
0.8355099278794716,0.5778778532500544,0.8472992334462006,0.826567384448563,0.907482006952483,0.1172205881945817,0.14521514145351566,0.08280902896905251,0.9352688410954316,0.47516238437789315,11.234199021436124
0.06432528348244815,0.32152990251404123,0.35141264112996684,0.8095598234767573,0.7354768921709229,0.689387049562569,0.021863552591378732,0.9106957964263788,0.21555526691574156,0.6290614046926778,3.6477808968397696
0.06181904301141916,0.0815260918720545,0.009577296130122148,0.5659276445453306,0.6293796696169047,0.050462303233228756,0.2904848847640389,0.8514544141780167,0.10130836682291411,0.21654716455333123,1.9189472492964312
0.42439120847242706,0.842274102633116,0.25484905447520423,0.9971370153633421,0.35526181313852834,0.3864486584836231,0.12210620423079432,0.6801979008565308,0.2434651827844816,0.6288675952950463,7.655893884437986
0.22315772840292658,0.38787226722646795,0.8566720919544175,0.73890591147407,0.15459089994372344,0.6077081673741014,0.6286406516738093,0.09056847350186104,0.4658056543359358,0.2606683956676079,4.830547959892485
0.46713014276348297,0.777070991322875,0.1582595598103197,0.12330420558804378,0.26931649510577294,0.9522754503465832,0.7478242111849663,0.019455862814546587,0.40100484248337664,0.2573979790803852,5.622951470159123
0.6381445683721739,0.4592924535341931,0.9644985248639408,0.21897845098423818,0.5878564159989407,0.7002100149902226,0.8255644893453816,0.4069710304280071,0.6869219076574815,0.3032014713842828,6.431352208410935
0.4354760923618203,0.8956271312033992,0.9499076093309543,0.7188173469272647,0.374351890776185,0.820057789974664,0.025867081725420182,0.10274591053942106,0.6613737363753611,0.29124857527005743,9.231065819376576
0.9513862184004778,0.43606061209230473,0.429364820389177,0.6780795101909313,0.7675685623061896,0.4755587381251365,0.21400090171172415,0.7733086427256216,0.3203512748736276,0.1751107692938576,8.777822158894297
0.6316401899250133,0.0904536669903504,0.9713526750860549,0.632397264412137,0.9858955209217558,0.33889342347863605,0.9712051611903979,0.14556224772862358,0.04069477234702845,0.03298406045460256,6.41689697268492
0.4648703705992271,0.08300419747859478,0.5121678841676017,0.3275005035089005,0.3356289924741156,0.6356089965451698,0.16309800615162018,0.766553370339731,0.5820309197786347,0.9149446288475109,3.1701292749394963
0.3648406537675234,0.9827149920671255,0.5758276467140232,0.9734019561875338,0.02706065404711533,0.727976322412388,0.8166215242927363,0.053173286676487574,0.5789696640162457,0.8019422935894484,8.131412511367088
0.5610387252230727,0.06381359040546664,0.6934472408983114,0.06059691467330863,0.8174688950164385,0.043034183306694396,0.1373973810103708,0.2751075905232685,0.6333647922608,0.976359099631306,3.962899143438448
0.11782285261993442,0.14270766921391842,0.3688703967009803,0.8362191377553202,0.46723095275081417,0.32161060025582167,0.5612038322088613,0.26052319744575003,0.40115990724752093,0.3326051492320419,3.4096366362559456
0.8041410224146459,0.9242557264380008,0.7595721921569119,0.4390835760299835,0.5043349774966638,0.12507369392943568,0.7468647111345378,0.5964756793950441,0.9024399961374364,0.2006111435751532,10.154620134591458
0.7597261219326121,0.6846716617191897,0.2658455338097522,0.6673786395408251,0.9243733805766495,0.9184359876671189,0.7196265745161413,0.0480731125340601,0.8722643373201615,0.6577786070045399,9.047774165852092
0.31043425318273443,0.1872503617056993,0.11620386299731711,0.05023689925776098,0.7541032479507565,0.23584299894327532,0.02425293604325507,0.3972706518419893,0.4826070805923389,0.1692302309001269,1.5570193772085041
0.04404833616254977,0.18912548309806887,0.6791027618365744,0.0822436772512064,0.5550370305569938,0.14641198790816667,0.19568917358041937,0.3930778832666987,0.10082533605373134,0.17320350278221286,2.8840606327231573
0.34895241145135414,0.32966900549836686,0.7492714856757319,0.07478230512642436,0.8604507356663434,0.8162321707394549,0.7659916396919384,0.3093723624631325,0.8228817855407875,0.1828020802892808,3.7900109470388608
0.12440920585502824,0.044956333489487355,0.9393103630055759,0.3080108977052737,0.9176178801779059,0.2726135615193297,0.9075659593363495,0.9039290528460883,0.9236760450107129,0.49615343928419375,4.516499953271462
0.865946286798892,0.9507658961673202,0.3246169418971795,0.4188744056825551,0.719240187335744,0.3003598217233009,0.753809308912659,0.07389214521353393,0.5234983842885422,0.1223134840837452,9.724117414984859
0.29332347643667644,0.258625392486472,0.8389320735626661,0.19351725540619746,0.8084479201591189,0.793960345907922,0.4988830555572299,0.23384325559612962,0.22689633995622271,0.4649246471158478,4.067312876677484
0.00880900739351631,0.5313507546113662,0.9527795257670554,0.1547068818625965,0.5733456214756034,0.9617786886444568,0.8605221394916002,0.8503801163813403,0.821849930396189,0.3090236060561856,6.451933722814111
0.8906168312668122,0.9413403512331711,0.4957924232990394,0.35457104725945876,0.4142290156058561,0.3342064418312656,0.21241844202454008,0.6184484702528894,0.5625968862453229,0.4625850710392756,10.135167812184175
0.09584538668483178,0.7968929647059998,0.1749335627507892,0.11456204339604814,0.6230713954829474,0.3986443612377232,0.05980847535232947,0.3555683549610582,0.7717803522849628,0.6152492052170976,5.51319702048632
0.3627860229869968,0.19180479163458808,0.6317956208047733,0.8875553009463553,0.6462727180159138,0.8129038546502242,0.521527838554371,0.7179711067410288,0.8962267737783524,0.7731789782586551,4.751968073021351
0.9098539533981457,0.43113960211605984,0.9042202551270566,0.6215672344817076,0.8700487660816937,0.0393765304378354,0.6578523819135361,0.8479750788778987,0.17420203364319975,0.6617869334649231,9.438634202848228
0.8249547142166315,0.28794936963263706,0.40524632790639203,0.5695177184992194,0.5191676888845621,0.039189393037135645,0.09867209808541344,0.10046657930436131,0.262267905499175,0.24586411280244924,5.641470081666708
0.7422223837867996,0.5727443860161445,0.7639760846452411,0.06989605741087013,0.48521423747160064,0.32377557926526945,0.8499393107557464,0.7077891569099033,0.8692584708267963,0.04642712240606006,8.106961335466412
0.7208234895666005,0.540008352159578,0.8250000290155658,0.507160590925821,0.540209077901909,0.05176738094206512,0.6685228650359667,0.27313987560505004,0.01969392217882049,0.06643716250603005,8.576876135616448
0.9572856089660257,0.34607728957984696,0.868075628621159,0.9596772340692559,0.9432671888373227,0.8817252406994202,0.8948439124613009,0.2890080443409515,0.1514698902603583,0.6392625620879236,10.245173095536982
0.48810559186882385,0.09874671869517104,0.6775413160224109,0.5628600074847734,0.8630674008104391,0.6091837956883986,0.5739461797217537,0.4407517233326279,0.4627870698888703,0.9543812269791161,4.727292998390596
0.13844600940023932,0.44621881858218715,0.6558272339268428,0.4330106455903996,0.28321562704075776,0.28735737076285484,0.23365604625771574,0.34390320058308965,0.871674775583567,0.5052245503229952,4.308041423385914
0.24023872807781843,0.3845267170265324,0.10583041207856803,0.904035739738738,0.408197832091432,0.9803912045930757,0.34753877326251925,0.8363560472271211,0.2563853132914532,0.07615289337760223,3.1565478979306962
0.0317333616738007,0.6061684266447835,0.3115736716735894,0.44351988047582835,0.8186470356007953,0.24810808569480214,0.30865247673491325,0.8453361850586673,0.4927622733435041,0.8276651670524876,6.326557216447257
0.3744760034663164,0.3983699808271085,0.16713836177825625,0.9163458535949663,0.8967836940126095,0.9842170145647735,0.40244712716971154,0.8186149417586421,0.4149537316721186,0.45429878892097275,4.14141044970219
0.8299993935948246,0.17736677088639974,0.22031093446175232,0.31472824039581504,0.7881790325000575,0.37265154936808276,0.35816820828076157,0.9988163452552418,0.38380614309947947,0.247770536315587,4.850892005107534
0.6232136782009433,0.8018799519550008,0.06960783372315926,0.618892231138475,0.035735455880224753,0.5263323509795179,0.2569915637578092,0.3066416976731857,0.4670959639823826,0.927107460745587,6.6823927055380015
0.7106673065878765,0.9368455962844964,0.6599710045586776,0.007107747087859662,0.2655851973476776,0.9057725777203739,0.6434455209677448,0.9816472365702749,0.1559640192182956,0.2967478331065194,7.9752228543231745
0.3623676595170363,0.32655781816731055,0.2519915301498806,0.44346571575677785,0.6422981233693712,0.31125692288669604,0.07969992331425568,0.7085325268931634,0.45901655578126865,0.5564823060900632,2.832137357429321
0.4554006571639151,0.8903575034549103,0.55874499716638,0.9232768398517497,0.5105753415560003,0.29258816224028183,0.3554425871761966,0.5221292935847855,0.5299894378050086,0.6873377015489488,8.649913169037823
0.22449487218663078,0.6588428999655017,0.7785880083807523,0.6765919894669901,0.48182810981759083,0.991680651116834,0.4048131591292162,0.10659061457982921,0.821504215407343,0.2122012188804182,8.256056180437266
0.7132855729024421,0.1789762827151259,0.01687739085793938,0.15979860378902566,0.3769886965758219,0.10661824712979828,0.19767908423568203,0.764626277684393,0.7698836079771307,0.8174882271909767,2.4879380825807056
0.8411552365475925,0.4204358946137554,0.8675496606935285,0.5259368750140431,0.47059711693600814,0.7185363289957758,0.2138184113599072,0.789497376827472,0.42946582656620325,0.12729541400376043,7.694187410810148
0.11931191351696757,0.16490674384670012,0.8905727342437824,0.9909378222590475,0.35697379920128347,0.2921438522052976,0.2187709725943373,0.8238164771672455,0.2092074824188761,0.9240901299302697,5.17663934100802
0.6673503789712827,0.8971277916691947,0.5540098543941463,0.6906798621824968,0.6194581006577077,0.8311954563237969,0.8358608111858811,0.5897929998451251,0.6325076493297723,0.92187592049783,9.104559672643328
0.9298664839649694,0.6642497838951816,0.007754278173163542,0.104411214753941,0.8579425317744162,0.0847141163708015,0.21351918085506638,0.2305466802216518,0.6002347697799049,0.5766327978837642,9.069905899602055
0.2894175234204003,0.20761136556844284,0.7645320298574758,0.9354561556059762,0.0528056799164387,0.13318046270486283,0.6421639887057075,0.8044414516714257,0.7911886687763996,0.7196831530826893,4.547077104364224
0.887427954498092,0.21734887957081284,0.10729094649194715,0.6153629700913683,0.8222758915234324,0.5820435784805732,0.9629974874589062,0.7955644613917894,0.7007918009092609,0.06025729087173359,5.8691818916066065
0.1077422387316821,0.7848376325911943,0.19823792557702935,0.028835176078990554,0.9107606857469649,0.8908053737012341,0.21848382723149185,0.7802062580729546,0.04797966121165509,0.2850580038232631,5.703637120901469
0.6236669082566249,0.7631789961583855,0.010399188788189573,0.32620861327374406,0.214345560063674,0.9987804057487236,0.670982232385235,0.4056714528797438,0.07565260198068502,0.5986702575069638,6.089130571132279
0.6417014709360642,0.8164059275031351,0.2885768529193635,0.9814280804800964,0.4394657393139495,0.29594375465949363,0.34844933400145783,0.5195860529671238,0.9367015645071273,0.7351587979194005,8.563339353747343
0.5771096494637823,0.1628103879798618,0.14935331089087167,0.502196913813564,0.7287087046016492,0.7510121727551101,0.2259143838762584,0.10009951284725327,0.38446098925378946,0.9181725432440743,3.191740272256149
0.5453672526693822,0.3200997668317743,0.32363766833912166,0.13208704522218495,0.473223736106158,0.7913626785148384,0.9685586915273413,0.5015949999579754,0.16721491584268844,0.6829503998028645,2.7008367476826143
0.7567913427452954,0.0716997494231022,0.8501391296312288,0.8293223899958574,0.47254105403911795,0.5604225186158683,0.7134080637109191,0.6767481250628593,0.016535978193209067,0.12243530384848578,6.746229634812073
0.1625905557812457,0.7556758890720988,0.44008356289238004,0.5455026263868251,0.7726874368954841,0.3409822690640908,0.7488902273187731,0.44229927462955965,0.3771801877742066,0.3330372640547401,7.351651162907222
0.9649448154923829,0.7719734107089788,0.020195940773529375,0.9574154865182017,0.7754396297266734,0.14917471445425556,0.07633812541131713,0.3081940936594534,0.6241815293460617,0.6165466891494674,11.479053849180513
0.27585012514922047,0.4456749786574178,0.21189015571373548,0.05057868516673747,0.5169704674268787,0.3469911342520381,0.54288243229793,0.9465073224704517,0.1433703116953211,0.001962018310955327,2.5643495869253736
0.07687821328212519,0.462708296101629,0.7069320298023235,0.580763603317189,0.494894607373747,0.3539631310924124,0.309974171531501,0.3762861751049801,0.6116349540090713,0.1677539558655362,5.2001405769047695
0.7713620830546257,0.5752532400931103,0.26915637761142763,0.5011529628112837,0.9627786876851664,0.020491529145194032,0.19952264090122918,0.448380239903278,0.6384397217798281,0.2122282662854852,8.233595674118005
0.9314039483761962,0.6425720124246421,0.8774319489564305,0.3293179302503185,0.8289539343066296,0.37821921689944626,0.25275177246120495,0.911655339163793,0.09221847567885455,0.9428887960564042,12.051135807506059
0.4585152058676055,0.9926254734858617,0.5395946537350288,0.7574881720823031,0.007071016338003999,0.49666681996016515,0.7374534716181153,0.782827019958449,0.15804858260159804,0.41897095038277865,7.766546156886109
0.4190719581193387,0.10364080849905588,0.44304550769146667,0.8070929586960054,0.300180737618987,0.4325745218938831,0.9609586850621427,0.031708075891562215,0.5915217678953557,0.7434360917776291,3.779513367004888
0.7608824340311784,0.7159380248840443,0.7264514434684364,0.05901266567304986,0.5341366191363328,0.782969071657256,0.0940650490373296,0.012049922386867862,0.8145618315996581,0.7122943875664892,8.876867108483353
0.4122064169144426,0.9403964325741719,0.7665980946514712,0.9678609416065774,0.9293152595474673,0.4812936029793071,0.754708978643566,0.669191388807639,0.8114452100924915,0.787688402250992,9.684320214523988
0.15323197003322675,0.23373553180854634,0.26573157717756735,0.8184985592170105,0.8107417039291889,0.49533534693944214,0.5808322592519212,0.8269221529683999,0.3125936006777432,0.0501787769163633,3.448889820009179
0.4825964382791672,0.9137171438486718,0.7904682609600729,0.3666173031084857,0.06477136048283672,0.63691950538251,0.8344907958705201,0.6649485664546385,0.4250746647630197,0.12335361317907134,7.857607947769999
0.9107742441373549,0.27595832575338297,0.22428703649295934,0.8159766656096541,0.981219938723857,0.6601602587447604,0.6248104890245506,0.31943086922106256,0.020413450685129342,0.19179786582270963,7.151821988322077
0.5844304365565719,0.15131646181604552,0.8838358069313271,0.18814468785288518,0.5221044530119016,0.5120132457687949,0.6039456301296505,0.327434069718039,0.8735342010653153,0.4443015359750696,4.589403826024706
0.700153578736574,0.6359108609667031,0.11715608311970327,0.6226393527026114,0.550702677981096,0.8986040632559059,0.8808766364849033,0.15095478741164636,0.08168514558660767,0.29459221921086876,7.545297161651398
0.9866128566843088,0.021573776406316747,0.6728922395728768,0.6085137338409772,0.6465782804578168,0.21828588977074148,0.22671734579984992,0.4306420821738246,0.09585780706695635,0.0746132090189402,9.057701723971755
0.0883594534860972,0.5729791713062578,0.39774185689789376,0.2936167806572736,0.3158193796513056,0.20728330584907373,0.4115053353219349,0.20305806919996738,0.6980460422993325,0.12393251265393612,5.4845497655864275
0.9482420845808465,0.0898189401272822,0.943460714279876,0.8332949715204067,0.6807121206133804,0.9123016555654836,0.13921879351737687,0.17631477418691532,0.2521525920588158,0.2448115267658909,9.61757489122232
0.31084827092716016,0.5756308982730933,0.028172611305104622,0.3822725950399758,0.24638512789259648,0.606629848052722,0.9851693310515356,0.5176546121833726,0.4256852391184338,0.36824354514511615,4.719979469056567
0.7849492188798577,0.07198093165072694,0.9597705144601215,0.4179178859880456,0.313700725825113,0.9740681163997013,0.9358788632431999,0.641934139765721,0.018507374850401326,0.7485349762065718,6.339531516807318
0.3355574000420013,0.3882802308542611,0.1587421289773886,0.5234580838648993,0.7445525962037662,0.27301111809306844,0.9387329080433752,0.19473685600295432,0.06626234059443337,0.644363873349901,3.0372679965021296
0.8493187318800468,0.9531328593075122,0.7671710105165188,0.1996500115060723,0.9776611848037303,0.9194358760288427,0.16316742276244744,0.5587858269153244,0.5555174259309789,0.44253477812947084,10.666266320760833
0.9842813302596888,0.059622237180221194,0.6272089084435847,0.20530362267881008,0.5273312047309596,0.7797407717875188,0.24672680316854634,0.3933595464831485,0.9507680742803991,0.7614807377203096,7.9472636382410125
0.5727231845118356,0.22199738780671674,0.4253054374775831,0.7740613190499227,0.8205430781099762,0.24460619814239892,0.6620602104170192,0.09500299212339991,0.02321230745046443,0.5486739234330212,4.648293045964752
0.22437985428042873,0.07891203124213286,0.72982831289523,0.49797458836464503,0.7962770109584505,0.6639442396805569,0.72980493991549,0.3073605812958998,0.2632758256832364,0.6008748920952612,4.227941983861571
0.20008214039808436,0.8154121156320211,0.5229201689742385,0.226989932347761,0.6251682323299085,0.9450357350836177,0.0820947265907741,0.10934520731350295,0.8438391468633399,0.10959377456687358,6.863264148623983
0.0393753693529878,0.3479305810464729,0.4667058849215976,0.5694444366906898,0.5073002325642498,0.9131845626581134,0.7686681003916374,0.9838102558617108,0.4764554232253223,0.08432960983917892,3.345727894327632
0.9555306429428746,0.004113161589097358,0.7760960138390484,0.03128203077167946,0.7612141906516384,0.9379389398480542,0.38926029733104683,0.24096485121971767,0.22627915251183084,0.49171764415020336,7.722374387296767
0.17088703575679154,0.6729236306597121,0.3683523574883749,0.32310949240325904,0.46128557625645705,0.5425875024397518,0.1419302622587958,0.7077633637968433,0.8829470999053262,0.27798691620118177,6.288582250863998
0.1803909018294848,0.7605054237190636,0.18354172376564948,0.04125516036295662,0.6192432203827789,0.23975141630535024,0.1718104089285597,0.9816027417145062,0.29186498339972766,0.9034432902155357,5.436417838050358
0.1782187658886043,0.8189771320624352,0.502018873048482,0.07859476911599528,0.7336052936435724,0.89207337173478,0.16301699033552153,0.7255902423361753,0.4450525190731238,0.7538704532567183,6.594064094908897
0.7139279481853057,0.026600230463005414,0.17872103596715516,0.4710272429322744,0.9335941719120803,0.3420734567548015,0.6288734702801819,0.012083745514428812,0.7111269215469441,0.6030682627528046,4.150801747346682
0.7153947466157659,0.9046606130249449,0.14649893311781004,0.2615895960080671,0.995780892168142,0.15628395850962695,0.7206270065260263,0.7250759105109018,0.6829937462355694,0.22744058931457767,7.706146854062905
0.21513406321387074,0.666341068034788,0.18625018445921604,0.6615633317405374,0.49252828202531806,0.3866288676493841,0.30023234937794574,0.9475769333231167,0.5080936577427876,0.561251962510962,6.472198593823871
0.9492560846867855,0.6538773180971337,0.9578529277568275,0.10636674052269846,0.8466396317724039,0.33541462802309086,0.8104875250703412,0.8556366241949785,0.2714878861425558,0.4088306165154789,12.213596534157514
0.726014354314904,0.09905563089697067,0.75553353433934,0.11047292605474401,0.9144557322680581,0.2763392932963534,0.5755993468673558,0.11715350007627279,0.2694931546624787,0.4039550434871054,5.228122024417641
0.48704887668301433,6.749764657443258e-05,0.8886557623804684,0.007674809558877116,0.773684562994425,0.47057891235637095,0.5238800249013764,0.20826547933454087,0.6073683503457041,0.5372319091694522,4.156784885790685
0.16423640662029537,0.23811900134921915,0.06690362901245717,0.06628357208945268,0.013775785952426567,0.22047432548308377,0.6796612273970557,0.3162153881423563,0.34273426986737665,0.1319053932554447,0.561082230437466
0.57547066765642,0.34214364154673726,0.6763168034302147,0.7414594688425534,0.5846928752483821,0.2760695368120363,0.5086077993372543,0.25193080468230333,0.9029128353539181,0.7663857500825573,5.259105505871236
0.49300590600556626,0.9654571431781466,0.5467554467301879,0.3285354769569482,0.09546730079404708,0.5437456448134136,0.8604166115813455,0.8667187281564487,0.6045670666827484,0.3934383632342128,7.110962452437038
0.6502963080906798,0.7621403545590395,0.4116247843941262,0.47625416921492536,0.680616307377943,0.8766526061027464,0.7910103781422749,0.022391369320348686,0.12437234378458784,0.8527781802855218,8.194939071059128
0.8338228280450336,0.3888067831487092,0.5842779223576656,0.9058449824286463,0.9115586810070964,0.7830928457608908,0.20958893835967896,0.7302828073539449,0.10109843234705662,0.8939384594545691,7.675250169693627
0.14914880357871452,0.6623486401114509,0.6102432742523487,0.7768996558795831,0.5515775023584555,0.05956657537573218,0.7058462540441491,0.38315455883526794,0.32028500121910985,0.9916735495337348,7.9679559078049245
0.5903997659597278,0.7107190732694113,0.5263261369356483,0.7699726459516527,0.7520727354999752,0.6571461156801605,0.9977430614437768,0.4597935340831377,0.706192348298155,0.7977779628049182,8.873521887958265
0.3760347095945443,0.4571750275536186,0.9691672663905854,0.03229101712660809,0.3352956539609143,0.48621296233866995,0.0014649930691902346,0.8991271010066118,0.2862444002121587,0.2577048321094443,4.9496920552194945
0.8203261953537418,0.27798322850247537,0.6576225939020224,0.8215031439019592,0.7924768477103724,0.7819507374259289,0.08863756986523486,0.0798469675723642,0.3067700357373875,0.03594788119601777,7.1160162166128345
0.5004297365192644,0.3947820662702183,0.5570259125431491,0.29878853866969046,0.48575400299042704,0.33474476585905377,0.1952080922233086,0.6493666811378149,0.6734359014991852,0.8292316927497501,3.92928126843567
0.8747517831537248,0.7044619043679154,0.687498086697512,0.0566756653364725,0.10977924145817153,0.8125627103908734,0.23295126162363156,0.355565060217083,0.14529735367587682,0.195151968574919,9.527979787964819
0.7754172353702062,0.26185961951553827,0.44903496626419015,0.15167137305923928,0.6779299063160986,0.7282697341334762,0.3616923178987138,0.7847466461227506,0.23990665192212646,0.6919038621001561,4.585757493981267
0.729964581420454,0.9686573777887763,0.23232166518671626,0.09371048004275273,0.2630354222897866,0.12286219658211905,0.16969430849430966,0.3341145118559744,0.41399074672200087,0.9037242257513796,7.000947586964243
0.19561577150002107,0.9717589759212162,0.8101532098961717,0.881471389893441,0.9294439897402434,0.7532411971411207,0.7887798316170611,0.43781829660561955,0.510450234676244,0.9324854267666343,9.341212171057748
0.3782559115526495,0.041947073064207197,0.7627543854747729,0.5731575117175184,0.8148759623433116,0.07555126661096212,0.6212319904757898,0.247705887990758,0.903268594494484,0.10990993974174568,4.703918178642972
0.843069272725063,0.08855425197191036,0.025097355496998097,0.2350594300419223,0.3330445409266838,0.6265287718118712,0.1317245973610538,0.43732993359107497,0.20426360210287375,0.8553033215470632,3.7940041808090115
0.04496650795130497,0.3559377266885211,0.6313740799691089,0.913088178051939,0.8679934226938952,0.8951919995171636,0.06285329368298209,0.8409232614634595,0.7799125785441191,0.9024316492756189,4.920351684469304
0.31157626725800136,0.9117651062733667,0.4026410850864478,0.6340996855258,0.4241789912069983,0.42764843051565116,0.5466370187949016,0.3559267096208225,0.7927369942692357,0.6336387354152389,7.246988408952193
0.6897557615389457,0.2310348002217636,0.9695752884813924,0.6601760977729654,0.19719586453039162,0.7504902434710338,0.1737141032076227,0.06338489629950839,0.5275533961458343,0.5535239541623472,6.023074866769696
0.18896557473159858,0.348378944292159,0.9457692956786969,0.2850032320874899,0.15556806076536867,0.992561958665454,0.30230553638046676,0.6802536731460787,0.23156018143926638,0.5501211969863894,3.9597571091865023
0.38628198660961555,0.9615792611591886,0.4328058745504877,0.5841741841817242,0.9447662659001471,0.9892342999379551,0.1016583640049965,0.8343207120423889,0.3821164941872488,0.5948287062056128,7.879997852021796
0.3750480789552455,0.40111620565479233,0.15885753598511154,0.5727664584278659,0.5467159459447247,0.18935578853839985,0.5417304293339414,0.9731018826310861,0.7144085958537897,0.4809825595833519,3.1033438073133746
0.9160839855813753,0.5753143565053058,0.13504799872780338,0.5475096478124564,0.1809731153658678,0.7675048387476743,0.9671742142947083,0.36081858454333027,0.4349178801251945,0.42149646683863007,8.858198562727377
0.28529997579488187,0.7941799648786311,0.6177283327469959,0.06405155685655961,0.8388063350231355,0.18708823115320727,0.9791511617091211,0.37666313900256576,0.6164496471503238,0.0778236188960304,7.122038647294719
0.34466327468835667,0.8023539573607814,0.47720849195325843,0.9046034835440229,0.5751384410508071,0.9285721953957478,0.9826099070125561,0.45389455951827595,0.565156572577808,0.8349206432512698,8.203489306544899
0.221533005535813,0.8616295737811096,0.5919201403772696,0.7255001353845254,0.07985402266344521,0.7661876834534036,0.31078690457365843,0.805232276849842,0.5091525383027069,0.27461433481563313,7.546299100715366
0.9527596970216541,0.7650623977114992,0.9856860738736469,0.3644698984122038,0.6492196335416387,0.6115886778637267,0.6875567410688029,0.038316566041330824,0.2917193238773741,0.9093375737908073,12.835111597696944
0.42382005487222685,0.9606436790815472,0.21350317264497576,0.9974239734810894,0.6975809089595323,0.7763934240664878,0.3968611722025358,0.9070081212606208,0.545462900958622,0.680938380224635,7.877356669194519
0.094808271336286,0.6316807008928934,0.8790789882621566,0.17828322821598808,0.737725934634846,0.02540075899465455,0.9262030165625189,0.9829171160311863,0.35418006679809444,0.10707384971533485,7.609621066752067
0.658576368163145,0.029834514147479063,0.48248628129718674,0.2717791751378865,0.4733390539528769,0.01827551473835698,0.051612183070706474,0.015975828843382334,0.619131870047114,0.5600929176752085,3.8580492051766173
0.23315799853660446,0.6466431289040213,0.884207256894975,0.27732210102611365,0.8319938078789875,0.6625091360021815,0.03382044317298316,0.3751498958294345,0.5077572158590171,0.7316991899547214,8.0911676488535
0.28713055825341693,0.9827301048579323,0.6845397405050858,0.37281367716436054,0.09702503907711202,0.18136776027080992,0.4876077600551566,0.4946953549583667,0.7677187648213535,0.7261766255722525,7.211368040668149
0.2012730385178173,0.594956620558265,0.02062180074288833,0.39854739938433337,0.7641052405716058,0.3995085932871665,0.8355962398014242,0.9761552901252816,0.6072126026993657,0.1450040763417566,5.325928905237657
0.3796772079054107,0.009483355068375166,0.6027259238407526,0.8215685009737982,0.6299400789230429,0.7860862291834498,0.7999039272758867,0.8510125762174637,0.2666637829975542,0.8712685228204219,4.538106915853244
0.6540939984634909,0.28972555659448695,0.9872947149962611,0.950182393731669,0.5744409832063994,0.8432083783995635,0.2614944887198717,0.41603699661089,0.1839717607438337,0.520102642629248,6.86407084633926
0.4960014300716653,0.21281322596156638,0.6728016937160975,0.11779029552541254,0.06169145106971119,0.3849049686623861,0.40982477778470494,0.31974060652648617,0.2579466375782504,0.33877634500953036,3.055628708211721
0.163375573952103,0.40345246913287736,0.9046033735174437,0.22442688120883825,0.6844511043503504,0.14178451039783935,0.35390662401023076,0.3211747805452563,0.9370293944083278,0.4279820558018089,4.545922719435866
0.6904659437813839,0.6024628089713293,0.1410300752847614,0.9395404510306183,0.3458692918557632,0.04475835578364973,0.30044370684418764,0.3356337258823261,0.0927453273787272,0.6199774063799428,7.77446194873727
0.3467642055415454,0.6291346063309708,0.006740563589067161,0.9820483989907525,0.1705163585446816,0.6593309867049364,0.7157843032795155,0.17160834974747607,0.11171228210241857,0.15257719184480867,6.274097281829409
0.24681825584494455,0.16823211799290883,0.6739994269560816,0.42083320372606725,0.5377915945153631,0.04733678880915826,0.8612489631007233,0.17057155320619222,0.3601523314550882,0.07190163982776698,3.6750923846540684
0.13679313464832965,0.6657994099756614,0.6925870022556889,0.6769654846253521,0.552136787846022,0.9525216640119066,0.5071771607685764,0.4494120292964465,0.24754556571714348,0.09884952926661261,8.016557670196132
0.5481549299661788,0.3148901866928281,0.5240253831905152,0.2061190782604797,0.8381726722079114,0.999697209659069,0.3224035101206495,0.8423276072603297,0.8729861363924074,0.9960737887570796,3.814653592236519
0.3427201297779794,0.7560413937141057,0.22880900364198542,0.6247960012921433,0.7048425694728376,0.7411206925350964,0.20717216858446164,0.8487255704961948,0.42097186039254186,0.21636951773455504,7.01100077865194
0.5425310883719016,0.8633571296069421,0.9670879097781138,0.7482078217278744,0.005622886271362426,0.13470076046595614,0.07627398643886574,0.10121374299388475,0.3830349560197751,0.33849331482862777,9.276449114603981
0.11368498126831006,0.882235351614249,0.6154275763323602,0.7964633089564489,0.3715493888554309,0.4102360162875679,0.317621210536728,0.4384266120984911,0.6103772623550536,0.49298400784024143,7.966421720780556
0.8379170061884502,0.9001391686098242,0.4696838533675992,0.23974798034864941,0.9451924194593089,0.7350386430509227,0.6401270860538799,0.7454137336239759,0.07598178239692288,0.06762632763767251,9.687433925192758
0.1531206525809874,0.14745096744053243,0.42067047484940445,0.15740408228536418,0.8545256442665965,0.5780969309280258,0.3682618963502514,0.0696225382252671,0.5910277959591251,0.11653282059212633,2.6193090821928475
0.7432202504026062,0.8027580967438215,0.5439762579598412,0.14960285914085747,0.7868627237404655,0.30782778925933396,0.22265314275345982,0.4705566410184253,0.9226462413829178,0.2973732920745237,8.66345196696691
0.9055785009726203,0.053653308739827876,0.08352370501794681,0.698561025135247,0.19059266144817555,0.3166206831966254,0.13637298098057904,0.33224826913254835,0.28045999389246334,0.7363376389889836,5.581223528250691
0.7020233881890439,0.9549271764283654,0.7244216851730408,0.6948177530213849,0.6942038890626517,0.8829674556481761,0.2962367328755501,0.30009210919380425,0.7412138097049368,0.2287051371501274,9.914485431533356
0.9120200041479699,0.534781725086886,0.30012492809283176,0.7760999296899824,0.3123206298752961,0.9632783170718717,0.9829892097249847,0.6667962419661961,0.11363388975022926,0.2632088499332925,9.273858594891308
0.5154169622160554,0.8514474500979816,0.18488649694202863,0.10440345901393233,0.07447748318903558,0.5069675623600469,0.8847009695947058,0.04235924264389235,0.2123215339935346,0.6932570158395017,5.620310241035636
0.8258634351437154,0.8073995292991696,0.785068057320331,0.12979980081333997,0.3972375821829185,0.9847446628317466,0.9888875715880882,0.6024273919541879,0.7092672047211342,0.9512837962853091,9.724152587785548
0.4499278612412104,0.13686685788379327,0.6689488755160782,0.9601023049005235,0.6972060938662944,0.8033211270237377,0.4227488039706151,0.09646315414485107,0.1688820865517333,0.9826548294354771,5.231850523695937
0.49318431699428755,0.012020590177249879,0.9553672807311738,0.497779911971053,0.8362683982918376,0.5484581420368935,0.10170228367476108,0.6155695821319467,0.9974002763196093,0.03473778264594307,5.417194148633285
0.841794197515044,0.23548079565076496,0.39386622271218563,0.37270951177289535,0.8987971942691196,0.5044861888318382,0.4471742868344275,0.8180251088367764,0.04890713430494775,0.08645631509522378,5.745527897504617
0.021688856876289297,0.6879829040075507,0.5256161370791812,0.8760221258682827,0.49853290297260566,0.22181957276199415,0.8051473731044161,0.29432385423262286,0.935689782152209,0.25042388785224046,7.845442366039639
0.1677206528702868,0.49332399151068784,0.05051511797024333,0.036411728482617645,0.49601454525545796,0.21510688079478757,0.0093526383951813,0.2960569114315217,0.4773673538465919,0.39428870146042316,2.7826574871947085
0.1354694661604231,0.5796748278319775,0.710332991147637,0.6755391621632953,0.3937619212832725,0.137596151171114,0.4994867734907227,0.8904317549370827,0.46872284894123284,0.19568104974158762,7.372192353072726
0.09305330309373039,0.9439266380988796,0.7430094088769149,0.31296697270048235,0.29535240620517444,0.8952184867225975,0.17756823480965112,0.5350372896565445,0.7135042751793014,0.3963903519656896,7.294851492723085
0.039902342543088554,0.22775881371952156,0.9018081374423738,0.5231189668395544,0.8154412464879698,0.5556855427906173,0.9436020957123034,0.9091340755568451,0.4828880420104019,0.3182740254363494,4.701608972030512
0.6016687873456102,0.6748876816694735,0.4983550923006316,0.8222832210950944,0.1833285217848828,0.33441183062403235,0.686376357366453,0.24668386538755727,0.4398447446836339,0.9637335466282927,8.315155769703916
0.6258759726865741,0.9490572346411257,0.7224414032485759,0.7246667696671729,0.5918571736902056,0.1422085948147268,0.5197142908862877,0.252666200503471,0.9986725543512802,0.26696194010122054,9.430537446758422
0.2306858434614485,0.6238831551240446,0.5109488132196301,0.02135291325451416,0.12953317899246986,0.8110429418275126,0.4836919551475606,0.14601521482301438,0.4652425628357336,0.2531490830824037,5.646947859661754
0.22359146111234374,0.9577252764451044,0.362024526857741,0.04643110467233913,0.9703266726373028,0.7948395747721578,0.2544133065641585,0.40889183470539137,0.8622895745951284,0.35741351932327425,6.3934179670533045
0.5674040420065989,0.5348568696646127,0.40129454862879965,0.6395019018137161,0.4732907373018863,0.02123049167397284,0.8143831076479375,0.11315578275371929,0.4640899308913634,0.5799007909274971,6.593957973675698
0.7055060541932908,0.41079653528794946,0.7355484870305314,0.13135008471857024,0.653445548270779,0.8263389275857029,0.8894439728375012,0.5795664959538892,0.3128951980750373,0.16335651171362642,5.3790812262577195
0.34555875287744486,0.5399743731544397,0.19633022399156053,0.9525149056930929,0.8971354288729094,0.03295719486543125,0.5619617982303888,0.7893087902466132,0.24539195993400698,0.5238962323927439,6.548994798953255
0.405991882409379,0.19654626421807642,0.6147373838758227,0.993692175406831,0.36528726027994485,0.552379008264467,0.32785468162150055,0.8769486168024969,0.8646027004236931,0.17877338794797026,4.713433499822031
0.8999488742380607,0.1515087110560671,0.09543995962533425,0.6529346157015319,0.385904105869895,0.5307405934618707,0.6525707819374634,0.05283723779298488,0.2929531710909934,0.4609063117688671,5.640924028798588
0.2665874098059319,0.04897138428552095,0.08667657323105338,0.8017478687537335,0.911386759212926,0.15223330243044886,0.2492619572914857,0.6522494047310696,0.9542717760924472,0.2995897091332711,3.0658714169479846
0.8552136262360012,0.5060246444503764,0.9565586390807804,0.1362586624281913,0.9736723982079865,0.44097862782950803,0.9529383904262617,0.45869021705151924,0.5300821341205781,0.804775009777321,9.29576774906569
0.722628500739394,0.6196033204172855,0.416980023589556,0.7924383673996058,0.9482283332893204,0.009810896943026837,0.5878450964526611,0.8659809289783484,0.6531125373455573,0.8008292578333368,9.249182491860601
0.8950611038489854,0.7509510158530579,0.7170174013647661,0.9647458913639183,0.8636846578915727,0.8153778695827738,0.08640336047187613,0.23902988313941786,0.5567560243250895,0.7095601049748137,12.50618931340482
0.3032148933004769,0.09332811312082334,0.31109918681524773,0.7710291805805192,0.8774010293413731,0.9129036483443428,0.37886667914414773,0.3725385748601965,0.40670747097179105,0.3758094694214478,3.6902396266569153
0.6661966075072097,0.3583232621319927,0.020343936614245828,0.43902460068787175,0.22415206617858774,0.028807137784619963,0.4708429515340482,0.20595455919829309,0.4527418148397341,0.2777499866102865,2.821875983249562
0.6037088702804332,0.9908773868739594,0.5472319207116649,0.64689591689277,0.9192757577512013,0.3740004177250916,0.16654844978558303,0.2827972829305533,0.40279494071454924,0.6450176812558382,8.973338375449453
0.00458802942972103,0.8533832147669843,0.07609397304983045,0.9006551489185505,0.9494345212048988,0.990102794112134,0.8095101844068776,0.1418555259401526,0.7061670432251863,0.2033212906081765,7.077472910822104
0.897127835580404,0.31660592565534473,0.32679597707504116,0.9176532959148667,0.013231070783704557,0.19396615148356977,0.42193226656345506,0.700721567310193,0.6475661660447354,0.6694118751671491,6.546522864526614
0.8800220284106641,0.12103041229325662,0.5221616962187704,0.7254776891024886,0.6361184429241645,0.4483141199392675,0.017114585872163968,0.06045226564788464,0.11894132685383663,0.34322775283536355,7.034341900221369
0.11765345266714688,0.42608231306260835,0.1786419905855794,0.7791661975262061,0.8714876167122156,0.3896475079681758,0.5113317653156387,0.9534962415609416,0.5355077553486204,0.9950732158434249,3.8685484667841483
0.14213099369205462,0.8622264205966984,0.49720300267296536,0.022714111249668156,0.9722229414393485,0.9650478997433579,0.38327084018288715,0.9541420710859049,0.14100964223854573,0.6801101411206822,6.682971823800075
0.19192898688783455,0.24664723633482766,0.7793374372026054,0.37735808456529496,0.0071275028286211795,0.41423842419559453,0.22806932063295948,0.6833299135582912,0.1944486967235003,0.8422535284364757,3.3403858462273774
0.2670930121081643,0.3930282582830137,0.298036860797098,0.6439233478093658,0.1011635412263967,0.4780993726982441,0.33445481521505815,0.8841379632883147,0.07341209357439238,0.8296950649328547,2.9954750779958212
0.16768047652990914,0.08857765992995514,0.202322858123008,0.10265298201181039,0.5209839482021256,0.9882149529157813,0.03432735192425884,0.46112834931946134,0.38607032910786176,0.33960641424640037,1.5298908647497065
0.3318636104333609,0.8950127566264622,0.01897615020840404,0.7749163873801383,0.2529331788059417,0.38329551081757485,0.4201499128485777,0.3047317540737434,0.09355886183539786,0.11433084882943478,6.23535543378112
0.2981311240826443,0.8218090528872506,0.13462765278741184,0.7426398331459307,0.2888697294292877,0.8834649351120928,0.4283284754006409,0.17172331329737556,0.9858444501105103,0.17663451922991158,6.501171541684912
0.5676198212322694,0.5692864780961342,0.37281345117777986,0.951488592549131,0.8438745624117316,0.829819560838242,0.9741519354294779,0.45710933819631683,0.09718577562002928,0.7654559254497938,8.033334680001742
0.3808125794519338,0.1903451518035183,0.4832473432202534,0.9257189401671633,0.1713570190146284,0.8486988152297419,0.41820494161511734,0.13680198070314198,0.8483823039886564,0.9696203411914286,3.9394052688390255
0.29127071583501163,0.30353620984206886,0.39054598303993315,0.8141303644608071,0.010417196739499812,0.22395655173753437,0.7058998111063262,0.4056394504855261,0.33029562296812753,0.8722828889020174,3.208050411277295
0.9173339201462394,0.9479862191661954,0.27255053265429663,0.912512609539107,0.7369655547272889,0.15421474848858063,0.6102700283082103,0.02633481930699122,0.7083781557708652,0.7335675226509384,11.301712382805643
0.7893385085949973,0.1725250541224349,0.628249940947531,0.17885668482765438,0.9466500833891758,0.6750106926808345,0.09532584800405575,0.1870322300058228,0.6634600981297478,0.47667049615960866,5.545659566029423
0.7362976662108784,0.2807887989256591,0.6579175368470769,0.176960168030439,0.5437102633610331,0.9577995915499862,0.6282222322909864,0.04999361750491649,0.9887621377366268,0.1568663296488656,4.82208760721327
0.7180691026971051,0.5325300390641959,0.2943606878043038,0.1773104854277091,0.1777023642767157,0.8583996812081605,0.8729125141634234,0.465145521624712,0.10362146292497387,0.8841651038467899,5.811710039997938
0.4870164861750891,0.4387624228669137,0.40735702443762023,0.36501417385920565,0.5260054036085942,0.6045412266117042,0.4664322035729559,0.8966481634550445,0.3176612285294973,0.5783118567867813,4.08802090317017
0.29995392019398526,0.7533500237925342,0.10212109932823565,0.18869899679533253,0.8012014099269508,0.1831975952195387,0.6257463461947401,0.9702434519041969,0.5228906137659658,0.18739644634006924,5.791865863092137
0.3206910456926375,0.8234580764542382,0.3516609131199737,0.7235113590298136,0.7773500628840102,0.5011828472451642,0.783213384366389,0.3169030044282144,0.5161596467164058,0.6865582639721405,7.633822545720172
0.1680731473043804,0.2736219673821897,0.6520366033936521,0.6553601198295534,0.49330264645297894,0.7955853567821205,0.4820549020049756,0.8813222654137333,0.7359034308719454,0.3146948633033413,3.9987708217910196
0.3952540084845555,0.6676866857698457,0.8944526188234913,0.17870873270350873,0.5146635387419801,0.11878442132437672,0.2794551553201312,0.6859813592932423,0.07773463524816171,0.6623585818888474,7.906335526760432
0.900811120945297,0.9693702910184662,0.2166322010255155,0.7488979566078758,0.9263704487055298,0.091369310849436,0.4140236084892053,0.919409766872166,0.2027874982548301,0.9337606837878418,10.74544486899548
0.5271920710877784,0.09989308253755569,0.449877316755515,0.3262611954670662,0.2822041605518083,0.5414755756336838,0.48359269075187006,0.48196715962009196,0.0881417311031153,0.8023181810271366,3.109505843014265
0.4814393153557952,0.8209058287018742,0.8245946415509503,0.3171353248480432,0.004346303807612362,0.9112456774581185,0.7606946930862403,0.1072519568234711,0.7017270340031013,0.0200232686688806,7.79191878177399
0.027759069220698485,0.5258232395978425,0.09603742923634662,0.9643365224849189,0.8938312266502625,0.6498120312478848,0.06370897083831328,0.3248352578070651,0.3717229979060439,0.48087983582869964,5.727643085874293
0.1689028740064522,0.5775116427971959,0.43577064790922326,0.9472969633928585,0.9361952296252191,0.5654739553399724,0.6443493359905352,0.13779646777374244,0.22332323884017158,0.9007154042019095,7.634413977994904
0.699165922895735,0.18943019728307753,0.5702103060732229,0.9347612504894489,0.3451711061619036,0.18582037551908526,0.9420252769090983,0.4612653602920992,0.41724199866276646,0.26756719979275023,5.572321569981535
0.8915852949471442,0.8456167668895751,0.4029903994367541,0.03061327989707885,0.44665143050613954,0.1808580165800533,0.14273407014888118,0.3930936118954236,0.09907693734462719,0.957464506931665,9.251559602820581
0.0475391817812818,0.40136962739872717,0.1627027020316949,0.6888113215287561,0.07881144921456174,0.5468055742086343,0.7731014952019376,0.9500598350489707,0.6985275629694127,0.09949175763458351,2.553922497600749
0.08852054971414103,0.7315980485380659,0.21532940500346864,0.4472393086332488,0.9766211013513589,0.8199067984038756,0.8465933573002006,0.8607699047280787,0.6195453401215579,0.7439339238624784,6.621008043836976
0.35896091463428725,0.9984462265728508,0.27962216965464504,0.5900074033035195,0.28206167832119333,0.11207105056007316,0.5675858148436767,0.35334867086613975,0.5832192675233877,0.5586784766649928,6.721074628064427
0.5422567291435616,0.12330112204652943,0.4401807743503571,0.8120039393987918,0.31514349554463583,0.44383150529206516,0.493831590320268,0.8627313125917447,0.6555997692260189,0.100202534837314,4.136807549631232
0.8651709858050213,0.8320659754820899,0.7536459805991754,0.46605801831883764,0.7575453834858068,0.4787420626427572,0.7366235343271629,0.8801101649725362,0.8905415851305968,0.4545785741874546,11.129259449661735
0.8593426793520292,0.10145738050771314,0.10181941748678103,0.54826694686748,0.651844618456269,0.1529937759784027,0.47218004480599296,0.09436266781592306,0.6020994855533104,0.8550940367528479,5.165724480226112
0.7376389760195238,0.37829155242927126,0.9937937966371216,0.6629349764661367,0.8152484344424791,0.6696973872917327,0.9894162910871266,0.8213597672177729,0.5194232178954405,0.3668795628375898,7.356573465754917
0.6821548291488424,0.5902218088070089,0.6293505910275453,0.34301176628375696,0.4287284205705545,0.5580965748906498,0.839283401921843,0.7629089177629031,0.11865587050279036,0.2455542500193918,7.968729264293543
0.026657724933027427,0.007960567965591414,0.22437546928024177,0.7993209480093296,0.9047476581743871,0.3917683658985981,0.5631985966066786,0.7060526019553808,0.9529366992517265,0.9129322372974317,3.287981246537372
0.05719230338137993,0.2481658432092808,0.04914454395517709,0.6165424209890513,0.710493316472639,0.30828341235651147,0.8538519081332145,0.4528127504114977,0.9983815150970126,0.00039969258932492924,2.2425303414560602
0.10948970841855665,0.3017932429353404,0.025507597953713157,0.7823394577382508,0.052771787871287223,0.7489796332938272,0.05256845878954941,0.2527272646530456,0.8412768156585296,0.9510952942377242,1.9234506241130493
0.41452634266051225,0.9699389643125513,0.6268809237585425,0.4158351224329314,0.8028013439679169,0.29532852014020117,0.2657962613602184,0.6565476769110743,0.39048736196809497,0.13591802694497956,8.039718670431103
0.0669642352899088,0.7878425762484773,0.6759107318023446,0.4117982246066033,0.8962276351710566,0.41085675244259956,0.7102954714653835,0.9091152752072929,0.8407154587084434,0.511104776339579,7.865667941619684
0.6806363924467327,0.41366577672736904,0.647197172294114,0.2575524383453959,0.4347421137695533,0.20954573760183903,0.03818495267954802,0.5885398505753723,0.8644293453507976,0.02557827462319151,5.017388569117607
0.1960297407292959,0.46018505927041997,0.6658968168422533,0.17122919366988643,0.05669482897062428,0.5190487177268892,0.8187097130573088,0.03523490931277129,0.3493694503590259,0.6635147427933352,3.859162464749356
0.130742006102467,0.23594677689275678,0.535492643786266,0.953231696364218,0.28734261824375606,0.48752742122071036,0.3999308630644183,0.89739667203008,0.07188986403111564,0.5661475913407643,3.9892317438092855
0.846119699189944,0.9881175770625917,0.6987254975218073,0.3799354756665245,0.4118243525339439,0.3516822197427639,0.6036130998069534,0.739405770718251,0.8194675635889309,0.41659310968317187,10.217902678572912
0.7167085022590393,0.9162225920297764,0.9208247944507053,0.7040290027146425,0.6369021928125361,0.5315260755250067,0.18319766818212857,0.12362965260541847,0.4857110067893803,0.15944415620745933,10.564591547359706
0.576999925669336,0.6457027303012182,0.5256155975200407,0.036426712512613646,0.05772795880233217,0.11334118468148546,0.15364580498833902,0.9898826137693332,0.34449501686312245,0.29197337364128617,6.50700486847041
0.052266635664229066,0.6353203906855965,0.6521907851312807,0.17544868957866466,0.9192415409246131,0.8004935465951273,0.23031931680750806,0.4858497309165374,0.4583908561988499,0.34852044434232077,7.0995787653687215
0.8176347128256132,0.10926448562115099,0.4153142398277927,0.42803113054921704,0.46872560461417967,0.8613499910986286,0.21816687020150127,0.10292317351227276,0.617808462821108,0.17383447497804716,5.204897046828117
0.07493208585461975,0.4266492205710535,0.21964643085814095,0.3612166188679836,0.25971108010245747,0.09263646272341575,0.5603472029242016,0.02701841803948568,0.9663753479943995,0.34133052173496625,2.525619441022605
0.6951575104898038,0.8103628725474499,0.27910479553955514,0.7487387091100682,0.8324208554247096,0.24131723381161352,0.9924946768960727,0.020688682842089356,0.21700048023554108,0.7800207562769929,8.77208782348405
0.19413102505575286,0.6982598633062065,0.8555304049829037,0.9592142726342602,0.47424751540026955,0.9711091229821174,0.4116222966816786,0.21812803967438577,0.5139218530847253,0.6498232443114926,9.102212183742788
0.4579633160499438,0.5669724439667916,0.4164091877271886,0.5247619540212498,0.9525956719465616,0.49983115253633204,0.25317963280926026,0.7587466215125707,0.33758445778154933,0.8162071708213907,7.045489365079952
0.05684198898388515,0.33217797710869135,0.09435990826063945,0.08531782424583145,0.6583895591724372,0.3853348013536074,0.8714789419851126,0.5164051378735292,0.29534322117228273,0.7208888879621947,1.3723736801480153
0.6240167915856997,0.7995946208292034,0.643588276341885,0.16701341709892026,0.670310037667066,0.3915491976158103,0.4631430302575681,0.9215645757373447,0.35996404629774703,0.6119591429908388,8.138598527966996
0.36348173341223955,0.09472748535779174,0.45352534204830053,0.5970615044596519,0.4075032920375987,0.39066618467818437,0.820378513894397,0.029685172289470207,0.29558539674011997,0.8117572653772116,3.3913983593489863
0.9205301486111638,0.41229958584082826,0.8887942431960764,0.1989301221250327,0.22142706786017263,0.8461913765848035,0.9032577413406182,0.2228057679626675,0.05932418996861111,0.09032413705528775,7.848895158932683
0.26138083537636325,0.7614490771467949,0.5099918277962828,0.45558884224276963,0.5841399311660009,0.8902231134621862,0.09043037956565758,0.6947241276365813,0.9267908456554051,0.2133500417584,7.28846013788882
0.8377723159618344,0.6980247107595022,0.014468536073144689,0.2316116803621282,0.6058447608958808,0.5024003394912117,0.5279362525268659,0.23193042460682267,0.6750034707086267,0.2664183709367769,7.891063725427751
0.3894349664784539,0.3689159158800762,0.6720250221198986,0.09025276168321739,0.20554190104018522,0.20049707068506784,0.1084246741157101,0.20759497883645905,0.6070602679233543,0.7321681708741882,3.147954243065778
0.6603034469691227,0.47518813798088233,0.05243457109606364,0.9590070106867751,0.16807646083749195,0.6684213704056708,0.912890615482111,0.6977770959809886,0.21804964018895023,0.31579629876402304,5.160117846124257
0.030205867011095178,0.6127582408421135,0.6129929808815666,0.7255005813763793,0.010996289275621351,0.8178412888244666,0.7387109574003081,0.14088660952408882,0.3476266092689786,0.6385248929042168,7.034199409657326
0.49579687494032787,0.11509426390126243,0.08734537513658991,0.7814562991080916,0.15596711801780982,0.17209267393044358,0.8309231253567576,0.6121396345632171,0.6047156081539724,0.47934577136334,2.709316351433522
0.5689950144022909,0.601769690371811,0.9678262348435803,0.22297330746757926,0.21456241970045908,0.05721848770531568,0.6581987988093223,0.5490421808222619,0.11123920384663977,0.36453893511818725,8.075587114946261
0.17866320533120383,0.33148174040086154,0.9512641693946101,0.6833188388805289,0.0075691007951419476,0.25250807378412365,0.010361547077779032,0.7148684987686807,0.46942180205547834,0.9940186918143893,4.56528529031156
0.7335832610226583,0.5179129427078819,0.8047054282081352,0.7048036512340761,0.24377617763598713,0.5302582748275165,0.5559987248340709,0.45123169860780343,0.17919262285536197,0.223369051657887,8.302870731505063
0.2810474009559616,0.010255149378163742,0.9169438921695093,0.6860959915834789,0.6896173157844708,0.5723306138091213,0.6893108081610592,0.9818625498736364,0.3851603376344933,0.7125255868765638,5.120636070615128
0.3595290043775282,0.854288798746826,0.858028606890035,0.902266425423485,0.005463324241878342,0.29819144499609485,0.13392435120159607,0.4539861978901568,0.4954496426792978,0.2559040428296555,8.802012253353988
0.7234464920450704,0.26976971718896936,0.8538913752833586,0.17765936814178684,0.3672352947652836,0.6222377584243051,0.6053350704632533,0.07802911200514351,0.8462586121909482,0.5980649334297752,5.130010341282619
0.8698595487071684,0.8676355782278685,0.545918690375031,0.9107814573114379,0.848407798813456,0.958122944561771,0.8504983985594063,0.8212038510011495,0.4693604806769115,0.21203106037792774,11.549314132889652
0.9107087330754859,0.7225491864460757,0.28174786419852027,0.3409957227556425,0.6860785118572206,0.47781730835367087,0.08148256184636826,0.141447945745657,0.7456486835123112,0.32856952848183085,9.98718118954768
0.5076494284020392,0.7666214782535258,0.7511755937060525,0.16701502688727388,0.0983938643990353,0.59115229296509,0.7416328739312396,0.14903992199541038,0.3719552873272748,0.8702779959676407,7.428578270147358
0.944223141560321,0.4540697609496843,0.07951593403083301,0.25769645620237736,0.23296992031553299,0.23896372054105697,0.49388170537925,0.5832256516915711,0.12250958867993533,0.8893560065283344,6.49588945668942
0.6199738232811148,0.5972517302680054,0.9872789983842841,0.6281439774931253,0.928959149301185,0.28625697235979175,0.24012949034649755,0.5165186868244531,0.5086089476366661,0.22648364948389688,9.840702338372198
0.6996556568999477,0.029633819236693282,0.6906304725494526,0.4571778861233001,0.689007510845079,0.47708063064151895,0.977333782884695,0.3346849511031178,0.9825729370023882,0.06497394247897537,5.317784351561102
0.6837607747575566,0.4542192067849121,0.8221376255297003,0.789616069716998,0.8002101828759374,0.09473859930251971,0.8223656998612947,0.21404015744376093,0.02568026385903477,0.21773871968441139,7.530304093244645
0.47928510469983276,0.7421113599114321,0.2186324808328537,0.11300754809027136,0.6459672550239423,0.9838980363600176,0.6008703020856181,0.6910573641234218,0.56116744374642,0.7823484442285039,6.176717091658702
0.9758044202094448,0.5441292294041848,0.41679051174272586,0.8603430611601265,0.9697283437599901,0.12918164086956796,0.5781709654738779,0.7924599925459974,0.5333394051563908,0.4091969681929487,11.726382744235543
0.6552298211354206,0.2701280945133483,0.3491337429383694,0.9922766588813446,0.6364653343744954,0.8729272983110746,0.8077685130371435,0.6522725543940241,0.8407290824587732,0.28715849543357097,5.083163824992141
0.6371164488122983,0.5906034895239809,0.6224196007933448,0.16863192714677522,0.27724303999806843,0.2866583187925391,0.6019461625727632,0.9725468804397861,0.9540675511821481,0.22718955298969656,7.19896007406888
0.3048452430667725,0.03606189227916712,0.39881558985939414,0.8346741216803636,0.91575173898614,0.23649647956794362,0.2657944734888392,0.22084981650875368,0.3501035675745787,0.8047593985905447,4.120429425576947
0.6468574698844601,0.7859409178637,0.5830311063353062,0.2577330780591468,0.22799418021254414,0.009000705863749792,0.7809821368740725,0.8471212261647177,0.7682825996284163,0.07440205772849073,7.809017934623867
0.762221627169866,0.04576745315026931,0.10559306570639115,0.44047537293266725,0.4761470089248401,0.8161186366186963,0.6795268920409105,0.15332017863121628,0.22614678322880133,0.28567518825868676,3.7835150479656483
0.12367263745485835,0.2876448863592307,0.7285981555397331,0.24140147010728297,0.8353596470603865,0.46951699512520784,0.32293576124438883,0.41241810454887307,0.7094967405934914,0.5167927032459902,3.724371572796452
0.007278663975058053,0.922323846585075,0.06599600300185171,0.9386213488143857,0.028152823620054668,0.7709793349574484,0.5346747081832882,0.505726180604106,0.07277850254400453,0.23874501033791629,6.205479356286339
0.777547317065192,0.8912598299224941,0.5291186810529795,0.3533433963625954,0.05994320806421083,0.6821785260663404,0.2784466106862826,0.0550137149921468,0.6658517290986221,0.4857197935337584,8.594917361547605
0.011962149701723934,0.11092403910634707,0.6992019292459442,0.06367133306578854,0.8659630648429902,0.3113262774199327,0.08866647043642462,0.7597573781680654,0.5244272344530237,0.3066400323792976,3.197481514773575
0.40609834166926795,0.021412395604825885,0.662698537539429,0.36577368896344453,0.7140375697281297,0.6281711459525472,0.6512541859097379,0.7928927110044324,0.631158078376251,0.41872592924189245,3.941493141020998
0.3899275617346356,0.11958210676485581,0.7794434131562418,0.7611084417546218,0.24629836708552344,0.8626819126981446,0.5890032577906282,0.47868684239456727,0.01749630162549587,0.38274118586431627,4.58457390617342
0.640670768235663,0.08974783768838346,0.45956730888754826,0.9934359513615961,0.7165386372090675,0.5468708875016044,0.5330328849390766,0.04376508225819442,0.9573144374079361,0.928177660285043,5.380262421646248
0.6824047106754465,0.09901164968154996,0.2078338967494382,0.18390953587558523,0.5195784851012188,0.20780387450198556,0.6958005615441982,0.545229885969389,0.017658177042655487,0.7440572370356515,3.0449187903061077
0.1888287366539485,0.8248851196806769,0.355045437122979,0.33861967998163645,0.011817335778210536,0.9877289829230171,0.6120043391718638,0.4227301661859907,0.09662140446133904,0.6991480641510168,5.961002657794172
0.28273046999193885,0.988280818375529,0.9505473591493231,0.7352966788027886,0.971071930282969,0.10563386245376283,0.2799153605365452,0.2532432887911791,0.07201265845930249,0.9722265979714558,9.602928976942673
0.059974086646893854,0.8566889039943296,0.7681614245768392,0.37586708747145947,0.018807362629798985,0.0060959049818695155,0.20399384069392323,0.4938765800337931,0.45790997818515133,0.5852925765649275,7.198949293706145
0.7719593096607621,0.3773546148602057,0.1603636955093174,0.8000489168284239,0.3326906813312108,0.2868818977933507,0.7643120384292353,0.9341394380831445,0.9149612820107569,0.13744242585717859,4.923744115250654
0.5031581534692996,0.09287028372817341,0.9609759589063998,0.2152278858768394,0.19742957476577472,0.8888856730064795,0.9678505551219649,0.6976322592952566,0.12100503369922488,0.48585561054067383,4.260275537765809
0.8166050940616038,0.5724771837082452,0.13259485472833465,0.17188774950322783,0.8641416758348051,0.5270291636874834,0.7058367737667124,0.3730625262330648,0.5324855829188415,0.9771031403876917,7.4671468212582655
0.3297030369681381,0.6747885275082744,0.17250555719522975,0.1217398852603333,0.7836401112590298,0.8441082099871656,0.6683116953494155,0.15819583754447508,0.2405879656425386,0.9111757080951116,5.800803046961563
0.2887040487997563,0.8188605161971175,0.2859372889104016,0.9394625693234345,0.914452912837003,0.043263173628787954,0.7704139868674086,0.16946176023440707,0.2152716259063815,0.4598452123314758,7.961746030104816
0.5763181497494501,0.325799718970492,0.5753833655542092,0.1706583713411366,0.022337654381037075,0.5712243883617631,0.5174152599623189,0.6896539640759249,0.6498220619678245,0.8974863802339554,3.211578659987065
0.4594686201615459,0.008369474692942025,0.6306526815968541,0.6751324296032184,0.5214949893959697,0.6893048702412157,0.3235838132361527,0.14880830319107918,0.6645536639564066,0.2451864292155287,4.392249477754463
0.45631590928420485,0.49162273061164863,0.47719955046838847,0.5984491436799558,0.029453708925858857,0.9896824949300881,0.7163104739385713,0.4253877817987627,0.1913300302902443,0.08017732244335629,5.111239151925145
0.6721904206261219,0.3169556149585583,0.229478458249868,0.3799543871123334,0.5929230878077101,0.6717052166840012,0.6451700693545301,0.8632655834919736,0.21875743107011525,0.6367461631971355,3.6128727497227775
0.10111437618609409,0.5479346898991778,0.5839584024896712,0.21623729893417365,0.39169312999123684,0.8271928895838024,0.14840905375296343,0.4345061976158402,0.9327330712114519,0.5041089276996009,5.617332693004548
0.725133711833287,0.8268660395555509,0.20377437484549243,0.21821723553293237,0.7585914560983835,0.7533067381764009,0.060183320639619065,0.32249824069496436,0.398532491908438,0.8290404034711537,7.6189508117529545
0.42186225542973743,0.9259288904032438,0.9966077771406401,0.7807261656943496,0.6663866895672574,0.39189716598712276,0.06703944605203338,0.5731387563961305,0.36170490554399093,0.35089807583234356,9.757430953448544
0.6877092527094356,0.46363935859663574,0.75209384477145,0.39817322268537914,0.15086338548656264,0.46134752619024655,0.9510125143253633,0.8015246291165583,0.20574925507336672,0.3913005016449427,6.072291010351876
0.9277920952205377,0.1236990587265665,0.253950241864936,0.26222264587189636,0.5709328756619835,0.41073331971132276,0.07987067399629988,0.6291814545770856,0.09907786452015022,0.6064149319790781,5.949539972461909
0.5070083802260258,0.49366866072531257,0.06749624529922982,0.6392204468835359,0.43132025858933076,0.41110612228568655,0.5964513964185367,0.6062480599465474,0.01503329576198853,0.12522590120320665,4.545704842955413
0.23651822084472063,0.6779773333459791,0.5767411270296074,0.7576291323847537,0.740607805543857,0.8531828692061507,0.3768148612724139,0.34506386618330276,0.8310154030534632,0.23760153386718452,8.132988514072768
0.461172373673607,0.19432565202224972,0.9138407421392136,0.40780301309662537,0.21248689823082834,0.692013390568912,0.24464467821047864,0.9435036031702234,0.36761701480941145,0.6646407121018371,4.41106041176486
0.3452449311574134,0.8072455829934737,0.8969227410227758,0.7879183594147862,0.84849901872752,0.10188082793763598,0.9240646770330664,0.6243007288752803,0.8692175321661997,0.6844367641854154,9.504424637692077
0.2018476685437104,0.6095551016456765,0.09094623972314098,0.6957230302181586,0.4090011410805727,0.15173317310020895,0.9792298158684141,0.9010844242106811,0.8935437134032538,0.7888203063522529,5.8952814112613625
0.6919811251435176,0.6550794802922452,0.10609383770385528,0.9005662353184541,0.8811283963046104,0.7478526265248534,0.9273149590751225,0.553083451397992,0.4476423347175553,0.9679474021662787,8.420930070892984
0.46413118779765605,0.6413244410671577,0.37306214685843897,0.6363262260197279,0.7200989956256877,0.6246555252885504,0.5145629412161977,0.30011079762523285,0.6438456761362233,0.9084288952613628,7.528445264548416
0.006912591169667359,0.13392902742969037,0.1197731584998557,0.9232053028928541,0.6627476889626147,0.9517881064701506,0.5828132732124283,0.4617328971592537,0.7923429118143624,0.16094226747522455,2.9739245328054666
0.3813381163173214,0.4662742405342237,0.2984583945121182,0.37128561240847846,0.07810518692441826,0.19798358944955796,0.33549672033092837,0.7958904332331344,0.1824973548428639,0.34664037398422465,3.5256741548386286
0.06492028819693518,0.557104344826606,0.6112508881409278,0.8655164634621669,0.819115998501964,0.2853779546838805,0.13695368918985973,0.15608318221040374,0.9689639430404445,0.6732258140073574,7.54580361144483
0.04257078780323931,0.13677925504509458,0.48580006510095575,0.20782880429311978,0.8036589850000189,0.5732171175693649,0.6126322077892984,0.46282554804921183,0.2560627754263155,0.5894036132025465,2.7980789250418816
0.7169700461607318,0.3709480776301669,0.5049436306178353,0.8396839704720332,0.1486817618224603,0.5452244192741004,0.34841266182922814,0.7027947582172305,0.018810243162394658,0.6704732998031887,5.384322726138669
0.1028977340161874,0.064767752993658,0.7246233009586129,0.6403421529040735,0.8949359308926588,0.5196549558006451,0.5300244255271671,0.7070178355765505,0.32339757635325117,0.036912455421932555,4.501074979296497
0.23004582571905785,0.2380134118963666,0.33565885027819387,0.9434627330404629,0.8048427986631479,0.935956245205192,0.9986095901130004,0.4337790040870445,0.22707331668030462,0.5600041612552491,3.9708147315686064
0.8811344139481188,0.4657318610145782,0.5053993025722535,0.1344391059278267,0.42045549256776105,0.38699480980857814,0.3516885028654496,0.8872986699241998,0.059301433212332944,0.9721471828973469,6.939601258260176
0.008246825273136027,0.945594013949809,0.5480475028385435,0.7024452444001158,0.18713284969512323,0.654211539016607,0.8819576685277326,0.1394801398336516,0.12708161227328996,0.30397790914947276,7.338980548397951
0.16172589247539815,0.1106458480933471,0.6783190359852918,0.2138266139124908,0.6670148994019862,0.8619292271158163,0.6520247914130005,0.11936706991540091,0.573577574047445,0.39362868421155084,3.3222466601464444
0.34337093672249475,0.31853146862983217,0.9294322238196455,0.7425074566777278,0.133848789580295,0.47600547973246377,0.3182230752539196,0.9779383125459582,0.9780289729531695,0.31953447433303495,4.905457134459254
0.3521131161454547,0.5994142071365456,0.4793070143275001,0.21310087215844142,0.6604121669886114,0.33412864387523844,0.6537164983321676,0.38368152232779973,0.7002098938562716,0.6677994708896505,6.4517430806658975
0.5088127559210007,0.7047399907108308,0.46096567623201523,0.1161382996501229,0.18210625333735464,0.24599313416561286,0.06322892822569659,0.7113812206306701,0.36739022683161837,0.0935232963269973,6.4971527938925115
0.8199581207255803,0.6836542844635749,0.4522242371277009,0.24742533509273423,0.15174589379284675,0.458374191755062,0.8852457430105624,0.18839532327196995,0.5686592289914879,0.961685995222256,8.561325798286848
0.6371165747646129,0.43996473015586834,0.7163729729389084,0.8245779190187065,0.5905162978868421,0.8718323589929926,0.5145917593757376,0.8300290022062566,0.9520192404056952,0.5012434670235171,6.592937728140593
0.6050017155853252,0.609467542949835,0.7814348635982906,0.8229658401774228,0.027229316206060727,0.7333595640903878,0.7838152446302377,0.7004294394582369,0.7136956593230961,0.04140285918426945,8.739215756748509
0.44203866194890606,0.8181796497217406,0.9340071412951036,0.22946792057193477,0.5791949403527951,0.8043302395505837,0.7524076428591857,0.6188901169800791,0.018691188262000225,0.7238858401115659,8.419274361018639
0.7732425032788149,0.722849506625635,0.7658091614899567,0.4309148926788603,0.993752145925391,0.7707869158726589,0.5786800052799855,0.9341912697466239,0.9081983394580183,0.8145670653342649,10.311397083495628
0.5636949189837663,0.5271010191467135,0.32870793197452075,0.2508779791039484,0.5123595169750865,0.5777817617119738,0.24452643145884556,0.9226012436534787,0.5572739967343185,0.5265053253821466,5.482687679837708
0.4356383883661402,0.05807129571686054,0.8824013344598493,0.31699422644302977,0.6424603344682944,0.6074335589700354,0.5844868253845268,0.5257122020115841,0.18143983343132808,0.28060574104796554,4.49542387267505
0.5241880712703001,0.789342451596926,0.43198897065041864,0.20392255304613083,0.08794442480542597,0.6630110034940242,0.4233399706211646,0.1253708926226419,0.6744668799869837,0.20757873085437317,6.593492591419767
0.5090160483036771,0.30618797507686046,0.9316900644340004,0.2282880662711656,0.41991852154202847,0.9594935968280058,0.3187251799383154,0.6445931630110001,0.3167270437063252,0.110674979117249,4.518835475336622
0.6275472326842928,0.9160315352853404,0.45256466723409183,0.6261765426924671,0.6088984132566231,0.4150897026278759,0.6148966387647306,0.2593180844189722,0.3780379046030521,0.4423188563623751,8.448697474205506
0.8640086835624805,0.3483328948332549,0.6351370481158264,0.21340383741889868,0.2525697290539267,0.6484288754599776,0.7623099273666036,0.4621171765262815,0.3350996967777665,0.9102715559322725,5.937663364775875
0.1358078150490427,0.7207142376493471,0.6901707497471029,0.6902451627277941,0.9354204444235243,0.7281903009807922,0.3015651894095841,0.35340922423230925,0.3911109731998943,0.03080867409810606,8.510745200848069
0.913510315408257,0.07355260386480389,0.6997942820974716,0.7301610048433117,0.8437150506305396,0.5533622555955225,0.7252644238565369,0.30272292446595106,0.74558401091279,0.3434157372618859,8.267257086089264
0.9028384784266961,0.16338180776638278,0.3157573106739535,0.49876945155513064,0.7758505571480978,0.7487991051030319,0.21071687432450348,0.14423569661179636,0.30396960429409825,0.4837541516759025,6.427036124398243
0.5390050448257506,0.42913759095527915,0.663090116648007,0.4275589435972377,0.9463290099387947,0.26096884798153597,0.6273721206700947,0.6113779386601318,0.28157472188228405,0.4116876245140273,5.434760291686963
0.3654736194399708,0.17249906002048931,0.47729521263154395,0.38666225302184143,0.17831736006715937,0.4498800454177615,0.42184396825873915,0.13136567765945972,0.13118754191801085,0.6475073798456974,2.8206521704179512
0.7065808047171039,0.9411804199089048,0.08700469046109982,0.1178614923782535,0.05181812846791101,0.53222843075693,0.6227466142952265,0.40352345193215766,0.7979022209611327,0.6866994360038001,6.2362934539542
0.98584042094686,0.13789498329967864,0.05831566434250135,0.2748037055693878,0.019050195316844043,0.9326114278665126,0.3039516586881754,0.5524301669714589,0.3180696328787419,0.24580862198882347,5.905640302762267
0.15236472397488,0.3203659203291356,0.6154189304079746,0.9716211996875278,0.5580920403671494,0.5327090660990051,0.03526301810514687,0.8400990156676927,0.044841374997573236,0.9062322741034792,4.638683299326642
0.5386717253567179,0.16846660523403545,0.4517073920064587,0.9949844806831983,0.305082852044093,0.26945976854857867,0.11800589504250591,0.5971423487908388,0.08922699901396292,0.7660080638040772,4.517963085356945
0.919223514330558,0.9318711112154994,0.10791625287743778,0.5582625973529688,0.09710985490216661,0.5720161414842972,0.814980585209581,0.5377901623032847,0.8720538261066811,0.8016743548493777,9.489019128097391
0.2765483499399284,0.6301022828824416,0.007412126476131431,0.3960419159248644,0.23796016778429518,0.9371163459434861,0.40538901172316,0.6540644284224806,0.7319816092736072,0.7732125386815075,5.0785358300829975
0.7357751920175288,0.28916506098773476,0.6860676967292221,0.5490094822622833,0.5973726647975188,0.0008146173087548725,0.25825760095285655,0.9306836967156555,0.29007608330572576,0.4380155222496426,5.709185528755029
0.18667398219574105,0.13860255190368975,0.2086689686387051,0.553647328866973,0.9190286513901081,0.3261991798961903,0.32340795220797103,0.5641405868868683,0.35674271769313526,0.910416047983988,2.866233825908908
0.3778480426422619,0.49044225251946705,0.5333892839704109,0.7820677951304712,0.5639059394148837,0.2391551001473241,0.12398720662636731,0.937774546688964,0.8015629946391074,0.02296521028891574,5.9909380996023875
0.8215289843235476,0.5905977939047687,0.5188942350349434,0.012229179023558912,0.7808640563844151,0.19806501424125011,0.727981213194079,0.015868247365817267,0.7963536496661862,0.02303946835504056,8.474278144728588
0.23589290407251906,0.26827821251271344,0.1575086381069264,0.48105819619536905,0.2836879596167089,0.9932879757272567,0.5799687933654389,0.5664778250542405,0.22086963010645522,0.40868943871491137,2.013717080078227
0.12397799436000001,0.7625292522503863,0.3311592461534769,0.7519658333932103,0.37169599992947544,0.9887572401148456,0.1711216222546218,0.0015238938833312954,0.5948255413783857,0.9529532000878381,7.01243655303498
0.6470540549059793,0.08572352274818096,0.5404803824662254,0.9094869361377274,0.006506067880012734,0.16691221283779878,0.8145615561026164,0.8939071065774828,0.7071606208682709,0.9915601636398208,4.778530931056562
0.09021592958656932,0.5456765158365603,0.6849947226475862,0.7026447203690879,0.7934846153441827,0.9176260450993832,0.36164144561711464,0.042963392807635836,0.3624419144809583,0.6716147633872349,7.2521031429957254
0.21345608733364352,0.8099729515587104,0.21976445772283082,0.010063402380173336,0.5080807742235793,0.72646157140362,0.349655340536834,0.7488957995367868,0.4384043341210082,0.17171461730673543,5.414256456759512
0.09055839379895492,0.7105871649073474,0.3857147876028778,0.9127737679237703,0.5402550585739497,0.3484324182207026,0.3489909269897231,0.13143786445264916,0.5937891535891566,0.5821671354103222,7.6081841234232614
0.7999936919364935,0.20119696246707608,0.2907896424758274,0.09723796909558169,0.29534220226890673,0.4281021157544007,0.9640284059539838,0.6530660028749133,0.7828739297791955,0.3255098852204902,3.825507700854191
0.14451281280809647,0.2567199419133298,0.2564676909993211,0.5831153282934272,0.3414711324550287,0.8573988643332788,0.988544519236498,0.34329840526344846,0.7050602736870107,0.6574865819203688,2.4859539780458526
0.19446248773228147,0.918008594820634,0.19944258718840124,0.7369571316696988,0.34760964227431246,0.3670815670089713,0.4554490528889603,0.8645079780551396,0.14025194151121212,0.05456957783475391,6.636594572898664
0.4020408189137814,0.05558509914208809,0.6876008830574405,0.7603250750272132,0.8547123947532589,0.7438422454835969,0.9163513936926792,0.7483011227232221,0.9360756398784016,0.19311079420936317,4.938080182722292
0.4998631328677302,0.9939305997049087,0.6815781825427156,0.8786411179892574,0.03039379383285523,0.8717578985684373,0.6977132345720977,0.17075543398771065,0.02568095642359658,0.2599265781256529,8.570706743480283
0.9157733589927702,0.6681329387002864,0.9194691042833243,0.44615078249425943,0.936627095235241,0.46295981544500564,0.20425472441833448,0.15139346418444732,0.9938118130350443,0.3338626614745709,12.351578087490676
0.1600530253175877,0.008408430890752161,0.2855695665296224,0.889116143602539,0.5340093206773017,0.6324350515249549,0.9223911038905329,0.5128399181070292,0.8382798458526146,0.32383327807635365,3.3588534699098176
0.9771018628412199,0.07881387351245239,0.7248295255132646,0.6605662867602944,0.19167150585081694,0.388843998846536,0.3128291167770064,0.09449286833249537,0.5847880229508412,0.9936698455651655,8.670125716687583
0.5595881410533893,0.545259906879362,0.04031370735454831,0.13922022336369044,0.513219089102261,0.9851785641840713,0.8766077354618589,0.3402091213731675,0.5430042542281275,0.5527022222541367,4.6984537657429835
0.6853606127621832,0.6877820412391386,0.7897924883859737,0.024971024839682388,0.9436801906374458,0.07006204598924659,0.47616011147693993,0.9195792763590427,0.4876688292310798,0.06363683423311683,8.822529441299006
0.2292400198119392,0.5786667553684227,0.08786161789896907,0.42367793101729645,0.3290932661914049,0.8152076278242395,0.11013193833544921,0.6827984501587863,0.4065890708759091,0.5877506804723286,5.003235513033214
0.20553177192054473,0.6097036847616255,0.6739777274161127,0.07023156466107783,0.824344267582937,0.8612541128882414,0.06355405568279471,0.6031874880972857,0.594011496972227,0.01245841186844332,6.813138284077803
0.34234641395595133,0.9689257827137476,0.555450752268743,0.9332118027415051,0.675644635877384,0.02839051822327643,0.07771319804839205,0.7221789553674229,0.5545677903690194,0.1271516645998757,8.60137582228777
0.6140626783536163,0.8102873605681962,0.752982430132612,0.246162460032067,0.2581949666560439,0.9678378051021137,0.8874048021527162,0.318337314430872,0.8240544896690084,0.16173852973254543,8.167513129561865
0.1968411013265644,0.18119605384534532,0.08772077501351516,0.8546781161613554,0.5788068982045753,0.2589560924939386,0.8486550327275941,0.8026467593928203,0.1009515181277556,0.6441393737349719,2.777880703079701
0.7218336015257706,0.7158273369859639,0.7231427078539375,0.16945778564903735,0.31508645426876936,0.8441785085044624,0.8983917502275496,0.2791888865648703,0.02301951617775244,0.8597669471661081,8.565290715024833
0.3770918378250826,0.32946355595993637,0.34699967968862566,0.4156964239676415,0.3782666216549211,0.5664308991335604,0.07894027849819019,0.9715401943085151,0.9364510344721613,0.9344066466154992,2.830440487031125
0.8792776240819135,0.6603263021817297,0.22110856274843238,0.049483487146372296,0.09932106478176661,0.32399250046560557,0.5038830254957855,0.993253071184794,0.4354434917945992,0.5246460904913768,8.0746251469579
0.6951572471880806,0.18073397044779627,0.9328270015622557,0.5290346058427342,0.2762563456017686,0.9351089863388404,0.6254506185589501,0.48368973124921044,0.5801559099607742,0.7483022189052266,5.752456002426837
0.15453800369295334,0.8648304307032253,0.9595068102982129,0.5669996517500745,0.6822708467975981,0.8598334808462408,0.3748106314165005,0.9928317948823984,0.6805013693068976,0.4239986983579821,8.877630677322475
0.6773379750016272,0.5216800325134364,0.11164157153836518,0.7958653047693185,0.5643755802529321,0.7958455578738887,0.1549119403674658,0.5383571568007757,0.7666242722129128,0.9883045675907983,6.419917291716915
0.8843972763852587,0.8643496270606393,0.247460138146398,0.8379846017090474,0.16928127754296307,0.19810766454843354,0.11011674374347202,0.8575965307137872,0.10825449645131868,0.13811147974501004,10.023287552168195
0.24588715008238582,0.572662409120641,0.8801801853004031,0.4182281552555681,0.5462859491917852,0.16648939995725298,0.2659458558977916,0.13392576248577492,0.40991884486708974,0.5903356586781924,7.5326669448939505
0.28401953003345415,0.8459958555747926,0.9812383510066344,0.120154852314581,0.017860056015324144,0.7897769073947838,0.19064267780334487,0.353146592660859,0.3942312182758103,0.9165993889009445,7.509390023447603
0.658838215766162,0.04060949030289074,0.014810240714154599,0.19956809753028015,0.3181719408727114,0.48452383408659894,0.8378394123088555,0.3148177560347595,0.3765372192716553,0.3293379300096576,2.156971271725053
0.008965336032905613,0.9552015391181198,0.1389958841364738,0.287667478203247,0.1293033020964418,0.4905431561567226,0.9321661149424991,0.10070071762548627,0.4408969235884961,0.022374845771578444,5.2248323057319705
0.7708982213861482,0.641226143554425,0.6996986637071502,0.4723363608957327,0.9076330295564058,0.40955745087260953,0.514085074787077,0.6952892222706294,0.52056064109546,0.18933564791632795,9.911020378452433
0.317070618044912,0.09229446813880526,0.4326134972172978,0.609392093086328,0.11852994426914065,0.630587121470129,0.8928721397521093,0.3377237329855196,0.22203309621881984,0.8930060638419031,2.991778689893536
0.6919452358975486,0.10539486805655385,0.40811195206173245,0.6740895997545487,0.5743838749754547,0.618547119349873,0.5671351739739261,0.7980613653048902,0.32042695679697863,0.708462347899363,4.740719120783864
0.9910794424942843,0.38995885778118033,0.7910483145547931,0.24610923713617106,0.28189671228404933,0.9348638741835431,0.025938356248688788,0.21742734486082926,0.4829206978120031,0.4018476217041864,8.814398047770988
0.6291697312350313,0.19272205036038192,0.07054700436853134,0.36933339780475705,0.5243552421441809,0.5620018370849114,0.6014935235424668,0.5486619957615549,0.24575197097118762,0.7645497359690018,2.7219555139399394
0.08778026173939857,0.19835387955218298,0.7393780090191141,0.2797261341052517,0.4934734416094052,0.32719774085555886,0.5069812116160032,0.34665579994736506,0.9942079899060504,0.35747758935814666,3.4226966070308116
0.6270494173976454,0.8883432176508774,0.6379349943647504,0.5658572551096086,0.5692294547562082,0.4964607109233855,0.8075804014044551,0.05042407836138196,0.8851299079293277,0.5862922202456428,8.841332756733435
0.8488732212557483,0.010392702544208543,0.8692764039616176,0.12013751917326687,0.7212180063923992,0.41652139288784373,0.6810723910979244,0.6281897376773642,0.16339654706724183,0.5146137644475518,6.5524810287876045
0.27723047319454075,0.5604368428480124,0.738003283052844,0.08125841458183791,0.5157624235310253,0.6176298207622585,0.29536745359721384,0.9530034827960071,0.5203028255068295,0.18251708984593273,6.275699477747041
0.10778826179928402,0.5416595491653655,0.375238381126929,0.19254709776838463,0.03069848678577458,0.56660008003788,0.5986002368336619,0.14180260118146848,0.6017380497703043,0.9519727547075985,4.48352782694936
0.9782956099897394,0.888492936557005,0.8070785808357406,0.20936783671333126,0.15643518249593014,0.44494760228535446,0.6196317513185524,0.850678684008378,0.23196304113680155,0.47964790052033257,12.000518754394337
0.6474402419568459,0.44559385453441913,0.45419367707928426,0.22511716102827906,0.9866609049110759,0.4751932834074434,0.5327419454054919,0.21855929128682905,0.5141367183318186,0.25534955853430674,5.140022478501006
0.20233625138346645,0.27572225094293445,0.002759648505280987,0.5701511120016839,0.38748000552284323,0.8986890191939303,0.040707173612521186,0.04320030085575011,0.8858735173125835,0.12664464220434124,1.8052848627828735
0.002160104124001805,0.17891386371301377,0.8238761750976041,0.8027140827601023,0.340132210843451,0.668030917259852,0.5072497073358277,0.9047349898459061,0.05642347541742232,0.8131791287366318,4.524549542181128
0.17059866942746005,0.3916208974317593,0.19195715143476588,0.702614409594139,0.6783261797532577,0.5478976016990269,0.6981630368036552,0.6395647806046738,0.776442055684268,0.23940665129054872,3.2680860302410375
0.4289126149407205,0.1516265293542287,0.429593564220194,0.7016917514203412,0.6913911607843516,0.7094269032949428,0.3087675286443565,0.6622139737909238,0.36746631958893816,0.9444920461050499,3.94334905327427
0.34336636588033875,0.603018234044388,0.750145714192176,0.9064074290263412,0.43792860345391094,0.36048510820826796,0.430028175316589,0.3236963515497808,0.653924490067314,0.932716764008584,8.44404474099262
0.12607100648936675,0.5609220647701569,0.897648725360331,0.10011454465601755,0.4938654107662809,0.8652295958604461,0.9004522117120823,0.5143521611529165,0.024951884467717456,0.10563917842782167,6.63977715501921
0.5867167452412337,0.12385860646634494,0.14941777691127078,0.7721170977821139,0.7506920585755004,0.8427727594254719,0.10573513650610566,0.19814488109681772,0.8329614298586506,0.7210876086977921,3.7906177874729328
0.8059561278280402,0.9897456749079221,0.8644316061557021,0.5204632508497603,0.31076818479725743,0.5696765865747011,0.6385865502344524,0.33531214125962094,0.7709370374846785,0.09275379265788675,10.4571689584384
0.7793928506817099,0.031998518681948473,0.4979660607214902,0.8614364634832663,0.08649527402139756,0.5177389364941697,0.15939143896131636,0.8948157500609353,0.8323455270336302,0.9339172432934877,5.562755487538281
0.8749823415300936,0.7365533098659907,0.1848891955885028,0.3025026156689007,0.4968551583080074,0.5888967815147237,0.7821833953132099,0.22695962818706095,0.12827739414696326,0.4826101705936361,8.932879256823938
0.15784141087292058,0.6937368023295722,0.5756308900917173,0.7411077970188847,0.06343655965510842,0.9646975604442038,5.536675737993768e-06,0.32544241501353477,0.6796347933662398,0.04514207386211888,7.379212024995237
0.08334958135760695,0.0766814372282203,0.5815097267209793,0.8959253150385381,0.555436977712262,0.6035713522796716,0.3460016512079894,0.018741158655532275,0.021614717751216372,0.8883099664809113,4.232228632475758
0.10257243871964672,0.9997893718125953,0.16442261151127813,0.6746344439551895,0.9489554721809057,0.36228927764202623,0.7344331887479894,0.35085664344233514,0.30494105676144534,0.20180408257543891,6.942035282223891
0.8209349068988645,0.25738706360914787,0.2831581629058576,0.9989697421987774,0.3273104354453198,0.42277448883204893,0.9900554577748348,0.3693003454174263,0.36615200723586694,0.8277144662138602,5.87325935738488
0.31193036848769207,0.23378610364240715,0.4232102551753223,0.7006408005761927,0.043243024979265354,0.37391602721856676,0.34624490194584034,0.24481834726203255,0.654287335904345,0.28999008041367735,3.0817882992888253
0.606731559008003,0.504336841454627,0.21718987082589858,0.2665660570421816,0.17060005330656391,0.05662921485095784,0.6191884631049116,0.6727886939143344,0.1659999936086699,0.6153923846860733,4.574386387282107
0.9820847400575781,0.07440209493782213,0.4903708724988637,0.7330382136438538,0.0460091978297269,0.7782734939976157,0.9795112370928859,0.08848786353275317,0.8222299054659253,0.37858154451209425,8.066251214356113
0.1441162024340118,0.4931932091963478,0.0715187357812157,0.5221014081671842,0.019356788004049608,0.7286114416727302,0.4879696858115886,0.45893966093518057,0.19619149374208367,0.36126315579476576,3.32016341590808
0.1818694324216663,0.7353901005357393,0.19902529943302727,0.616753327051715,0.2796075010677521,0.6569821959233272,0.5404549589213423,0.42343863165272,0.6730008334104715,0.41572207160822916,6.2813998746613775
0.8213706025750328,0.7295984582352659,0.5406389945130812,0.877060682585997,0.8288618214680555,0.5318393946204992,0.06844769370079751,0.565996352199244,0.3552569895602855,0.5401129428037341,10.836962421459955
0.6471304604975934,0.6448385748506397,0.6735240435180014,0.6792686250450148,0.10928141871350416,0.19171233045729363,0.630541004542351,0.4081723887310367,0.7628516453057635,0.12490928226283216,8.610145502519646
0.19152299442053933,0.558464642436473,0.5007480192678987,0.26639715397668995,0.4083432435051585,0.034981278056653076,0.037038107994374125,0.09492700282487165,0.5767924532005605,0.8637164146131536,5.710584524393351
0.26022328925957505,0.033939829723420245,0.7086271020523125,0.8553522390050665,0.13817278526310173,0.38574769594040015,0.15873684059020476,0.1063574306093652,0.6481685384743745,0.9675364761781313,4.258291069746388
0.6781656256207622,0.9848146628076182,0.4343952760702914,0.8978697888273601,0.2050842246663046,0.1179043670107931,0.7025200509124363,0.3714083308626358,0.3176876027471016,0.6712805779976581,8.810698032972521
0.3334840417694881,0.5725581722485213,0.29945510626130434,0.7837575882112514,0.3123883404953154,0.5349941444962202,0.02317608369701174,0.7917307833583928,0.620337774821976,0.19223706699289567,6.398574088095433
0.21537337609102514,0.26249291850482204,0.5765301045955619,0.548316333093023,0.2738637196418894,0.6940622919770036,0.8890411659337312,0.04351547765353847,0.41719663782268146,0.5935201185448099,3.371061096112504
0.5864352035369994,0.01953534698951076,0.21056606584860504,0.06183072131212153,0.5689650725499341,0.6453898876694671,0.15974216342347758,0.3330111193420726,0.32980374337602103,0.8198023315897834,2.368693574411675
0.19465940452913333,0.5483141213256585,0.7829355125008843,0.8295781928970478,0.666566094284733,0.2995277522618829,0.8230465748288562,0.7421660271001266,0.7044691338292692,0.06733539888500717,7.789890793615403
0.04326488065154954,0.6953652977015795,0.9447948012339307,0.7737239280630194,0.8314755664936886,0.5449822808497904,0.30458614408807394,0.6777368967668842,0.7119708754926926,0.6753579716940069,9.253406607223207
0.9467090567193205,0.3671790332645565,0.0396575389557835,0.9084443527574094,0.1604991188540813,0.6973183393874325,0.8732044397726844,0.31014139801463514,0.8304152408549265,0.33205812627144415,6.770398705107813
0.7942579282362497,0.06982986297372573,0.6552429986709277,0.6771380805787961,0.4914258300809564,0.6870908638627108,0.923183670553841,0.733854824968228,0.9612960289846598,0.4486123138520718,6.209712945666752
0.5282907317039571,0.2637386972377068,0.9856016678008684,0.05513673516127238,0.3586204176168103,0.29769716476861285,0.38651171312805543,0.9177178605198656,0.36803787406851485,0.9169766527000005,4.288298993508415
0.42333886166320267,0.8547687692202083,0.5217500985006688,0.31135284342831493,0.4493497989678873,0.42438107897820343,0.2599140620855509,0.28963872999190676,0.18645392131105443,0.33600055720760835,7.177762412004103
0.624405803249171,0.3865581687096312,0.7123232109262922,0.9869781696879532,0.377101079484485,0.46263921408961695,0.1641101569480976,0.3922152857793161,0.7268324507906794,0.21740479974246285,6.078332345098568
0.18205404865522923,0.37637487364919175,0.8186494857177314,0.6236571897114834,0.9575793775866064,0.9045404349276255,0.15113719682324234,0.04255277460721463,0.39909473419475416,0.5220794788186396,5.179214363600976
0.5155706152187145,0.1341072677710553,0.12481743215461039,0.04686075577920368,0.8508599260554004,0.9477441380681788,0.11568502021797167,0.2131223685491116,0.08986288473491033,0.877502171140835,2.1080761493352216
0.958708733536241,0.2617965767208901,0.3035838299353749,0.36266968441293956,0.5024637593807313,0.6824609786449268,0.5043905832546242,0.9510015816762412,0.09989345852149867,0.798605512275063,6.800967988661352
0.33448309081347105,0.3775476880865476,0.7088294437102254,0.9293771098743789,0.7162007785535768,0.7758605753793967,0.7507792421587989,0.32097860598372485,0.7569304331822478,0.7845207602198017,5.400592151951633
0.5334003206505128,0.5367562386668163,0.7597208030624838,0.8170308622244075,0.3371954420306704,0.8015622175752907,0.8142090066754112,0.23412564091857935,0.716950745316716,0.18653392183615836,7.798657590651567
0.09304911298812923,0.5745430120502276,0.908652198783399,0.035459023525763245,0.8265016375949217,0.5064712107035066,0.8608954487212299,0.8434769351710468,0.8752868048162886,0.7688739548066733,7.033297499653834
0.842992354546995,0.17602520720120363,0.30385314887494164,0.2424861708072964,0.7424283037280605,0.15364311936713593,0.18222779037778858,0.8789647207219425,0.7058821929128382,0.8753799779190867,5.058674149850598
0.1393552582606905,0.39898040456130235,0.2831511700763176,0.009681085279649504,0.28452296043870684,0.37958325197787945,0.09221963724271187,0.5664875578268198,0.38317266247263315,0.046461662277545446,1.7962688713080532
0.7039788648679768,0.7292798338411035,0.834471442969435,0.4855405998669826,0.9686587973345098,0.9140641445324564,0.5513516251001316,0.4449519310694172,0.003034427902922854,0.7109945317392338,10.073621913509662
0.564954504049691,0.9375441454860807,0.5942321252412441,0.9928560938927299,0.8538192718632904,0.9535979358149531,0.32766277128503896,0.14933599476726644,0.7968721137951253,0.7861971029691325,9.57972918554486
0.2114489394055632,0.7647446541349128,0.5819733580414062,0.10952514490167298,0.5017835975702087,0.9311380008386785,0.5064575454452288,0.7886989895534721,0.028909986641956542,0.7280814128625936,6.679768648788736
0.9468373861374773,0.4995277848929358,0.3377099130255864,0.6466505048868972,0.9162612150932193,0.17676965053334293,0.4036942100227098,0.15629028098184117,0.4966542322198928,0.540422013030559,9.627173329013432
0.9442036147216601,0.4125151537676274,0.5669566135396983,0.8852625740541523,0.3214050001761587,0.67416386896759,0.7571618488220965,0.3305282346870094,0.16434118553064447,0.5029095419022733,8.752810305252476
0.35680173013330163,0.26646243179221396,0.973421310694105,0.5021530187015332,0.8564776938434238,0.19531741054335916,0.9394427648991306,0.7944314345690218,0.8086921561891424,0.3897648751959286,5.234865412788913
0.48563699307768626,0.5933543258986801,0.7897655362050647,0.8490567520604376,0.07804530935193443,0.9040623875331745,0.937496652504261,0.5928874043567856,0.18675061325490594,0.8184148327034895,8.307589063426688
0.5485876145495989,0.8171964537163796,0.8148081265893166,0.08672931568579245,0.6070214283706641,0.48314429926872127,0.9461194699995177,0.29664129192539634,0.20600010619092501,0.8970868560191547,8.115304242847815
0.14871556890010473,0.6865194587244617,0.30001981384181087,0.5678457554974776,0.6162194328412611,0.41736928195796674,0.9749649802370958,0.13183316808497914,0.391399089036757,0.4303953268743158,6.739561454268218
0.6310469489961815,0.4072597581945191,0.09703601137216322,0.9474299981808262,0.4160790816386857,0.34267372721707257,0.4467221241740047,0.21659568212892244,0.10022168466865089,0.14857847910886257,4.391361497179194
0.1666548270035596,0.19767343821589511,0.4199602122261923,0.6238992690441536,0.6288878380267325,9.756956192685795e-05,0.9209576668983999,0.8228471805323216,0.9639380394360398,0.35998634473019286,3.340773073205893
0.664799276689397,0.1680207492560971,0.817033027220336,0.16136772295436885,0.3259857008077496,0.4908348559469833,0.5945316688527504,0.5596330242867316,0.10209601170999727,0.421676002863851,4.533525208516428
0.9229092642058225,0.8723685277518516,0.5907835232546398,0.5723245754536014,0.11167518264933018,0.2002594523103034,0.25263974260409605,0.48819572852380566,0.7313560480957187,0.4607253556042582,11.037390005557617
0.12606104183739775,0.4393488770113805,0.16263325374888837,0.7511473516928845,0.166500860404579,0.4825339895444567,0.693413602661093,0.22819806394520858,0.07603010763732643,0.5632994760747487,3.2389354779318786
0.05420266350439251,0.587768642968168,0.7534985375862014,0.3293159916723065,0.48834940908069213,0.9287618382249465,0.4711088641755524,0.9965540613933889,0.1570024113576729,0.7089339024832891,6.942204677832569
0.652618598197254,0.8723048135263272,0.09244321199054073,0.2802065915018167,0.13217922576033525,0.9330951222719215,0.4266353246452571,0.9100658455350691,0.29440699435882267,0.12636810136165189,6.328138910876806
0.2965372729860164,0.597174359328049,0.8452325917845909,0.38539069322499686,0.9148086592534842,0.24423205967792871,0.6935406873037668,0.7357133504822723,0.273962919330616,0.02696987830052744,8.047671541590008
0.3652373420507554,0.04519614730613608,0.9007537754021777,0.9535252629340579,0.7353799159460005,0.7266845853138338,0.2408926694117306,0.07392557655808463,0.8021046358609166,0.5591619315533676,5.776145077717605
0.681627530787175,0.77964106808623,0.40943426895226886,0.1445465899783177,0.7950367993628954,0.4537656392284074,0.8269242308559326,0.43769914676001276,0.21701640845730608,0.17100501665378232,7.825537088154693
0.7439217565591678,0.5748891227939967,0.4046029004646865,0.492116756191332,0.5496386052865398,0.23941644182579602,0.37816557969768916,0.29241146510973504,0.38842384674562724,0.5005622135179049,7.976963482600328
0.1733575390543659,0.393515062648888,0.3854944433069235,0.2860038168422627,0.9984963248024521,0.07362750899429138,0.6429511392857358,0.17443860653643561,0.8395239892851823,0.9141965360093008,3.3520182676578827
0.40147798260895884,0.8234784494207097,0.24990944935006043,0.14006850732926157,0.31587826640261096,0.34167401389104723,0.39735754478557894,0.37295894195781876,0.41114445285050394,0.71003336580513,5.837793761966668
0.2455801328657352,0.01857559576512169,0.48968055138127164,0.448291244204864,0.06006498984343045,0.13380140150141373,0.5099208946848939,0.23475076001957929,0.877598294141447,0.17329248645949513,2.693017058649755
0.02012263184851626,0.44756376939106035,0.9861631106082555,0.6338725263064764,0.35402972126192445,0.016868011467858324,0.4849484397422268,0.20646600213843025,0.647754085446646,0.5830084937313013,5.7265263056335165
0.26521377538718494,0.06888273421867164,0.7550191980403347,0.5854640945929422,0.8421262495086284,0.2598000156367163,0.6528620647804121,0.11868050052868495,0.2918099079168437,0.6565391118773696,4.567716071755032
0.8255813051447931,0.3209255017433469,0.7988535565565013,0.6777524602732825,0.34867477150759985,0.8763969377444393,0.5092290660354312,0.6482468225460822,0.4956313419034801,0.452719960490768,6.926637608669889
0.8479777172388564,0.29470441503862577,0.03662922236372468,0.8797826435449612,0.825023953051183,0.3665604745696127,0.18545113870521124,0.675533643048471,0.07876090363563926,0.4237547555388085,5.731578191192654
0.08586232154003115,0.5979096753287628,0.027208383809629977,0.6292383756343116,0.6732055732893966,0.4871444746251511,0.17500732929761187,0.10139393862720725,0.31329234813700324,0.4652066796000124,5.6596369399785615
0.6422083168448445,0.001250127518499622,0.7110639192353632,0.7127119321252765,0.44453780649249985,0.34340644574795176,0.8423085646703586,0.784587482031228,0.983276088517724,0.37193080533895206,5.308398517885995
0.9068326048570984,0.08740188589295228,0.41146606625085225,0.46537411874865897,0.4408743162034582,0.6250981884311237,0.17020783883816892,0.866452171726252,0.5517640185396393,0.9042095480132644,6.368290813992994
0.002631644021484747,0.6299881135929964,0.4124578468548329,0.5050990617494575,0.7438045107802853,0.2271517483366896,0.20489943521438803,0.703007817737143,0.5213657589441801,0.23363909806169036,6.815819505627105
0.4840186346694154,0.45955840577715956,0.6914444274153115,0.0026611036192794035,0.586760265771483,0.6056781505122755,0.7455101371879198,0.8892304660354491,0.4401897971116888,0.3425202243088844,4.592122455519094
0.10232037751128631,0.33683584489323304,0.0684846644444077,0.8028202053414548,0.8070061478458365,0.41723765729477813,0.25964123387649085,0.11802007545227178,0.8512371660218464,0.8774952783854053,2.9160841067902523
0.26628961458981404,0.6217605484677636,0.25865366479038865,0.22512662714357878,0.021208050631415287,0.5771594175860625,0.1499415431855572,0.012371182866931951,0.10485116433681729,0.3137691915878138,5.215445003180928
0.6691631901117117,0.20262305333212516,0.8875905625316718,0.28848841038295003,0.33122628942364996,0.2179771799519773,0.2538053370718384,0.07413511455314181,0.2947705787161895,0.859617459600623,5.035032130456088
0.6884245413956134,0.8752682038656165,0.10485901437935663,0.4556166308421591,0.22925487298011504,0.721215590556148,0.9702378247258905,0.8153594790502878,0.03527816675100637,0.31665969464423416,7.022924688256093
0.028579690450523554,0.04016696693098554,0.07951530416441388,0.2763269289705619,0.30420276763813114,0.4004535132348882,0.40493109446629616,0.771409011843181,0.14140324357889977,0.1577406158042577,1.207918949929215
0.626589051672234,0.5717421521924967,0.15400470548211243,0.8522644268539191,0.3290594141012074,0.3669673485444862,0.4204600808345885,0.32270187073893575,0.5574550522726265,0.3886477231581985,6.952239073752502
0.2594347259452876,0.9044748677107743,0.30835074014015473,0.6984889254688219,0.3472267703568962,0.4352199868774719,0.23594352340133162,0.7523296193872542,0.7372032514262531,0.02223994580810018,6.95031295328676
0.06019404030129183,0.9223764547449396,0.8888268472378508,0.5060871927785303,0.49335739155833647,0.8124241743837926,0.138450146884879,0.6536991213459591,0.47598299448725956,0.7433310293156229,8.298378407084709
0.03010279131199045,0.5927255497239385,0.5567282152155576,0.8408483295891853,0.6768362975550278,0.8801603583956376,0.8872733216425589,0.4081640008997178,0.13743413375181313,0.630283655822188,7.600137159663802
0.8737460984085104,0.07495334419476074,0.5579232730846642,0.11499952665982394,0.026995991755201953,0.6796353539408335,0.6818496118721639,0.600658044996362,0.8592228039017972,0.08087643979347836,5.22655518574199
0.10526026169875935,0.8645354379794472,0.5032767198862631,0.27305280883823724,0.7381569779852873,0.894403722604402,0.6896032862029622,0.7919325966784491,0.2824972401951925,0.28877535941054244,6.9437219166154796
0.8641238803546324,0.6148628486552153,0.23416275167373646,0.5241618154622122,0.6858604714722493,0.21854908125078798,0.6549064082077359,0.04214484981776778,0.3036916230041612,0.6739718117261148,9.241837763612583
0.14934906548990157,0.2221990306424989,0.8790932903583893,0.6743210994316085,0.4989187102566738,0.21089339212745228,0.3414096565822581,0.5743304982873592,0.15531259390466845,0.4817440798981889,4.6819758589980625
0.4089743941380224,0.47668734142761826,0.10556082128029942,0.10649708704502858,0.9641109527463213,0.9793677337247686,0.42616465791181823,0.7889954536508373,0.6557914269230769,0.11691685461838897,3.549207805988153
0.2966786573346978,0.31365140864452046,0.5957744348592239,0.57997671231447,0.9235086937027556,0.7900363139762739,0.8568476646029737,0.8912286136110094,0.8012766725549804,0.3328812610571077,4.292415617339071
0.21501297133450004,0.571767338021047,0.6895683164533187,0.3865679689631658,0.8483386499645102,0.9605665928179834,0.569395726137352,0.4565920622162183,0.8428871169425179,0.02426954698938666,7.157440013054524
0.12901261583424806,0.8456576590062678,0.7320285856479924,0.41613669820432597,0.888851857724405,0.3514582876453871,0.6338453578669174,0.634334470325916,0.18433189261423621,0.284851736164058,8.080776249770272
0.9160069226960857,0.18341485379341704,0.1735746218476245,0.47961547373387403,0.09219736823784097,0.8946261889843734,0.10014913831247108,0.6165574768407944,0.3397818564453181,0.8042728854710338,5.48107354882899
0.5898107457675386,0.38830614107943817,0.9838729845448108,0.06623098846553066,0.5777863032306767,0.9895683115440449,0.6909526432130171,0.739769631642193,0.03209114457948592,0.0213631630969624,5.107158083984703
0.03611011198219283,0.9917239021762321,0.9795197607408515,0.33450892576426183,0.29098181626582886,0.14595874551784427,0.3291402991647584,0.3701499305472703,0.7482828167590336,0.8662935529197348,8.01388396090431
0.7467351197413881,0.6464751010955725,0.7659000780887979,0.7384974791518053,0.4757496937303948,0.3358514024613578,0.28278071687759954,0.6793554595127816,0.9593041244452252,0.5810547189356301,10.030081193127996
0.9125265024722661,0.01422937097294752,0.7944706467360058,0.8536026579600796,0.6309938379436958,0.9340609993617296,0.5899129928812996,0.2405369025267493,0.21571722944819427,0.5558362666927152,8.569726960336629
0.9064839304962109,0.07236794575507699,0.604390512210911,0.7698034729820246,0.11540206962356914,0.11676969071201293,0.36612799666958806,0.27388117354971686,0.19831415889368975,0.19869417361134523,7.224937771722303
0.13066903242483585,0.6108540130819524,0.688125603584087,0.7029362268790446,0.5323539761386061,0.9529062696655667,0.8805327775900658,0.95763114266628,0.38879547812717796,0.8777831599550246,7.778348231683222
0.7628746994068838,0.33997290303401306,0.1065932585042193,0.6826212498968077,0.13645232412188035,0.29377580700111205,0.5003645764437873,0.6798825351484731,0.9262276571973049,0.5932400448489966,4.092757512365715
0.6714130996720948,0.31001385015097804,0.6872926164285389,0.4377901207300745,0.8569311828837738,0.39245051390147434,0.4682720216565569,0.43258775691025786,0.8111228343073851,0.9536991970119053,5.348714823896124
0.327276300983274,0.4750279007620768,0.7059262666932357,0.895381622034731,0.4937006968460207,0.10889350822672728,0.36867138350132156,0.550361885440113,0.4175246059660326,0.1865557267880701,6.283215887213632
0.03698949534321749,0.6874086660798949,0.9927371907771425,0.919206633896617,0.6832709108608135,0.8415298085164292,0.25572761846719316,0.6224344360784464,0.06060421539896543,0.7071839273124577,9.523768514547172
0.9698723390242686,0.8607973072178591,0.5344408747716374,0.7887402193127766,0.9438988099481647,0.2160175779392154,0.793258512977378,0.2698469579688534,0.8769474219396665,0.09835450569014548,12.961714315991708
0.17821841886984147,0.7206164634718017,0.17477750386324897,0.15805430190304437,0.555466877398872,0.8349872377090708,0.2684674252746291,0.841138182705485,0.8079533965459746,0.5791054009593355,5.551966066551621
0.6465627536872701,0.04044118661190821,0.36713555830371325,0.26339493111835255,0.1500038607274724,0.38965932915698154,0.35490419634743287,0.728891678129727,0.5980963404767533,0.9131000688020193,3.1065973002169365
0.1454075830558389,0.059748605323525994,0.5346077874911287,0.0010271386107850722,0.7877189431349656,0.5059728886850094,0.4880655760578936,0.3624959787241744,0.37497383614876256,0.43113367825065585,2.573091665467712
0.016032344426030187,0.08354578721620465,0.505048020011237,0.1501222652198041,0.7787626083469982,0.27448517400452577,0.09789963734932405,0.2352099259034498,0.3570982301557881,0.035316608594883614,2.7017395714132273
0.14167552438632902,0.32384675447751965,0.31048047380976407,0.8003866965598392,0.8432554753126531,0.19341859914354997,0.12393988391284738,0.6341624843214183,0.8046235556954314,0.9637230972241315,3.6663669620385644
0.006796284746514281,0.4136781134268045,0.7339878340943856,0.8285592988743544,0.06228594868309778,0.6806145194641273,0.28893871739897004,0.07459695933312538,0.48910258175466725,0.15815334320414598,4.6282990525826895
0.7370075180616847,0.7412617996994535,0.8420677649875095,0.3775686851477522,0.013309797230643627,0.2597359383744797,0.4678116995252769,0.6940112794160505,0.3820405856867414,0.536048396067138,9.169642695791918
0.5242635874557169,0.16498234935831657,0.6230495000800127,0.4392517282053978,0.807918701652493,0.6906112081288999,0.11146918619755464,0.4887584100365685,0.7024943584941874,0.08701172580734262,4.374701581883251
0.7924970325566315,0.2220045146443994,0.5030847954736897,0.9405612874726361,0.571334234822284,0.4240544517039474,0.0067949273991426695,0.1334136227740781,0.5786638850979876,0.4938250406537382,6.357768832992242
0.36382917564683137,0.9232158853941174,0.3324825374259408,0.5371507564441066,0.5687134095241301,0.5274683900639227,0.47758539154009927,0.3370637360119081,0.9087636330396195,0.45080326175914476,7.068203332561494
0.5284488673460757,0.6564779838302423,0.06765604243153467,0.7812881414632452,0.5125073100860356,0.6571769358449668,0.7720120654136914,0.8740993907642146,0.392220416952931,0.8114298926822551,6.938395265123342
0.2588368955659017,0.6603356509573663,0.1027073006796394,0.020030467424075216,0.09576312611263971,0.3193824865624758,0.031094613824664274,0.6304912721872625,0.3165445383822648,0.736376067714298,4.56989893144895
0.04591513626960564,0.21670156654749817,0.4080034253296986,0.3826515622940463,0.13099867283634048,0.9941368135816571,0.2844395808338359,0.7210320846514631,0.2200266972117182,0.877851210726084,2.254272260229211
0.3877583101496924,0.9009024889891045,0.34183491963397106,0.00864382149691345,0.5170204310784614,0.5247879361510964,0.11983418278863556,0.23496357341929242,0.7834955909813494,0.03675582462865923,6.03012949739986
0.48952668668668065,0.5304081234135628,0.688712060676124,0.03745626740013519,0.5856463270904639,0.0030980365781831942,0.26517836728919064,0.4996842553164812,0.9112813374256171,0.12658981600553543,6.0253710291305245
0.16928912900327509,0.6692500643838276,0.37486169382239887,0.6234214019228718,0.9974541671342672,0.9868716613488541,0.3537135794944214,0.5039253538248326,0.9046901586293933,0.09216766240855756,7.434639297798558
0.45230390383684704,0.37757734831645895,0.29488277266099727,0.9942042119223482,0.7335492939723779,0.388746992392922,0.8290218916654192,0.48966610071205685,0.8728244123678587,0.26637984563057837,4.5353786706901325
0.22360022738706542,0.24728668124744757,0.5384805761250524,0.29131339115513466,0.1471196841463841,0.9946279185057321,0.9004332274414101,0.6350124374930797,0.8915428739239459,0.9354627375078188,2.615141499517885
0.6761082918658355,0.5186797786913082,0.8820017922146772,0.5677969969129095,0.126800542853874,0.36685600045750577,0.44592095173537705,0.9353690161355955,0.6591854723058224,0.8752775627958908,7.772294200373706
0.7575917008399362,0.30986088652268295,0.7187089930641832,0.19529973592387462,0.40814581171746767,0.8060918571559321,0.6119291619152283,0.825412505952615,0.2547035823500513,0.749748832427295,5.112642052840672
0.20232436144183652,0.5453041723980072,0.4335345944544313,0.556475857770807,0.1355334240282725,0.3612278755130117,0.6669038308661737,0.5585307940810273,0.5489697589118196,0.5108301121312544,5.622514037107756
0.9438849100388784,0.9345696979397342,0.36014497279829427,0.3518950115842048,0.5548984565730611,0.0956062841392078,0.3030067007675159,0.23086756580117274,0.22338966833642848,0.6385055258952679,10.700555571587625
0.38435033434414934,0.17116437475830626,0.8875718449877595,0.8741486879377942,0.8624629235322352,0.39074494225779277,0.05698245351045239,0.10674201789443605,0.2760480797712992,0.21997000410865464,5.744286198336796
0.8739856201488354,0.9863581803892595,0.8166736623318024,0.7298489027491885,0.5886241399273142,0.7699082991798728,0.9470333121923908,0.601344669907081,0.1546132440198339,0.1638583172687197,11.796240141665555
0.5838628031285862,0.33346853978480784,0.9102473752449693,0.6116423338359723,0.6764926134233603,0.005820710100902571,0.498848552062623,0.4311647213889117,0.705871856767533,0.3826386603333657,5.802072562522108
0.9765750318871623,0.6702031815564018,0.6599183331425894,0.9193411447579827,0.9952048338983457,0.19782068926211327,0.810533143214728,0.1623194953220275,0.4570434530542099,0.10018540433247014,13.656434626662975
0.6233709784671648,0.468518163405075,0.628698948325715,0.677960752615413,0.619432250031238,0.29402912260737313,0.8369591572436688,0.5516861993751241,0.48985117321680316,0.9870638042348744,6.462159234521701
0.28350790670647685,0.5280303048951731,0.6823245786079914,0.12522593293323359,0.3542397241465354,0.8016887159973262,0.23675823459983003,0.49329036490360667,0.630630605982971,0.6711623533076001,5.5088526204138715
0.7283104420478259,0.8659773170429443,0.3928594430336376,0.7066319259638562,0.7321746477702515,0.3002741301269902,0.9681579502116412,0.865219173522062,0.28986132869956405,0.6750686766869876,9.163009093700612
0.717800634459294,0.43148363627537933,0.8637432859409664,0.6902293535090397,0.6581546851527181,0.2208403722847182,0.4078423113495825,0.4339224891323499,0.7336610965790206,0.6183945452575524,7.205935165740614
0.08586059062626705,0.30769795188724003,0.47304750446154553,0.736732945856993,0.7435691300796741,0.49054330857163675,0.11693238226067759,0.29290340337283904,0.25469238224706925,0.7810264103082412,3.8608258454147766
0.17998631400565357,0.4649212223951922,0.6707188035143901,0.964786152950037,0.99924058022444,0.952922143555439,0.718242345253535,0.7464408330220916,0.7592100976090174,0.86260487654629,6.472253372307943
0.951785462852208,0.44570614452032753,0.41651087804212694,0.4604644623786307,0.6598171714565941,0.7754453962777647,0.8705443909013292,0.4562107542826056,0.36337262618012944,0.9833526147022265,8.342018135984318
0.23188762100722626,0.22200483525247727,0.7154074548264956,0.17965729560264232,0.39940899974612243,0.29238682231425195,0.16871045675694862,0.5797072390978936,0.37351149075462886,0.46223417284844603,3.173114358777459
0.195863004825516,0.7678668026717566,0.31471208345074575,0.34271817902689883,0.25215396210011265,0.4344035721190338,0.463576627238672,0.5296669163295151,0.9675682819819397,0.9046918080457035,6.081862813079708
0.6093926309870537,0.0389034677630975,0.6122603408767345,0.08966860676411625,0.7103442385187473,0.3900776465809306,0.8376964915685187,0.9425292452651306,0.417110341465609,0.4605552954737462,3.8713779359158007
0.5901475810128503,0.19713272185805053,0.9273328408283613,0.43299992650137265,0.1668203359160073,0.762731833418884,0.2191513724439852,0.14352927507185498,0.5628720754940071,0.6714952552915908,4.883879810548807
0.5695627406649163,0.6565106489473632,0.11552401230774445,0.47601803788410735,0.3570186440885412,0.9733686162401218,0.04962393417946742,0.29829420305992305,0.941862194091722,0.9834961831843295,6.464074071978187
0.8249016077271335,0.07599824401640931,0.5613550283435403,0.40012299267046714,0.8064525676954016,0.05502423557133329,0.19712875164470212,0.4891950662226294,0.15764766294782695,0.6927151426942982,6.001790783764497
0.8207672211397983,0.7045198936276434,0.4402837136399823,0.8783876662526462,0.1376861317199417,0.2603385838990089,0.4895396852523033,0.06133859887925197,0.09568578156654728,0.3974433717223721,9.815229386735789
0.943886296734554,0.9084136932770003,0.4659748582784111,0.14215854451073007,0.17810765595843558,0.37754605460912727,0.21007419508678138,0.08297559439037783,0.6737774835199971,0.5814486377926948,10.221343972186034
0.2912967579780851,0.7789483825523041,0.7759488877058345,0.4910019702127618,0.09653255551189388,0.9184694001013576,0.6686605235409713,0.24705081915195093,0.6104545470342266,0.40502149582763025,7.711986397477186
0.6353496397359579,0.4738708957310208,0.48547215023973345,0.7358820919073593,0.6137257460639758,0.07995269124422566,0.06537357044630365,0.30500923749672526,0.4302459965387463,0.27522255917928606,6.300642662075441
0.651459858069918,0.1951079317256219,0.7041410963961697,0.7731507418889302,0.12431930759565057,0.650806243362988,0.9614359759001141,0.19282381726334674,0.9093028311161545,0.6060479492740166,5.146273636799268
0.5909448673317119,0.051922682320867164,0.7483002783863982,0.4782730526480582,0.7211743918351341,0.809181103446606,0.5237963733722786,0.26364431327831417,0.14157249139281336,0.16050312793241428,4.986239794305394
0.8669346539457987,0.12357809563038868,0.38469407304656844,0.3342746462890308,0.8654556667389702,0.4776935006942916,0.9964464173481377,0.7370547463031447,0.8509235754042856,0.09867226602667489,5.896651435328719
0.25310225526489594,0.13544619557182824,0.4636219724005597,0.7182874881619098,0.16906356820300017,0.1301685445697388,0.6146087487804404,0.23031275376342397,0.47932507175374095,0.05111772772771772,3.2744513014177357
0.6806128120674648,0.5413163816420536,0.6474228989586328,0.27540638005974605,0.2786029753615311,0.8013605330907582,0.7185623129848262,0.5797286511986146,0.6281434757820805,0.09404417950110544,7.075753765653472
0.8561713044512536,0.7699070330116626,0.5904915338234477,0.9185951311009072,0.1686379076993998,0.6866573860341668,0.9629817776521609,0.3100089645699209,0.015292314067509527,0.7348674669691331,10.830581901186001
0.006980324456127063,0.872533649182167,0.05630125210356984,0.6527647298718772,0.3771841444231504,0.20334065371673282,0.898258399853829,0.7462458519268622,0.3404405661432601,0.284153092857225,5.952125983462154
0.7360122941611393,0.8365707626063305,0.7158504642958095,0.6399892250357414,0.2279247251886488,0.8528039832764722,0.7496619834583749,0.5172742897664144,0.5115877622667807,0.5691730278073464,9.549948398054033
0.8282763941786627,0.7422595488375575,0.8562449939458833,0.5072827716587224,0.6246490590182572,0.8545718068959796,0.23232006017671536,0.444020680256224,0.620652236979387,0.9151462573581014,10.923761122889143
0.015836011046124976,0.21257315817322753,0.2344505077612904,0.32661268026179424,0.2817866204206789,0.5901387855622386,0.8856202642547454,0.6369778410723894,0.24152655895435915,0.8637528500700845,1.7576120906182109
0.6320457891475133,0.21896212498790157,0.3616665371665032,0.7899648067397825,0.7389311814871142,0.5765823695056426,0.14476750274056183,0.8032892973145042,0.3075425285527481,0.7715979389991624,4.6713676180513115
0.6475663657622588,0.2641702816435182,0.21236922813265668,0.13090992325771877,0.24194623658811576,0.15782902244914,0.6170512477877513,0.5987831189772536,0.5861720601327972,0.6418898092248384,2.509669943078193
0.8147845339645663,0.9135527115498034,0.23037553790176213,0.5877744901689257,0.07833622124727146,0.12014243835559513,0.6543393129613905,0.48658056169045083,0.7583320868344338,0.42567748099057134,8.546698380417137
0.1275984068329381,0.8720536538308254,0.08288847114532227,0.18896464253538203,0.276976865961851,0.9952806070654268,0.4168598201759839,0.5017085304781149,0.7696967509738685,0.6364155853388137,5.067821001795658
0.8414206919413334,0.4864334585878938,0.972177687493222,0.796812361586308,0.4013653883132652,0.381271822945248,0.9294911920442178,0.6844156358147172,0.6214336345256386,0.7578306374338108,9.53717069578913
0.5608338281117115,0.1591667730857267,0.3192154620784311,0.5579448637089698,0.018167820927166956,0.4373507049632278,0.7558028792759367,0.16423400451627235,0.06455895015690571,0.8360291407276985,3.0385519428348475
0.617273868463362,0.17657897248946397,0.8063049805831936,0.6581294714872123,0.3341192696484382,0.3761962719617392,0.15588816318704835,0.8352555942087403,0.509006651643742,0.5570190766436606,5.256666034305992
0.8834919151977477,0.015830616453093915,0.06692306252329205,0.161578981859815,0.03003781308814557,0.6581561566243995,0.6338794681883207,0.2108019029289856,0.14940644488669474,0.14568470138660672,3.980177078497155
0.9532414133186423,0.6935045286247415,0.5854288284650793,0.3224868718050943,0.43304319790878965,0.08940588119920767,0.9981518880550014,0.7550854635716348,0.6214531568282279,0.5877671952278822,11.28103574456425
0.5043143720331725,0.25742742767469584,0.2263904034597337,0.5495324571892244,0.07020081455795169,0.07447079886853569,0.5608136031603501,0.9198120482102392,0.9142718511298545,0.010828300660792323,2.6312304361693526
0.10739421564744978,0.583077693758695,0.8484757218061642,0.9544490866568287,0.8605822260457793,0.6776131352964558,0.20052507758923577,0.07262147397896235,0.047515782685644714,0.6120767846254114,8.830354211964556
0.03618860401535773,0.7392399564655506,0.7124707373509691,0.07961082477667891,0.9066223650367946,0.5219292886253023,0.9044385673377316,0.9016100561883221,0.1970340638871183,0.3805776279362848,7.285685552077712
0.13462633350381625,0.7749780101363207,0.5041249155378625,0.9288075753949819,0.20821521487627737,0.688367661519226,0.9892368277727088,0.6653812618209913,0.06877393283071265,0.5884243496951905,7.733261820956176
0.1798427496812367,0.030502777419315397,0.33496069730521416,0.26610408305406574,0.7887708988157541,0.37368054107810045,0.7329587803851965,0.016238991949331427,0.01481213343339105,0.029313457547557098,2.531509506889684
0.21935844178258046,0.37398778502856167,0.6078458031168545,0.9859138858269728,0.35440956701433257,0.05565890675716623,0.19490016166584867,0.8978518338148621,0.6993791901477089,0.7902008240385598,4.68805125561471
0.12416820567279263,0.13498698870750792,0.112246007544896,0.857169164309525,0.20996760869360442,0.6431517453797216,0.5161663661832591,0.5443899118738537,0.19543535839126824,0.6352460934539895,2.4280680685744827
0.043100534458331174,0.9934722762576287,0.02675890649272905,0.050156540715862175,0.32464741989168133,0.8316253557695383,0.2571892117767429,0.4719350137913282,0.017977331176192934,0.07887931648364421,4.6238458598328736
0.6079660485407071,0.19435846944942858,0.6942545630195254,0.7853911750171771,0.8503341994722833,0.13379933799932264,0.45550854903192495,0.9470814499038457,0.7720835424443078,0.11696038184614832,5.650725465718865
0.5025002450183943,0.9223805818388388,0.44003880552318586,0.8374176088409688,0.49584372118855724,0.10681167724575369,0.14785492605950734,0.046675752808179705,0.19531474057556453,0.8936140998704342,8.23627035789152
0.6501980459432567,0.738856934882911,0.6216614583933278,0.3865392921383477,0.2168611327960016,0.9256145840098308,0.5148297815580215,0.48109988120793934,0.9961040885935457,0.3839299883884766,8.168965887890637
0.8541253148922391,0.8623440603168562,0.23267021035779556,0.0948396923501621,0.9756201157158643,0.42589686413556693,0.002220322010195508,0.4990178338289586,0.6193003637474503,0.7760882474480342,8.906727334890384
0.9429421182236386,0.915170628945463,0.9401358200548685,0.03212514825947277,0.7117741338304677,0.2258579628056866,0.187552687205654,0.8003185685992503,0.41712968917287985,0.9166000757823358,11.94112637307651
0.04243509079570662,0.8021808294871632,0.13683441128259566,0.17657720156498447,0.47735171552449895,0.39558994087279953,0.486172306128671,0.9400265220310552,0.6573889355635731,0.2903093818420006,5.3500396918183775
0.172908712317845,0.4200462751309336,0.4516410272677376,0.6012944098995162,0.26600270353976796,0.7675092470968168,0.09846024547938159,0.5604533636006545,0.6235316532441113,0.20683158106514532,3.695656392972414
0.826011350499621,0.6154321252076775,0.6457222146479729,0.4977435057634385,0.9095942171763385,0.6939275814876245,0.38183556489576254,0.2386058877840862,0.07106167482348724,0.16536083718035954,10.202863262691746
0.9926829520836598,0.4067668959916402,0.8986872272774067,0.17056935688526442,0.42536087134084966,0.9605184670334487,0.09113225141929993,0.5939842838125028,0.9191719006963021,0.9496833729542506,9.30153551579119
0.8460074771117757,0.8559344323601494,0.6521829541174655,0.22042310809499255,0.7306785444849198,0.9783844644587232,0.5259335146728108,0.26069735907690117,0.5734710677649978,0.6906103562406164,10.073774076651874
0.2082803094244131,0.7191893476094225,0.5874328588843919,0.6123499091480522,0.30598792973983413,0.15526681011120114,0.623449895305657,0.5862329891525718,0.3380121877138049,0.2958936675458872,7.473738182608849
0.34724446166228407,0.48988333849882015,0.9748197351111613,0.7635646220262063,0.8517397391654884,0.5056495689035311,0.526123611778777,0.20432466143702765,0.7210458363010783,0.42158400579063615,7.502757252242025
0.7424468588177112,0.4090553813126254,0.10851718721390813,0.17305368778588348,0.8115700780746833,0.25861648955893257,0.2643544225670693,0.9293680900023313,0.6576356228668495,0.11430755388435632,3.990274019115325
0.14358527013193423,0.2723674327202794,0.5939956878266328,0.7528254699056728,0.274496443453197,0.8706420374149645,0.10918017888414855,0.20759916804317957,0.9704649211428775,0.13474486365365768,3.7814476689100456
0.8881113077238109,0.7039350754040954,0.07308709064170671,0.4837068288999439,0.5189793531448064,0.9321396314158376,0.42110459307716874,0.4467636154642759,0.11248375478637829,0.6391725634376625,9.128918709064278
0.21089697588909662,0.07753325822370682,0.996919000070794,0.2696296279628052,0.14105316512880395,0.6994903745971763,0.8216821559219019,0.0640774931263467,0.10539330746978703,0.09017382358204584,3.90439468954528
0.04695930332251119,0.6594564786342838,0.5883131897393641,0.662806656559933,0.505667163274181,0.8175076854055816,0.5466683024985755,0.9187469347996249,0.4856485325039933,0.7906586612115988,7.558576346326411
0.4073603536836341,0.43522389477644285,0.8489920452379168,0.10765983535766332,0.5649177549832081,0.7263364677787856,0.7504206154170536,0.5914935271699754,0.44806448415951383,0.26078244386675775,4.696994433982224
0.9094262353541223,0.3697879475213254,0.7989920885333458,0.03166561296263626,0.23216921468660912,0.3455847928841226,0.6715740633102042,0.319330807161891,0.04136380081930713,0.17386751605401607,6.768391990886657
0.25916535236932603,0.17604747993581904,0.20372456014113338,0.7689569406733544,0.41203364395046016,0.4051792446679252,0.9666063366594861,0.44670183794420026,0.9276581325323949,0.2990630982166803,2.849231580206235
0.4006262599041731,0.3962833560674621,0.5460788323146444,0.5842472908539522,0.24812502904226885,0.7935842504171187,0.4965259546767925,0.007043553518807477,0.5913406333166802,0.7980594415291364,3.9978683546479385
0.2504667378154578,0.037871009361926,0.8071786556507227,0.9762767159716271,0.07656361466490236,0.9380368073257211,0.359274411976062,0.9414396085880875,0.6488393240024468,0.8902443124484133,4.723376432785001
0.7858330250514134,0.027997742820626836,0.06544250232505389,0.525744605118544,0.12961901984491264,0.46103423915715147,0.9546302985644676,0.29475728755448427,0.48891271381574086,0.3842596300680694,3.695851585143037
0.6298269642482485,0.19384493065155883,0.2599392901342833,0.8587678513640101,0.8113362238603383,0.7891896888706404,0.770919609317896,0.459437493461579,0.7288907725322082,0.3872048178721178,4.559436946135095
0.10070958018948017,0.39337464164889235,0.15866304422793087,0.39085168063250963,0.2974252153628866,0.5991606670679249,0.3615404154984234,0.7055896633791784,0.5121466810476494,0.9194922785153998,2.128633059247842
0.09102543535038699,0.6877091886413322,0.6723968775700396,0.9506265474127007,0.3715518670436525,0.3054379697121623,0.17239344421365654,0.26528851535529363,0.5018907727551386,0.8377129619599771,8.342383122531785
0.2842866034806413,0.15774211665739057,0.2721284710741687,0.10092697502848458,0.9266954163079961,0.8726241520222472,0.3084917169851523,0.24698781593186703,0.9053973140649156,0.0017719513209559778,2.260974502513743
0.6005775279913467,0.9160037609456705,0.5085574889063528,0.0029669595996338893,0.2188714293851557,0.922441593891934,0.017022424179829243,0.3947797660632014,0.7897447263329782,0.8380909936850034,6.854370801217603
0.4776079326286701,0.23248375173285252,0.599704717686159,0.2637780315573015,0.25526425799591634,0.8075997633970131,0.15426583529661309,0.005521478401990798,0.3367752170058491,0.49097395499502994,3.2764317060684505
0.7050803918953237,0.7811152576042886,0.6635192111336301,0.6265088803169266,0.665748722319435,0.271526517581099,0.3823613229645678,0.6164365009995645,0.06557066035397285,0.29532535006785565,9.57313569979794
0.40641894475765306,0.533440682853936,0.4864821073609611,0.7181318781539937,0.4734266754164611,0.9041299838249889,0.38031834215241733,0.5253717061761564,0.0032103896020267975,0.31047795644618936,6.522271827623888
0.8665729773139923,0.3335763945962916,0.253186333332462,0.5435369624422216,0.07873009844207246,0.5316051316503992,0.3036657982421883,0.38310288987438756,0.7913650043371449,0.6619640186141184,5.265571699628472
0.44610609312384286,0.5775163130849394,0.7668587553202292,0.7457837451961883,0.1853217105511784,0.30091922199920473,0.34823693096602526,0.18754229000500444,0.012161454006304195,0.1739672687888122,7.872923907228678
0.8082443270814872,0.5459204513924711,0.34165802698718084,0.6083444456294648,0.7398341253467917,0.35442778302086264,0.46607484153497447,0.06421321667011559,0.5970905362124792,0.35640709555218464,8.375871836642524
0.43352364760078765,0.4226006179469247,0.6324092887425428,0.5724653489544809,0.422106047776568,0.016955021490728694,0.6209626146313793,0.8795774740343271,0.7695515715938976,0.9816156322500822,4.732152775924405
0.13907533802071337,0.2225200527878537,0.5392674652219791,0.23588170234380645,0.03454978128168984,0.40228827616394613,0.2876447341539825,0.2637608456588828,0.9531728170242486,0.23845411626544954,2.314032318666646
0.12943257118739782,0.12531925790785114,0.8063240734885292,0.7148480745267403,0.1294861955670622,0.2197531188607863,0.7473430084435303,0.2746163978346141,0.9815420751573521,0.5405700666209088,4.148201260759216
0.1920079704100882,0.8588084545127331,0.31947554589723515,0.2888073550643778,0.32744123345149845,0.7681972482230377,0.17321294971594814,0.381785780260938,0.030832772784410434,0.8266266173496077,6.075978528442639
0.34071876630700526,0.24817291980837441,0.5798932423754992,0.7049918837513753,0.8128960371829431,0.3477849454990679,0.8123008501490696,0.4648810003714582,0.10114226754522493,0.8463074827157793,4.379117646558434
0.5476347821046144,0.6024695719473855,0.9374912696947354,0.5591514849392553,0.0055835306779890015,0.8706158410031026,0.28475108032345997,0.5017669207840038,0.20488660256142022,0.2969835684549734,8.373907923992366
0.6866488480670339,0.42957335103791394,0.6271306305813871,0.8235756913129509,0.34082202218634516,0.568340038326041,0.7775878933731363,0.7151231927693746,0.5398434359818509,0.3833835107273551,6.214174026788507
0.4075019812330175,0.4331352119962656,0.34884552894615184,0.6990756348896979,0.1254152522718297,0.9674541207172768,0.7789855019715402,0.29816305216677386,0.04254756927063563,0.7113031723789262,3.9123151118781143
0.7343590449698332,0.9636226105275766,0.253705557575165,0.0827250902042238,0.9151347577184327,0.2586490346127752,0.7215314473238819,0.060659637827677915,0.760584804976167,0.1270258971371404,7.728066895100894
0.6955863480416035,0.5323430478534048,0.9554881304672604,0.03691764307734302,0.29204874580005813,0.0695089173342438,0.8791976352397189,0.5939011536611077,0.534969612357899,0.13145789211630976,7.473246450772959
0.4890322573130509,0.3987036551758154,0.31575186813902323,0.7721889554985943,0.06127603983344476,0.6466857273622018,0.8229930312022118,0.9073072828603244,0.7459165947554102,0.28245567885821554,3.726129551217238
0.6005074605237034,0.14140361091435527,0.117060623744776,0.6386241421385146,0.8511076545842028,0.06724812569961891,0.10600373213329872,0.5656073074293569,0.2182118610193402,0.6118181227776478,3.5871642591416455
0.21454382525533988,0.11648197430605944,0.5455749821648274,0.8621951380326188,0.68512197215053,0.8187251375359647,0.2663351743900483,0.8859786512970257,0.3770391745762707,0.8524476678569936,4.283987380193539
0.4711755901487261,0.2678576473604962,0.2602588310267929,0.5676678843646529,0.07901027020684581,0.9300561945885086,0.2714634956985357,0.3356248178458553,0.23330155374123274,0.00300796056072139,2.6917155048234873
0.6925502368087978,0.5905529010342235,0.8096445401971156,0.041010773450980476,0.9286556447333203,0.33088694006036556,0.9130698625057938,0.10713148206753953,0.7439205814696411,0.5793582314323266,8.473753717854278
0.358191215252584,0.0791423959330193,0.6047365098467405,0.026439883073913095,0.5012820991460075,0.604208575793655,0.732523747287522,0.9913346342248459,0.2600937135077649,0.32238982137347505,2.78828224262538
0.341145346808992,0.731582711858835,0.9318192682561138,0.9743237495815588,0.9458113665581291,0.8793830077152434,0.990977373820631,0.3759457268344969,0.9483213199987064,0.7610199623959116,10.042746255049899
0.16845985952797826,0.04546518787720233,0.21448395787032226,0.7787511242876262,0.6316968812258842,0.22435625734668518,0.7419214544713593,0.141322239438203,0.8218413938586945,0.7941609759707321,3.02927728250822
0.9725759707060484,0.15027956462931813,0.9066129944146003,0.3411026637218385,0.41605986479531165,0.46844506288676946,0.6269040532025558,0.9947633701180427,0.5999588030552332,0.9267158650404073,8.714343990488112
0.255028202084723,0.39841166181514964,0.5044995294385808,0.32290198978667073,0.9768671029643301,0.7256835538972272,0.4788813521825601,0.7513047012097939,0.46744249908265123,0.017225327367926035,3.877151446326364
0.5431934078103361,0.6251852187612016,0.9812074187185617,0.04079284826061769,0.5120969574551338,0.09815475670836182,0.14899590157096043,0.610463338968476,0.2315677122664973,0.7491741112950245,8.11317032232532
0.5141986925952727,0.21821288516573722,0.493791677601065,0.0008817269081207169,0.862740043657841,0.012678377055762802,0.0070098924921825345,0.6115039431796471,0.9735209257900829,0.8559334843539788,3.1421860924233367
0.25201891258945164,0.1966668111476857,0.6261121806334554,0.8226377470220774,0.36207867090002976,0.4323545903670759,0.11548951367775118,0.15282642125535917,0.5683515950260208,0.10265614574843696,4.16897709409143
0.202046124795901,0.23467702401188406,0.44392453321363035,0.04561196412363622,0.4997709716929386,0.9286744063940815,0.02446366111907261,0.6309848652074653,0.8358423651515423,0.31246084254917716,2.1668914794631124
0.1315185450192249,0.04333978760926305,0.6439030594358025,0.5522343802290683,0.22929498839199758,0.831617307631748,0.7355063521523434,0.27642878498678314,0.7533630228646339,0.24499421350077255,3.4351325242550272
0.6752674618663609,0.11854504107387942,0.6922394633332072,0.23877441898226026,0.5724693542417141,0.17246386685188253,0.7259669475679523,0.060879574393051694,0.1654177868027188,0.18413647987083648,4.618245960360292
0.041343585853998555,0.7450125161602457,0.9809525047399328,0.7783977884116824,0.8606319621223956,0.006007660338277154,0.11786996377459324,0.5590203392948624,0.9778688847941674,0.6607129310482036,9.44870970321502
0.3741366937380777,0.1461493054814592,0.15283569438265077,0.36275320231678376,0.7138101973440073,0.031819291024910656,0.8521775914616385,0.9415514356898057,0.8888164605308312,0.913026909396893,2.3478219463721293
0.01533927941826374,0.9777923159498958,0.36635711489034883,0.8692811183651747,0.18680887069961416,0.4465257426622369,0.04416438862397665,0.040075996842827255,0.9432761007696382,0.8106066125290391,7.130487183489449
0.5298260444137933,0.5254581735645378,0.7487546184761863,0.3416687815704901,0.7618692758619521,0.4850083799932724,0.6379174029114649,0.9648294501031478,0.47131555752026155,0.41840465974645014,7.022446354261358
0.9057491739413586,0.902580494916344,0.9924187018831758,0.5508629993083092,0.3442615410266028,0.24039006317770362,0.0340963569516618,0.7267286242108855,0.2334761737354467,0.6066408852256573,12.166932193718793
0.9165923653643955,0.9502136073945268,0.004410133980310316,0.3170750313763564,0.8373780294652269,0.5364452053515353,0.8075087334821528,0.853323282837938,0.4426262199413228,0.35898293802478554,9.395232887378256
0.4554332660505255,0.6527952026242663,0.36715915288681833,0.7749882886977527,0.9039927936850224,0.2823112021587265,0.9649896441742395,0.6227252467253106,0.878168771219741,0.10391643527210548,7.9938501768160615
0.2514991370562387,0.3210190794325922,0.3028221511745133,0.17186115659853185,0.8682009475248323,0.41861214128955004,0.9631302124667881,0.5834723667901471,0.1383946356448631,0.5459047098339571,2.502371972739628
0.9935451477242423,0.5651716870992748,0.0018693451295626051,0.9330799035904191,0.23489440612818935,0.6885290530689566,0.5150801549554427,0.32543375684088616,0.28263952367638867,0.9287598625071047,10.572961599390462
0.9119258959198372,0.5131348400537792,0.2584951955351392,0.10234203217199778,0.1565763828590856,0.5222517257406045,0.30782996057900913,0.0420681422599567,0.4551673853111001,0.7461892924643136,7.236583827918086
0.8916951159599875,0.5852840456830893,0.723292123842446,0.3640704708649324,0.49623817921693947,0.7296268565100292,0.7276582273722945,0.42452626456950415,0.5436673415583227,0.9238553395509694,10.31959945680073
0.6319976049432336,0.6425746256865896,0.78462029238536,0.11522289631597282,0.5228842916487275,0.959431736270982,0.3616603921760989,0.29492614642209103,0.6012079656047576,0.22111942456530342,8.141604506279064
0.555945156523649,0.15565201085764058,0.5797934606979056,0.6023791836451775,0.41840047901226285,0.38274642543868853,0.24545827840044931,0.33092230783359433,0.49834596719136337,0.24765890102910104,4.290839738196162
0.7828344633718626,0.7090352413257717,0.26930586714599547,0.09743516310154798,0.0001800389839627936,0.5967188523814889,0.21136374645364886,0.012582470101539123,0.35908527059202267,0.9619984623174334,7.233198039791798
0.6899428076298173,0.8577637029224581,0.14473909826073006,0.07328815461943639,0.011529763509722457,0.9556622900194871,0.30020273535354847,0.45950494234085804,0.3945236236017745,0.7304569353928593,6.168825745566048
0.3099648819527431,0.5354528826140516,0.9955822649554675,0.44406355134423625,0.5512715406997556,0.5025280623108378,0.8031861581360322,0.266839654033575,0.17043801614279697,0.754093158264862,7.452429854320183
0.4156181863686542,0.9137260089766872,0.6441592857933977,0.5643431117117426,0.07045705482587716,0.730411905137798,0.6860403655129582,0.6400719244871548,0.26790952357069053,0.9467393216744445,7.657834861488051
0.32165512703282007,0.15223095675393428,0.9872011549350138,0.7462462791237681,0.4147868823261813,0.9359164308887068,0.09111737436619727,0.08766121642655778,0.6824510186285855,0.1779720483788435,5.234746265621226
0.9171395151932842,0.8403591742988709,0.30636722410118644,0.8888395822693702,0.04288768700732837,0.5486378527374939,0.9355627737088332,0.8553829789356981,0.356073323800995,0.18287043523463486,10.654784975934076
0.21054058840374457,0.5145078780784053,0.5967729438364741,0.03281431662363643,0.41355155923488807,0.8303871156439045,0.4443289502357971,0.16917539094941048,0.9548602930190968,0.2662755399264667,4.78977596874901
0.7984282656340606,0.19379416633893487,0.4231727292215899,0.49042253977481187,0.5006352959482445,0.5164738681007048,0.22494754068976142,0.5159155219608352,0.48171275387775425,0.20871949712626325,5.197615080779709
0.9881915595037108,0.8655633927865501,0.887576351022483,0.6855710503828949,0.15989703069175654,0.5680920638997489,0.8214396316273861,0.03873648868866253,0.4958431032876197,0.39612287999491813,13.399021220647645
0.21212472965930362,0.3782500037653177,0.9834975108694528,0.7232433263617776,0.2995370800149414,0.6053550514808296,0.24665624028567978,0.6108439090242739,0.8961666894849317,0.5568767999425523,5.252299688745095
0.7333399754526827,0.4533389987162968,0.5241239176639966,0.6950750787548786,0.8124050050513972,0.6594513865254497,0.977491993890093,0.8198225877982828,0.7771602046078752,0.8451015789810254,6.78308043971201
0.28121093542434905,0.43204715394838067,0.5644629183945907,0.46238631844268563,0.8474578182240797,0.027068517679232018,0.20917541723282085,0.8817065410018549,0.0591001376769672,0.22698830360879807,4.591167248315216
0.35125033037648623,0.7507405608116909,0.5601806961668484,0.954604702780331,0.22787501507297347,0.8721204049887294,0.2829134897492488,0.2454982591265602,0.4983751980993507,0.07120450525649369,8.198799317391432
0.3843070129932832,0.35567596810974367,0.16010155570177353,0.8607948452749106,0.3858896437093833,0.9819201795136825,0.8997079490377743,0.19481069956992547,0.5051221723379384,0.6018041383665529,3.264255555081081
0.8189605029436211,0.8856427496513948,0.6240180211554899,0.03513420314221538,0.4812764495181293,0.8848035361863323,0.7140896025442599,0.8701419414094578,0.6740797897227073,0.04403500981497266,9.068361581342893
0.9680066562066106,0.9180185405696787,0.12657953991262327,0.1126911668437488,0.5390785004770201,0.7570508345568833,0.3821732119382537,0.13638216354324206,0.5105560987813546,0.33756613621897247,9.947228425732911
0.3517719555513247,0.6449855368403822,0.8856080992295039,0.5585917308556443,0.6876025108296356,0.6599469915212415,0.55114619255693,0.3107581455831301,0.37779418491023875,0.3157037984904162,8.661343273787212
0.9174980964820548,0.8266186705104431,0.5793473728512207,0.9122434709742007,0.886408693147978,0.9276943997518351,0.22177385765553292,0.7175030377638947,0.6092244999235018,0.7338306378346071,12.36828472671818
0.2633793639182872,0.6948090714382977,0.409828515254387,0.8340917963063003,0.7953657251617731,0.21135761085891713,0.18385527640330301,0.7177317212848661,0.5504748947281605,0.5572059106820489,7.900148109204289
0.7525153234593546,0.85497079302179,0.23896390060871675,0.5555395467905502,0.8289547094920772,0.8727941711950026,0.2874093883385166,0.10415385659751253,0.2328232538777799,0.9454995140145273,8.682490226458551
0.46247971243521424,0.41857379055602484,0.01308434873421016,0.05101468292135114,0.6686959294747237,0.5898270687249965,0.5755282984954038,0.11032287602447155,0.3520611695653535,0.8123581386401479,2.102039217234881
0.17491122391663727,0.8826872509824364,0.12147830034890317,0.16914933012398814,0.4777499611537285,0.9452999044485374,0.32954767814542363,0.6582179935580489,0.5886712559890762,0.14962263650055752,5.3798911372665215
0.2481669013941633,0.930152772643822,0.18482962365309952,0.6950098897551132,0.9646944826003044,0.11950599220227809,0.3991819901873145,0.22393214444273724,0.22156151740454288,0.11898584399968082,7.178311412149389
0.6495511839914658,0.7463435099107117,0.6767939100230562,0.9246564576191528,0.14567880871805416,0.3198453733850062,0.34457280970245596,0.23208210384690464,0.1422049441569666,0.48670347592626373,9.340544392734373
0.8344396280474284,0.9545397256033181,0.12934063221849768,0.823157228072736,0.8245811229652749,0.38897812155256695,0.11002962414545414,0.990008006756898,0.6555930305288187,0.9821956950415804,9.674061204010465
0.4836555156846585,0.39519299993672874,0.24718547597045382,0.9835720017720195,0.25325726946227367,0.02376275621805035,0.5124684135884778,0.3770504930509154,0.2613825034292645,0.6346081164811734,4.091990706923703
0.36426861489782225,0.40225088831687283,0.02304560389404431,0.5890709285530575,0.12207102984704277,0.21380485889542178,0.7171178206126382,0.313242726183911,0.16321019743838094,0.5774241470624808,2.294732213534179
0.21490449493794062,0.270978213958705,0.6213393099778738,0.7398617813639149,0.7396596851955771,0.4822434118708304,0.4542969110094355,0.7876451842312574,0.19303472511251707,0.15220244752845924,4.360212682150183
0.6646950660295098,0.40950693438925534,0.7099984605701809,0.25660022346323597,0.3248718810667669,0.8966776491853906,0.42165652682158816,0.5909534697203844,0.10668219411830948,0.17882917219275873,4.9585734658995175
0.03588772882264424,0.4243708117616666,0.9889200044950239,0.873873152651466,0.6329089149405069,0.8610964919574661,0.5941693563524231,0.3687688803341377,0.1735464011011153,0.6530487417602242,6.18507657203072
0.19305127639074537,0.4174284172000602,0.8258018421552631,0.1292293025617285,0.1290214190567951,0.22440241559159735,0.551917307122299,0.25172347825991304,0.5031979372550007,0.30198261105968716,3.72500115694041
0.5062422049084055,0.2776314490017302,0.9800123756085652,0.4927179011419678,0.7436434341082401,0.700546558898205,0.4905593748143612,0.23886206166792523,0.5107182779128648,0.6809716237204345,5.4729989914558
0.4599192705632118,0.08192510736274161,0.017983229558083957,0.3278768084678385,0.15022392609331192,0.9061902459259956,0.17583267008492487,0.3942827140115661,0.7120775120714814,0.815421660016061,1.4903123219645962
0.4777131531781309,0.18113500960839213,0.27089522357585305,0.41896844764114716,0.364594589325583,0.3486727571696565,0.13185380175666428,0.9133102521709497,0.029756606417715048,0.4400021278757512,2.69788934645211
