x1,x2,x3,x4,x5,x6,x7,x8,x9,x10,target
0.6602524418183088,0.1278080001832259,0.004082780991943702,0.4406523180717622,0.44432440484531044,0.8118054511680517,0.181567516357379,0.2751111630991738,0.07824233168936845,0.3998750352879641,14.166929036725598
0.2559897484926612,0.26289584415213596,0.2540530871186176,0.23151850914884342,0.31979303029129846,0.5366901647818978,0.4377102771450807,0.06344696122562477,0.4258598637597716,0.8462782545125855,7.2224809208581044
0.10070411746721442,0.9443615993316552,0.3085903707649874,0.014535629401502659,0.2531555790643172,0.06965962055470343,0.566381346056672,0.31632512755054965,0.8068766139246706,0.732625088123752,5.087326001675743
0.46859645948677586,0.5606016108413044,0.6087696009810202,0.270704687395495,0.1393763731941875,0.37651881605435666,0.0948575461139799,0.31486337540538856,0.5526021607777161,0.5401125241314673,10.987947202848876
0.12061337443925568,0.008339100004007838,0.08894356194064812,0.036150041950867684,0.40046888940728487,0.3897501861724948,0.24161536530458372,0.2154444596648596,0.39641991645840646,0.08657357822274692,5.774791077910356
0.21430912499521626,0.4056919048545585,0.09482991424357867,0.8408136728046105,0.6760184979567729,0.38311924884647774,0.15039830922887454,0.19418731186873428,0.120089584747744,0.1600838272735332,17.769058283815134
0.42251413897015533,0.2456646652813097,0.8845784768612241,0.9609287300341999,0.6913650434911426,0.8087611094468826,0.2551195355791215,0.6650239741581233,0.057998652936127826,0.9602160853089958,19.22751388987867
0.6702069653069417,0.31685117147298314,0.7730415587839066,0.015799449203989124,0.3762362353904112,0.8956577629644202,0.2631995630782321,0.6679143120790633,0.3601036823996926,0.39236433568669404,9.717592291338294
0.7459370501544841,0.9102059981969132,0.16671852296540957,0.2768921087555468,0.4877851826226335,0.6138160659076112,0.4677871127874008,0.805528694932143,0.7680948846147487,0.4052429220355944,15.890179519854144
0.04061187266053834,0.19449637881737936,0.4869526492092453,0.9275137566620668,0.5675694868517948,0.5303949064433701,0.7239700433030081,0.15229494815642697,0.1469184681387372,0.34539517446933343,12.364514274718161
0.994852631546434,0.8759418324993999,0.6801139004348062,0.39115492286297115,0.5546739551767418,0.30355411790905473,0.6743070121860527,0.4188456615574807,0.1202158942422169,0.21508795409805959,11.26386065850339
0.6086927913367812,0.6945647026910096,0.09602166463416117,0.8083409770721461,0.8243473859149233,0.7230819142770252,0.6835885344460908,0.23186858602393534,0.9196219624135762,0.26857355516901815,25.176271990166903
0.1825046393174582,0.638534036703949,0.364104294945478,0.9330280846619458,0.4602496084583505,0.16371854305115385,0.9575286473948509,0.5154339136926651,0.5185589248179294,0.38580268884436164,15.580711679913719
0.8359937750282052,0.2876436206860091,0.013709707890285916,0.49727792691008565,0.9258869116422722,0.2732666865443749,0.2663054366934511,0.7380998794440522,0.7755333340641825,0.43555653768514746,21.187966540432097
0.8336432711230359,0.17193308400368335,0.36702537336094687,0.40427791531677215,0.3127958932062934,0.217737549019144,0.33814952894229255,0.018003183535757694,0.7033500347600685,0.683959234530312,10.312644642123457
0.45021811221033325,0.32291558386568353,0.43409353590244903,0.9365208159889201,0.6035648488992342,0.7313573158180791,0.22951674531129695,0.09475797232522809,0.08318493470911681,0.4720188535785844,16.880083832257025
0.7166863379110326,0.7741203825940546,0.7204098069900097,0.9127624876481703,0.05200244589218617,0.8553394885648304,0.6606765956039722,0.17552011200263062,0.6823807348376275,0.5117595601375713,20.211410261406147
0.35904124653420155,0.2479581591658644,0.46415438724473257,0.23913264518920951,0.08284708396413343,0.8461200584199875,0.5928369818561928,0.36366965838833054,0.4466799806327548,0.8648273676096885,5.591810373678036
0.31984350550585794,0.380173047455005,0.7660804107817271,0.2005226109132312,0.6592625523366125,0.4343238054592893,0.5001585655968087,0.7868801556208002,0.9931323563149353,0.8315119240194704,10.445328961226918
0.16054396636260415,0.22455183524038846,0.40993047713908326,0.7192265199010264,0.5093711653202315,0.9018006752554875,0.048675480372783464,0.2585169788129974,0.21927159243081729,0.7441709475093803,11.031509806110371
0.46477154818928856,0.015013040702665736,0.7734367524288334,0.36180315610267166,0.2604603584622812,0.18271768207975303,0.9460121867255691,0.9420380276394675,0.07655288818171668,0.23276735965292006,6.634877791934086
0.6461193220828464,0.6704246583783142,0.41767174384431405,0.5685098578122143,0.702630583209661,0.950509204068366,0.7251094012667809,0.11027063095588441,0.7178466141728084,0.06772632853914085,19.114246520614344
0.502507237007739,0.5268952409228921,0.7782647057060723,0.01155864940523299,0.8747520671002689,0.66388472970803,0.031190849982187796,0.16003027594277963,0.03951752997685254,0.765939600451406,13.429389709259413
0.1709050924086637,0.04559998366652229,0.13798773182496038,0.5595570039209465,0.4954865252659869,0.24625735299092033,0.9429352807341291,0.8548088656853123,0.3144609396218975,0.4745719319715579,10.938868632049
0.5168231922751969,0.7561757749144309,0.42794655484079414,0.5464707653246482,0.4125655642792495,0.7628208112311101,0.5559339860880038,0.8277806101438382,0.05373578872971818,0.9043063607580546,17.048757814484176
0.8193904449770228,0.8185046961446021,0.1403088393250692,0.26347287484758564,0.9802616256852469,0.9502750597321508,0.22654467318942717,0.4329026701564155,0.15594310752126428,0.26263817189107685,18.720198986646558
0.1847284932457015,0.08093703153521126,0.5794788658980673,0.24078569274668993,0.9922404529659856,0.5154397509302787,0.3590943204385595,0.9131621714028072,0.6207461770475181,0.12707881916717179,7.964935620508761
0.49782045651236084,0.4410791507624586,0.7651320684082408,0.693777671702166,0.37079131943101884,0.4694793209774957,0.5187880634736741,0.4224609313451799,0.10772137403191462,0.9054458797558713,16.56165822417999
0.6725599912944669,0.4697202487048828,0.5695869458205721,0.2131636172651804,0.5305563327785804,0.7460277776968159,0.5336743645135117,0.48066537265662046,0.4623856704923678,0.7616227932166986,13.255086529205903
0.7533396695873253,0.7500702279430633,0.2461699979122176,0.6178949678652359,0.7789073130097965,0.5618942693636888,0.7789773484349451,0.8544033983185264,0.17389005956056558,0.30634082555287645,21.1539402657271
0.6013096439545624,0.28967838634670295,0.9413853777708665,0.1941342399319208,0.35694797788978605,0.9943063025681635,0.18918174607289706,0.44881770805770405,0.31378229874360375,0.8097991905492525,12.825678642682204
0.30414723954659595,0.16142895454191408,0.9331351303632203,0.31740237618157563,0.7417475305655892,0.29056772525034835,0.17858163148137451,0.8024121825654977,0.0555819873032265,0.3319728570355365,12.171237662047051
0.7800816675817673,0.5121375215935554,0.6895738175449045,0.06681690722218459,0.7498099909656244,0.17194040559928125,0.8087040361478551,0.5641747201982675,0.7391618180432623,0.2128326915152432,14.641771764337886
0.3954255064387836,0.80206933245506,0.9108044943040237,0.22657219529688521,0.7933936599698136,0.1085551783633818,0.42574866152098756,0.9387196665134054,0.9451364856875041,0.2966822020394272,18.003010939511377
0.19291340658192246,0.14948637046353408,0.4808752535709606,0.09207682621613289,0.3568530524551109,0.01701111659514354,0.25939811098426846,0.900276901895733,0.4469783933328958,0.07374544573287922,3.6170799437969343
0.646836787860899,0.9556335606911648,0.46340762480566844,0.6242878605077123,0.9194180068275628,0.4190994238959609,0.6645868057777861,0.44070427427808423,0.9621309765256947,0.5038015729721517,20.18587757662567
0.8856528947594307,0.5071984984450041,0.6683860827949325,0.38614148719151486,0.9175550667262246,0.6469421469883938,0.019912329883577606,0.015641173516239837,0.6761775183937343,0.11426886226770205,18.889197330439764
0.7161644126998665,0.32201677978431886,0.5389196780915415,0.17439958753360685,0.24622179840464442,0.4369177513445669,0.6654775772220369,0.15573163663758383,0.2812831357866459,0.20696240189090065,9.633044799044113
0.8626743087804526,0.6480064934624925,0.4684957368580682,0.9469430542162831,0.7358262953931008,0.9322261136799398,0.5975929602257527,0.13805691129120923,0.6754271064452233,0.2014911606568517,22.997015733050567
0.34596859166773586,0.5096179338129021,0.15736598206170072,0.020781382849448304,0.32708593987069823,0.8243157690884519,0.01537996120827212,0.10943393319461348,0.8068548567367182,0.3058517029500242,9.45128458524545
0.9382135144809826,0.38024414299229825,0.7967039290844493,0.25878984126215465,0.06183123841550697,0.8815544857142511,0.9272964756495756,0.7080996579892183,0.7700678235961453,0.0071276200919007104,13.662048521058113
0.7538235176598058,0.4721963868888269,0.4527904546142578,0.5400699204704211,0.2712102162095493,0.6962885548109021,0.2955888720270078,0.5586066379673802,0.13692722881153496,0.6750756351168009,15.794728551828198
0.18961276455496545,0.17041398574808586,0.024283162369366673,0.12178577576981464,0.23257024507893276,0.22230936068942608,0.3276714292783325,0.05441641807711983,0.9351980185199333,0.1191758793476847,7.92022896534395
0.701963878962005,0.5350731698495342,0.5527888049141447,0.10551682552076647,0.24321494216145978,0.7798812944685589,0.46368645827125554,0.45706781728705737,0.5459117959561344,0.4338058885092322,11.572992832984113
0.8061359310614362,0.7487051978887123,0.3170042168611793,0.8120811131217027,0.5186064301279183,0.6277368332366271,0.8661758318928157,0.47599324924540565,0.7562603625528578,0.6280873591050443,20.859021279350518
0.42674494129754936,0.7890483663779525,0.10515911787021925,0.581220217308148,0.04641075737245548,0.1561691277546733,0.5988736374111326,0.30760669659944995,0.26247498874634556,0.9558386920694534,17.875239893381167
0.36590562288877293,0.5647414702258063,0.5342487712778687,0.062018423137983336,0.6742757383605031,0.512901319670872,0.3814171167982614,0.06601681606626042,0.2930139849867145,0.8840953758059993,10.060398356294979
0.1737113733074691,0.2193336397516209,0.2052940310697714,0.8908048192568335,0.6999954827183268,0.8818430630548021,0.9137464998768331,0.9279675351598897,0.48571561283404463,0.4762238510585629,15.33917186736458
0.8289228402567668,0.33192667415197996,0.022211129519923656,0.3315477170153205,0.716350330405344,0.12361405161206929,0.7847808578989094,0.815474317446249,0.10091236603434262,0.09783928644943185,19.069820917801128
0.19881214653295043,0.3563893932541987,0.5327335685966218,0.48554199805410736,0.8531684871920532,0.14223198707676998,0.6975727221985694,0.5488865852183967,0.736824823162222,0.3419464268291038,11.350316299956717
0.47137962872787786,0.028592989186067452,0.1161059090769796,0.37499561196183173,0.48125474111512123,0.08574689306431305,0.8249882491273057,0.9460523623335819,0.5963974778466019,0.05340192121671372,9.527025421384234
0.7388262242378112,0.21716371228567544,0.7336516921027629,0.43434601513412974,0.05342665624479859,0.27874893915616095,0.4270299601242763,0.7362503416434524,0.1330692818300303,0.2870016773280005,10.532272834809351
0.08353728090385792,0.6158069879694748,0.47427149892779785,0.9290049453730386,0.7405530031734158,0.7778873625609608,0.16439257535675078,0.26662252051269,0.5131395433859427,0.013484500884021977,14.615152143300548
0.8701281436025357,0.7777403819938509,0.05793968519521586,0.8490339119731114,0.00448811481815814,0.11421931853818779,0.05536455295769016,0.4791599318407075,0.7840497799188944,0.17853916183849006,20.91894158026689
0.7714864611358258,0.18492478216061792,0.9905363395376637,0.8534745343000616,0.7371867738230871,0.5916884230915417,0.24254819693828733,0.11926762198228025,0.4603067520048578,0.4026602542386569,21.366650918185975
0.6744809230266529,0.17008975134011417,0.5621284670341204,0.6933502141503236,0.29896625870661053,0.7800142710819632,0.43184287352130235,0.16263109587770008,0.19477004696809974,0.2788984119033826,12.03211823254101
0.15812626936165153,0.5629195667366262,0.9491411741951696,0.8960730792338101,0.32375398398344046,0.8646693217305892,0.9540229614500529,0.2941671403331172,0.9052848799681018,0.9974290643408749,17.374158978483628
0.797671809497841,0.3902233199791548,0.608541604594226,0.36418664913562826,0.9959612833537467,0.06785323770460527,0.893080325069653,0.074548133242472,0.04219782282403395,0.9399395165335463,17.150466978339388
0.8672819374552915,0.36156174528279905,0.9575321883179834,0.861856877663604,0.9019828757554713,0.5951154862586242,0.9583285362176073,0.8095822077385403,0.9399528604370613,0.2815109354140355,25.648625539097907
0.5320975673330217,0.8676628291486751,0.5797290408667019,0.8010983600506613,0.9730969676234474,0.804562834113487,0.315359620611677,0.11869938961420745,0.27274682578122067,0.6627911215994915,22.931231402869447
0.010944361314822681,0.18971872709583348,0.3269026451445599,0.8752249436281742,0.05100414838744938,0.04993615982387678,0.5517825483693102,0.1777662522056952,0.2422151801589042,0.18423610097934773,9.671754069194552
0.5816071375969297,0.05554774960666953,0.9400000286295577,0.12313838541282829,0.9515955021621139,0.7781290304642634,0.8280158862261121,0.17280823448560156,0.6696470869545915,0.8170721512964564,10.874573531518202
0.5580355400503813,0.5510747079043932,0.15941333650085454,0.41423249960356623,0.1505399601266335,0.9728577587102688,0.6848500086304599,0.048421925730864124,0.4767679134133812,0.6379641500339375,15.441759707525591
0.0956403808313977,0.6649885753298778,0.17730524582110752,0.4078794048602129,0.6255540552717033,0.3650541210535889,0.38088419745413526,0.8436152997646714,0.30926484167015056,0.6551943239238213,11.273980050695167
0.849152660246981,0.15264918280132556,0.045927979002509334,0.8255340437806525,0.5511307916291835,0.8277012989039136,0.2130356339900955,0.8326322229183856,0.09531041391479922,0.8832030341481735,19.095213231086124
0.8225336628857866,0.5673347329465791,0.6083398929991,0.34584419675811706,0.20161615436012847,0.4554380922149268,0.6574521147910246,0.9984648598946629,0.81725306590194,0.43430783666038053,14.64644389149571
0.7432478528619959,0.10804750268884866,0.4150360469545875,0.42492458204275585,0.9988238112132406,0.3910149639426913,0.0832816028997646,0.06722795141592464,0.6983843849314885,0.28909308959640967,11.883953581533413
0.8689134476571722,0.4829476936536209,0.33037238460407203,0.7591144997538712,0.41753251147783244,0.7373833274759604,0.7140919310178846,0.7232114389413725,0.8571218722868712,0.848399397502638,19.937288917091063
0.6646082503659578,0.9569618719323132,0.020727488989460308,0.9304229109365174,0.14825342033340905,0.21164306869159666,0.8173990490178854,0.40043548267608464,0.42531044222764525,0.26122696110903,23.740536807676747
0.22444119491544035,0.10624045482499866,0.19677122046261775,0.566746347446833,0.7066088822241176,0.7388392763085787,0.370123195540042,0.9219547763171375,0.3287280566471915,0.11113664339848672,11.787865759095101
0.9452227690121288,0.5406771412477864,0.9713762221157647,0.39366655318310717,0.7573932834027498,0.10993672673457233,0.8540791315932174,0.17069980545112995,0.06867907290784758,0.09775327175316417,22.161506607866986
0.5573755928763429,0.2918735405623888,0.9609543230755714,0.8526765924120572,0.8033077478272528,0.8096384662616917,0.8906773277845262,0.8652101099563704,0.9282075631059327,0.9343663229817036,21.684115252867066
0.29832132555804225,0.21956416973660497,0.6430981311521917,0.123331214925395,0.21114511373252998,0.7729566723522449,0.649335427758123,0.6508519552883159,0.9506384961859669,0.6676244613727844,4.741851994657975
0.4308071478953952,0.28033243404693065,0.3385553822540144,0.2778134839836728,0.03498806508071095,0.2615740222827303,0.8353700679620378,0.7282289927772997,0.6218382488876297,0.9022053661553857,7.178065861953239
0.26412504205773546,0.5776844407878399,0.03132642436005317,0.8920065454614013,0.4477369461516445,0.17787142993123617,0.23931661770525825,0.8482390783296475,0.10880616329778392,0.9252027440280625,20.16384835490085
0.3734626557914974,0.25108526486235105,0.3318586937448189,0.40898321982143426,0.5481131289020319,0.5868074942897048,0.44781927508636965,0.44636390790125846,0.2852997858078681,0.3838097597433485,10.29930500632986
0.4671383377594607,0.5975880235625632,0.13069987900543634,0.7639737946224304,0.6805712306998642,0.29876784978359483,0.45934394225906183,0.9469289813292784,0.020477382140234313,0.8113515984638677,21.458455269911475
0.5117247049985317,0.6188124919542186,0.6845325602172624,0.45602018932103194,0.19185960190220752,0.9095905649474766,0.740190756149783,0.5595896982706476,0.4484563893258351,0.4993316283558479,14.587164886959197
0.8235382080304637,0.012503406860986055,0.865334994085471,0.04675197313731183,0.6159130664662883,0.3331225724836696,0.678236279375819,0.08554291592996288,0.556232545412449,0.855234217493191,6.539912645592928
0.49463785997049536,0.08434660185123666,0.03737842475507569,0.6212013488102055,0.06953057612414115,0.07128887210811641,0.42543950601072855,0.20950831858953167,0.20419589410671013,0.4809762149456699,12.146995743525297
0.2808017273214275,0.2192664942115845,0.5144144882894499,0.2908837392389646,0.08022043531638945,0.6827390706070622,0.5856080205370945,0.21211713909193053,0.5822463994478725,0.9555896609734708,5.236347283989446
0.956478550717304,0.5319424103245269,0.09802971603291089,0.4581855287065817,0.02698338365163211,0.4152012799751491,0.9094188350372621,0.4674436907406102,0.5504873806392211,0.15803650252481594,17.944560494765614
0.015650652232143236,0.9933839887655749,0.33825727599616595,0.27934998249551546,0.5712816532238703,0.7453185330222183,0.25140779799699997,0.5241238498885746,0.33263562553531034,0.4809655076830037,6.661354872600357
0.16130991377323012,0.5101182798776449,0.047347002733202026,0.8399973337741988,0.6276596466245299,0.9414904308480029,0.5997319144454286,0.18216608423243796,0.48405075971719336,0.6646954268241627,18.192595476455104
0.3742233415152789,0.5526496803435799,0.16268851112319915,0.7771241584188472,0.9095299689360541,0.31487657823098647,0.7933313883855585,0.09194552677390466,0.24670449027101404,0.46187006645542816,20.644159826907874
0.38640712412950906,0.6196257858927499,0.562984995992173,0.0872719850418815,0.1316944058870061,0.051711627361090806,0.9526067161621921,0.6453442444845857,0.8555843954190157,0.5412638824270182,8.442890411474329
0.19383818727885893,0.6266008797459321,0.5053389300922474,0.4081923354558905,0.3718052812450511,0.6500765194840603,0.6177616529946296,0.15156595803891315,0.81622205383446,0.6360912449775816,9.665348844761356
0.5358084664073437,0.7489175202765641,0.15366636672281764,0.9197161658267828,0.2705872046339892,0.2627573730611178,0.8149025513261611,0.3339912051558813,0.8307082212769569,0.32800987490248634,22.471916922468928
0.550687983978904,0.23084494278710976,0.7315203705938405,0.16694110381430005,0.8994314860954712,0.3716488304234865,0.4715744816412769,0.02402189383677167,0.9757899660856878,0.813175319768353,11.126985458830305
0.44700890726796205,0.9202613390774264,0.9310596358226887,0.5330521216282699,0.2338507914733705,0.4871103346434529,0.3247986070941764,0.44798562901059724,0.9113920307880753,0.28183458592907706,19.830835928525133
0.8389667946854403,0.9353010541718577,0.8050527875450753,0.5272533436388768,0.5639773121203394,0.819634995719953,0.04450081347360313,0.7359299907868354,0.5288674881796421,0.3971374429284489,16.21367329265777
0.766927680682827,0.26624722768987485,0.8955337277145653,0.6884877783140381,0.6101555896352644,0.5231202941988491,0.212757658630509,0.6169449595305447,0.7249139803524669,0.011689717863559324,19.048487290692513
0.36641914766720185,0.8324640972876539,0.6322107934367825,0.6152704384238086,0.22861268512263366,0.6320887334765307,0.7861500672955101,0.40175638486251175,0.18209214534304685,0.07727425829522794,15.827414933887056
0.5056956664484349,0.6838585931499565,0.16263926092975578,0.4214436249546587,0.5686432091443747,0.1558584239033678,0.2698899531093465,0.6084133860861324,0.7250239406185391,0.6359934043418971,18.183642289915245
0.7136342123503726,0.5815044788750149,0.8358329113838208,0.8267359708714761,0.7962475338544346,0.575458122131831,0.9941302019380817,0.039112013818597746,0.19565309990488744,0.8088772930153707,24.14969299542974
0.826292518921524,0.8187528212410645,0.872713936059417,0.42260793607617086,0.9318335219365337,0.209170478324485,0.9369484890451079,0.5566785196251149,0.16388407215584788,0.7360771069630337,20.164760236358966
0.29587926530253505,0.2204575831355009,0.17207526969329545,0.029405314036131003,0.7646540134633554,0.4865042728662444,0.9787321469668078,0.4392715708882978,0.8433505485365966,0.968094633034968,8.30292768289525
0.02246206962439079,0.10531889064984357,0.3478637697818233,0.870116187772296,0.8379504467636631,0.3667350240852151,0.19990403074110918,0.8023208818159056,0.5969145890621811,0.03160046733992883,13.428142115353292
0.8042159327204306,0.956960866359293,0.042086991649347594,0.28587360281501906,0.8194649758479372,0.5846496826863526,0.9893562246604741,0.9155030040013848,0.1782715463258302,0.6740282646394133,17.772212220185708
0.6532869800752866,0.11085727955518776,0.08951893664500477,0.5694441170406772,0.40297313018379344,0.5454459152092676,0.2388284549093096,0.5566630351737095,0.38339530180422543,0.8875375179937234,13.334814623479136
0.3060866626622303,0.870834554126059,0.3899923627535231,0.578165888621955,0.2863770402097462,0.8090889502596911,0.8436465540097741,0.8090503772174257,0.6398364724874087,0.30478409730837486,14.884590671872763
0.6364882997680371,0.9595116774169103,0.6483853537826265,0.9563930075226449,0.3045804527421032,0.8460010706679064,0.7184684836356346,0.819204086633173,0.7107629667221267,0.4803628651706435,20.928340044893613
0.6865749800288384,0.9320899127098419,0.4175411838304244,0.9517452922729608,0.0493999865925564,0.01417268193799115,0.49380285272585867,0.8485129521578092,0.2478353593303696,0.6934238558478305,18.94938638069888
0.546904970873308,0.29079510898186156,0.2857933937221768,0.07327620077727193,0.5362140230741099,0.4501409133320443,0.28942301829800854,0.970432358370027,0.818474749048009,0.5249508423024674,9.122532898095757
0.5217042482234485,0.19361168488586467,0.6491272371372258,0.9536354932363338,0.8982895107607706,0.08477102725510055,0.05309719064580909,0.9612450460281583,0.1999058453436071,0.5504140873712731,17.592854040037594
0.07470980594293297,0.8432975574322864,0.11786451158659828,0.6437571480993103,0.056627980179349,0.1566718764438576,0.5121410776433252,0.04568525843906346,0.19561277372189856,0.1361723032091665,11.60764894839497
0.040575030788500444,0.9709967702164126,0.4501662835127005,0.858935824585478,0.3582227592537587,0.042591969484754744,0.695653771130551,0.038754191227936996,0.5527822218009774,0.13911201722153954,11.664713854098437
0.6708169732531327,0.8927039025138329,0.9557638056834511,0.5277763513504874,0.5327037214920525,0.03827904682605188,0.7698761428789026,0.9562084155287296,0.43823412382057525,0.7936920969109724,21.617449455579433
0.7974564902529456,0.7857008567790105,0.7586809663987906,0.21509673667359563,0.751424870163106,0.1443953811426587,0.712503036424561,0.00353878782163497,0.9188250381679132,0.827388811793592,16.466310799052724
0.6829634607290247,0.09446777906975468,0.8249885515593165,0.8751738143940646,0.6879878035234844,0.9758866341067728,0.09287936845728872,0.7086495819268754,0.5247960346509216,0.14560612881076818,16.317072381853404
0.6584141132768266,0.7995282251267609,0.1647482411411867,0.7934907105441765,0.09297062266970546,0.5914001110406538,0.7984701094378824,0.14595683414299154,0.5715190947145378,0.4248782139325751,20.613207358809856
0.6072753871796142,0.42422170040996476,0.2509118689221046,0.25381089902637477,0.8647001870307227,0.15645431795312237,0.12311425121332797,0.09707914370546211,0.07415476634728724,0.014492189111818043,15.340794266926164
0.16040583596478875,0.19272743490335054,0.2697240602612736,0.12403948013757915,0.09415585392028991,0.5414767257001557,0.7186864427149058,0.6301871773665716,0.5567063689611975,0.44056377214499676,3.741399102844045
0.6339802481057929,0.9018667707279968,0.6274184214806877,0.06086108199470874,0.5704188883132233,0.5242144580716239,0.45202324751568,0.5687953100031541,0.672617662805434,0.037260093097784996,13.532331099323995
0.4802008939925013,0.8172280331031875,0.5307772030827502,0.06785778951771682,0.7750699910960955,0.9413315573960471,0.8518439579993276,0.3625687995640844,0.53482383868545,0.5913121563637304,14.007303167864304
0.7157985863286739,0.666068791706841,0.19907146656826913,0.843038389764221,0.8491823932278791,0.4043515735784632,0.13091469920929277,0.6085667462586574,0.35725992793701056,0.7413906287144535,24.46084002778578
0.3156571051090822,0.26299927582891225,0.8677103715760776,0.6158205355576581,0.08599164334891518,0.6893628472487631,0.7527335514013053,0.23520361343330687,0.967656347628024,0.37285824655741817,11.870989725487313
0.9405738497374001,0.29361692341972667,0.6091959811824065,0.5175698656364626,0.9921585439371583,0.40835560934059445,0.17929066347870692,0.8332088631001625,0.04204416186379001,0.8849560288420035,18.002813877377005
0.11058949341845148,0.5720124379700259,0.7134153177216462,0.33632334059448654,0.8447414399072858,0.5937049693956651,0.39515589037219034,0.3253635301229054,0.11200823635565582,0.6403635609608673,10.472133359344424
0.36404294633312684,0.3205605485389965,0.9499479823858038,0.27279758902420426,0.8765651106968745,0.9748960221025991,0.8227399488268741,0.019517063262466827,0.8686239900391372,0.21341533721810513,14.744457970423344
0.3532776258508198,0.9915831928618193,0.4049778594456094,0.65483489067482,0.3107191871312145,0.36942866866833035,0.5976253284562725,0.9482857457515831,0.28245556479775613,0.2473660070431437,17.196928197588754
0.02627456031378128,0.20210880331197656,0.2624125548696107,0.0628757569783529,0.5636087787025711,0.12676436057506824,0.5110763989919864,0.18898131907785165,0.9357255016134927,0.3070975617012994,4.742578227708645
0.09292847481624544,0.8361543253914008,0.4020363771903328,0.8201209154888203,0.3124895831368173,0.5000377757737882,0.44535730214012414,0.5579063506309532,0.40165118535141064,0.496802150626242,12.372520121406602
0.6793275175924675,0.4146827782946909,0.684404746420473,0.7143019192182636,0.7489267656439594,0.47093683604060055,0.003790080438445975,0.753511072664483,0.9090851179232865,0.6526178754545597,19.306928440857856
0.5245470241127357,0.5595913257775841,0.6408117587256512,0.9985246449493714,0.06205593784212471,0.021182897253821387,0.9641679798548716,0.4404746378390567,0.6123536933195347,0.753440944819338,18.66115560732863
0.7420962301667162,0.647194193134722,0.47189153801389183,0.5760782509111123,0.7296460163159877,0.8508145164357191,0.12730404705016618,0.27795860462031585,0.39759475910666453,0.665498262669918,19.40563078204489
0.39567141468796496,0.23888504745049632,0.03314297977827274,0.8425079412233755,0.4189337629211216,0.32922899891564283,0.5308262211269705,0.12291978669292214,0.39735835809715647,0.75178573799957,17.804844208498587
0.7361174491492485,0.7718963632997901,0.46741709210222904,0.36891372423754754,0.831440498555537,0.17329103788778633,0.7251377801454165,0.8879472934965286,0.2861522782941136,0.19779542221686552,17.638877248185644
0.5125246047037462,0.21639068191539768,0.8707685182029015,0.24441690100751923,0.31396592146376723,0.8884195415912142,0.2056216199692914,0.884784025866664,0.20980295939683946,0.9118056614440212,10.177516747432115
0.3176419030961477,0.24623459146816562,0.47718977101398297,0.3692235033229837,0.2017496870382438,0.3383537980893472,0.7132293432218552,0.831900638090606,0.8207618315441728,0.7568172484004919,7.143916455317882
0.005435152485191441,0.4266039471220747,0.16897217763132544,0.07347582588372925,0.7358820482340662,0.793479870425539,0.8146166468247502,0.8903107953631122,0.5900481909412298,0.9981297998052177,6.678599013259381
0.4837226403118411,0.8834989988807475,0.11294076490298144,0.14892350059542814,0.5903494445741644,0.12413477192173794,0.07530063817259625,0.19606463220628256,0.7875368648371562,0.927458005346795,17.178079243616367
0.33346732244053423,0.9747558404792268,0.8095504663298836,0.22610771662955986,0.5861149989869856,0.9817934146013452,0.8487858128240312,0.363359082789647,0.3063229351621889,0.8192541482490389,15.635291464826711
0.5491651967315707,0.1634425153308141,0.3278325583838114,0.6618129773737526,0.15315888413930367,0.6987162074067506,0.7099287614675898,0.2707463549613389,0.39803057183178436,0.9354506645712664,10.75933427452265
0.7491757878149635,0.7878106555662223,0.5162651897723661,0.21313993085084493,0.5912559126168473,0.7721042901500023,0.0038832642379781346,0.11377625326550966,0.47429411575807845,0.4371961474432654,14.694075862575549
0.9822830457949858,0.09215290059722303,0.3236863625487819,0.8151104275461831,0.6124275936363641,0.5616144412331372,0.7412010385838265,0.03998301055573561,0.9474916983672234,0.19126394937673552,14.640574169637642
0.08183752680265921,0.33895357757241895,0.7023562326336653,0.23148325165839678,0.049861237129968705,0.05741284650090861,0.2565770201011325,0.13527385555252036,0.37243311048163086,0.17307308404945798,4.25344725042894
0.34431433768409647,0.4444871308094971,0.7425392082506409,0.22739952687216092,0.4750637739201018,0.8153551925112322,0.9863771895474096,0.5573061700965334,0.4323203672837469,0.6315331291787107,10.450702905953957
0.4862956605546833,0.16475664254342715,0.4594471820740579,0.9791003059199608,0.6404286463246199,0.28343225890538004,0.9471460063656416,0.3885816530866384,0.39012137643236267,0.616599492032068,15.516600476050431
0.5689737163953161,0.29043657146925206,0.46708032466195837,0.3325130256104649,0.7377804506899652,0.12250286644162844,0.7502511299527337,0.16116702531299398,0.3059819914089036,0.33333178737136704,11.99713513304507
0.9904121754603996,0.5898219847365176,0.7775541923222565,0.5553779838294793,0.9831579690084635,0.1773813512461817,0.6048741293313153,0.7973820672427258,0.6285561427135359,0.8969361844312861,21.662743868168242
0.6007079813871989,0.8264385489766092,0.17579712436995376,0.2620638943503272,0.4440685773895937,0.8516177118347076,0.4265593920686408,0.6274589377341816,0.3958116019202941,0.8057203891170975,16.942509400362603
0.20028758624801335,0.5937694780399555,0.5778901883382669,0.40324182517598717,0.7051280566077801,0.028476608024549654,0.8414999885565322,0.3479652295722554,0.7930225695748532,0.30505949158535217,11.329210157923134
0.1879064670961622,0.3894894730848725,0.7973669529903753,0.7035180352854723,0.40103120186597196,0.9378687244109507,0.4087761858508744,0.3507527282933419,0.14471891095412048,0.0702786457452288,13.08792925638144
0.3499024038514832,0.09200218620062695,0.46263495788875353,0.8600095437150299,0.47611665269472725,0.48058097827158575,0.25344062096656506,0.1662955759483966,0.22232885851067596,0.5679884795511596,12.018213311603297
0.591793114394393,0.2201877926756184,0.39892037423168236,0.5686826843865062,0.7604620385099504,0.3197693600424364,0.27135692001523937,0.7304669993217747,0.5138121707376775,0.8567465911944677,13.673767583660416
0.21100302038731777,0.7709428760912498,0.16203350741750944,0.5847712444967795,0.2836337083146864,0.10109095759958875,0.6167646045671427,0.5067989598960614,0.48598018854624214,0.5925194274537886,14.441214401182215
0.37243721745505676,0.670167561752145,0.13084373093850976,0.7149714836366611,0.5798137142806981,0.48647264003579127,0.12765039996792482,0.27826447949662336,0.29529657861958203,0.2338126539099349,19.83638328569685
0.9541797265204024,0.9156415578490432,0.5461332138392505,0.2056725832402233,0.9111383650729892,0.749406532856174,0.03877183895403713,0.49071152173649357,0.6049446231076604,0.06647336406342763,10.519905258722725
0.049831031155724625,0.4635239584851806,0.0019517133376276696,0.046835559411136374,0.16513766381193984,0.9099707740291122,0.7662835270127075,0.45042600423728674,0.479205667473663,0.686024549105935,6.9800903821087195
0.47438653632481276,0.06392510884689673,0.7387313750670096,0.05774982564429976,0.4860931324480291,0.8617075095976566,0.11737970002803344,0.7066279124720684,0.04632792555107412,0.9930596184793841,5.099071409167405
0.6820863803221492,0.9689896188867366,0.6682239646072395,0.24228314025218356,0.9263645136096023,0.626670184829193,0.5759370506078472,0.42911189299692754,0.28459390940853635,0.5300695696469587,16.369523807485894
0.366057708811218,0.854024404356883,0.028798541967757108,0.5300914848769988,0.8365648885727306,0.027606371382983275,0.28230267626484573,0.051522556634388095,0.5950037698115432,0.3167360743917321,22.24118422341318
0.9597300379159257,0.6162936059356734,0.5618020046905091,0.9172397653455634,0.2235754060709163,0.5622422595228076,0.542782634958325,0.08211423431093612,0.932059786373956,0.700234732261908,19.956565890131746
0.8881058496798795,0.9825373869016237,0.47965396229812984,0.8036598420860968,0.5775597355853479,0.9771230488029521,0.2472235841076874,0.013817170990364613,0.1859475712672245,0.1280187820087565,14.829141076120482
0.43695231132855816,0.07741020374939178,0.2201977371397733,0.096265880524817,0.4867527782580384,0.26677707208630164,0.4710072981786154,0.08888810004447667,0.5168706660150371,0.13006920185788062,6.022840238029897
0.0993464514203597,0.3100195506557517,0.874417476462594,0.788521402927364,0.9591498022993508,0.4601952643851598,0.31244142302970046,0.9709067318565966,0.3817680782678512,0.009103406217130905,16.450812742425622
0.820108613811749,0.1692105409665826,0.7179124285673626,0.01512189045236012,0.11099016410946616,0.483563553295816,0.06789802647982623,0.8886308956869862,0.749869061268564,0.3281853120201699,5.878712623979732
0.5975204143967034,0.7155267352531023,0.7553991886279119,0.39567595448787807,0.8988002207361929,0.9417847300469746,0.1957152512260174,0.9112387997391095,0.7126805110023418,0.8881380641373822,19.49736608663521
0.4247542682438884,0.6611975415702604,0.2353797782522461,0.7511017523966906,0.5817335031470912,0.4809451118894019,0.6926816102729305,0.5523452711265574,0.7653548721730844,0.858436066815243,19.54221838315966
0.8006063044549034,0.30750663151092217,0.9761192135636356,0.6497412629125184,0.32346647608386725,0.04258087527660481,0.9880964097028249,0.5990173934427725,0.22754026250684345,0.4911238011176797,19.634500798765906
0.39754048028095157,0.951365239697479,0.49266094517428216,0.4846676654906025,0.7945997077222845,0.3909115646636563,0.19651834837675164,0.7683987019292634,0.9101086379505067,0.045726248829600635,18.097624442817164
0.8599000609130977,0.4378631958174807,0.28913347787944776,0.039180337165475976,0.20552276985761142,0.3328698009184601,0.07068424259193229,0.18879006495366557,0.7368404424021281,0.6868608162329464,11.5656581531342
0.7698389172392538,0.16525778032348093,0.04303016652794245,0.46858987123909435,0.3427847351071537,0.7767330799537848,0.5388267592294684,0.9311803099044244,0.06120639096181202,0.3636763652931304,14.467480289500463
0.4052406014353258,0.12588943406002895,0.5830158814917501,0.040202444729082965,0.7127251285519717,0.03744316076552279,0.8734720559435075,0.06502697157865123,0.45634941484505565,0.15538539882185887,5.699329863084406
0.1331222451504278,0.7212156891979681,0.7742510419425093,0.7391990870849491,0.403991851264783,0.9907860371289103,0.3399689175865056,0.24527956114526395,0.9965054216462622,0.9772768052801333,13.886934155011524
0.591835974484738,0.20903917828650476,0.23849884891970552,0.5208854450927766,0.7761032042660363,0.07745414440303655,0.6876704005373576,0.10311084932451497,0.8441107444098314,0.5321182222463141,14.246589638277165
0.9896940904693412,0.7529822322281703,0.49722865738103483,0.14117714944129822,0.5423956527359433,0.11444473611223438,0.9051623998820896,0.23006774929063922,0.8653666801841154,0.30390255666730637,11.300309634662897
0.22189856726302892,0.30423613872833677,0.7075541572400273,0.5252155689941381,0.1074724873831101,0.13705901725934633,0.37852967263650106,0.33854351831368346,0.8517354114060138,0.5722531904898233,8.756103997728466
0.18671498608817938,0.028342999150862025,0.10236310557969308,0.7004116834099612,0.8470972670277709,0.7825380029049656,0.789875475575091,0.2609609460810679,0.9890860318483005,0.08640853681058402,14.56815255916695
0.8210953368618649,0.09681727394785755,0.26753130469606845,0.4954140281669046,0.05334077076399646,0.39417134544322485,0.3501143821948678,0.6471720817633897,0.7180134302196016,0.09049530043077436,8.773244056241483
0.03806847883423958,0.7758913223650805,0.5279913870992339,0.5346367535330684,0.980716671208386,0.4377415317496024,0.19619252147198063,0.6806411394056382,0.8156780614131313,0.5023607781724344,11.192222443488834
0.6918145899678007,0.5139314051554646,0.40735225842512623,0.034277923936988475,0.1737425820020655,0.47976748907560984,0.396528573758675,0.8428837681640671,0.10844592589486779,0.05012753459280772,10.37096268351902
0.08713726776657937,0.6780926696559325,0.5944734776727736,0.6322203280792703,0.15692145911651267,0.5163527679949552,0.7676700310259887,0.6838763625169423,0.4386878048549625,0.10350051334462984,9.13095052256148
0.8706502139259771,0.5262043418439842,0.8896607597953664,0.43870011132801157,0.23701302493760545,0.30741301024116074,0.418149327399449,0.6142231331900097,0.7689109882559848,0.24264063185229678,18.522430076543703
0.1877219206621964,0.20265877900766616,0.9344997790115172,0.1639488537060857,0.34574326053976434,0.48586762028248054,0.5562034856211636,0.8580851434041233,0.11288384343915259,0.10801339316320258,8.336334306378575
0.31640964988410647,0.4132014575235301,0.3737756619657826,0.3919018059686301,0.8514550010775153,0.836668319695967,0.805501305642709,0.7552806677850882,0.040389264902285005,0.14938770272591217,12.487775396923663
0.7321926434389624,0.5948439233289764,0.6739445778932293,0.7169313859191514,0.9113647097173506,0.635142945295681,0.2755674286755604,0.08301593702150356,0.43208472908777873,0.7098495654450867,22.12692812815448
0.28190140073621195,0.1200793157247213,0.9987424104679784,0.41887436526104815,0.21631479147553767,0.16455593879017716,0.8627823798995117,0.8196038782618137,0.6133205890627516,0.5471855110790688,11.306639814547122
0.9514390047883414,0.22826762335773543,0.41539359596518155,0.02466500182140563,0.4185897671662939,0.3842165202306922,0.9494932393901081,0.35823243553688033,0.834789259347077,0.7665936595147143,8.788558688703652
0.14727204998298649,0.962717222905296,0.6309657501725457,0.5965505272980036,0.01170544409259977,0.6992107936435272,0.05562886443190973,0.1853808118501553,0.09862098258724505,0.37820592304841005,10.675435333063234
0.7957115021328681,0.7073815460264862,0.10669514330779806,0.798461192783881,0.4608471405066009,0.032630777888048135,0.22382646026323927,0.785185527967801,0.7332997389231221,0.18835112314589275,23.188190241419782
0.03799906487772442,0.2952019439858917,0.7949268971961675,0.9383904820237823,0.5728856349285558,0.0911038549694867,0.5020861551811094,0.9987913721892536,0.9386690124911939,0.9932110039015554,14.340302497583224
0.6994147107182129,0.42608856459144007,0.8931295600944367,0.8951804630446948,0.14436483303609082,0.775385856811627,0.9193095194532702,0.8985196768787925,0.7068336174251361,0.5373583353944965,20.817959532598223
0.776749264321135,0.5161558413937166,0.3212340694165,0.258938493713201,0.5406572246613244,0.4559548805139745,0.5244952680338327,0.26069690853722904,0.5905831214766636,0.6620744197562253,15.45130836822322
0.8068488936824733,0.5899874226629332,0.7560708023670083,0.16938532596673306,0.12106269476251652,0.17964109040330056,0.8462651218176415,0.5561498859372241,0.4553152315296688,0.7621594237801231,13.582273454826526
0.12407791552716929,0.006207963729881305,0.31096480987347164,0.24889433405009143,0.3073308297682047,0.9735693471265043,0.5677457427960938,0.5891119046633415,0.65566928779626,0.3977254654992276,4.7644823112571935
0.9789759164198037,0.9732614213458426,0.7692453128051826,0.2116921679641498,0.880196829229165,0.10091988356835147,0.6298948255198608,0.4572151415608351,0.039215673060334466,0.9039070102347798,9.445186027448766
0.9610928445216608,0.9073945351656352,0.1924667983561602,0.3329819012732921,0.9557329439151687,0.10642394408708655,0.5833047435213964,0.48552248561330213,0.15189863040315865,0.8865774927794661,13.9111403342166
0.13415442974959257,0.5927069608195618,0.31818088234304076,0.41798114017694643,0.21135961422904992,0.6246690653988128,0.9886774849256589,0.8335430976742425,0.6832058565765992,0.756381280639202,8.369888865594866
0.8392866782545305,0.47254709506175774,0.5670442057761589,0.8954827553189196,0.6959473341004578,0.13602320538784973,0.7795357605282169,0.022706316886867195,0.8475269932920498,0.7882993222843766,22.00150348282388
0.8307459855058849,0.0235925460299653,0.9724488341223395,0.6141320277331614,0.8000483931837032,0.5665591033710408,0.3397493161747728,0.296148367373531,0.06993395751577025,0.5425149432702143,15.221064980322783
0.14358915520965854,0.5675173846094851,0.6249162219492589,0.4420806979688773,0.15632484031428062,0.432707376699472,0.8786719742469593,0.4580477927103652,0.3427294581437266,0.6297639582782857,8.046703005082655
0.6188622658101164,0.09061649810988448,0.23649056841699378,0.4944046973123535,0.36633107279155075,0.319956911560339,0.44571370637182794,0.29031409142449816,0.3474717041572791,0.7736297930001174,9.91712489493267
0.5102309900809687,0.87285589438233,0.9485602571175489,0.9220773011229437,0.253711092646667,0.47288592981684907,0.5350521829151305,0.852190754704164,0.5590206687505268,0.2527154905718425,24.36647594269678
0.5475391138196709,0.044284494243486794,0.8341373704777799,0.5659993744712066,0.6517172095154652,0.20093912994832686,0.558134476843894,0.5306368903445356,0.6196309472564977,0.8474200512678578,11.912556389486822
0.7645384605750658,0.5468744090663498,0.8934030873387078,0.3584183482097858,0.49255082007369777,0.6494340036514784,0.4407666896680842,0.36141821371646,0.11239425169604966,0.6358994777582603,18.813124262864438
0.19260636530923292,0.13825497628512873,0.18215289237959764,0.6884804969054397,0.13835923341665723,0.9762360118111401,0.7585413763981187,0.3927347078804657,0.5932827520769848,0.0076266431052675054,10.432729434714378
0.8445319362289763,0.27121156902987065,0.07188370485827533,0.7581189005187965,0.3295816626446961,0.5675411582031937,0.8440315493019054,0.775931360659445,0.33683679236683006,0.8686965865295402,19.485395770050488
0.38884991449320705,0.5000238218891654,0.612458670148901,0.0709808209353947,0.5971638362869565,0.577417240826384,0.8734944749195748,0.35366387298681223,0.24218867800779587,0.4765145262728119,9.684067690959349
0.6873316495357487,0.5618942373095669,0.13820667198300285,0.34789162977885746,0.06378576343232589,0.7393263135066619,0.8829483228313943,0.04567300488093695,0.5254274910525516,0.5659800333751811,15.783517422713057
0.4388278810014493,0.5027337357677981,0.7103567334955356,0.4837256403213268,0.919652133951562,0.5408737976810094,0.07179665956735759,0.9533246606311834,0.14681070169138777,0.7844599000154783,16.70959677997289
0.5269056864718019,0.7408924542691709,0.5134298841813639,0.05897020033260769,0.3749259296895471,0.620685982040526,0.6288822185326776,0.973044442183791,0.6063246983735529,0.28643913139596777,11.880788485894476
0.043425490081825835,0.7884152011138649,0.889290456464523,0.6136380403720868,0.4823769360206147,0.8609865177191748,0.2403560790363798,0.39873208362447776,0.5076565542200909,0.0493726168808859,12.652730546536159
0.6885789951532323,0.18855986618074283,0.3331531849872178,0.4144928139029377,0.6385103296144475,0.06548403790747603,0.3408617367536265,0.27436173647242756,0.00151942211098266,0.6916534412184172,11.861055044356062
0.2359349358831263,0.1664383629389582,0.7979652627344818,0.03919830703969651,0.9002399477065001,0.6869016623038643,0.17174634742123218,0.35010302659389947,0.949983131982152,0.6188445822239691,7.899382152070767
0.6087176368883701,0.6530710921126518,0.46273775552819363,0.16730341318878417,0.1508911116351458,0.6873106443788626,0.8839413184952315,0.3002108866515808,0.5034035698760425,0.9922378435693913,11.941617925626122
0.2571611963463355,0.39021392855530357,0.36352159605851975,0.03258583615959232,0.5095169739840975,0.20867788650165897,0.1285975970536497,0.7104159993820556,0.7657604438085839,0.8888915350104405,6.346532513948869
0.9341323928637207,0.8690659601327687,0.12249467069210995,0.22362883404601386,0.12247529471092222,0.3535245309445938,0.12407184561837292,0.6532772966143914,0.7167154923709671,0.15959369289795433,11.272252959107695
0.6215760503809896,0.02298940660615867,0.4343702694606538,0.2853390540826978,0.9984948769677834,0.9227846189830934,0.1475654561162666,0.9173707913987048,0.4187898373933475,0.5766481275817577,8.380782436278796
0.533764426059802,0.7261565517557599,0.33495679369748843,0.06968258622736212,0.41762693979569676,0.5445055505312506,0.5549139578808261,0.792597630541634,0.04422584943175978,0.98809436198905,12.71270837060585
0.990565002891777,0.09901682210583607,0.3440174853642757,0.5903106756930506,0.3733258296399501,0.487624687805585,0.325928356722312,0.7121333236223517,0.3640172445207246,0.4298864184141692,11.28917229620957
0.5759077359619822,0.9692012627327904,0.6418044683936021,0.09692114938054475,0.3189006207547982,0.41971454426462973,0.7401738201884857,0.44687555177379656,0.6591042199100683,0.8394947563347981,12.799364740496495
0.10433758371691149,0.765739579943712,0.7455797978350008,0.8197123793973279,0.956066469669559,0.30959797541214307,0.4290204927134368,0.2626819990760929,0.32710562702507784,0.3298259590083117,16.667361288386285
0.8697750188358739,0.0628983176814999,0.20269860587482535,0.6105582143053621,0.7651947820705799,0.6973770539835885,0.04657567568187415,0.4537943812923666,0.18447358815758852,0.9881422066151606,13.409552839017461
0.9988919631983497,0.050898542917599654,0.6677241284362072,0.813064940474536,0.324779868960847,0.6936364362454068,0.1876685348155016,0.1279591532728208,0.9253018167848877,0.6425357244821907,11.90764661276801
0.8169472402224771,0.5327131734934678,0.15472535687000422,0.3766551849697328,0.8816569529496114,0.015606577597488291,0.20717763204511586,0.25328659807413445,0.2629957753981105,0.09858669488297955,20.35261935586041
0.8482196934705147,0.15951392000430864,0.829674385808854,0.355061777665305,0.4573180916475966,0.46285083960496176,0.713148822220297,0.7312998340891221,0.6406880280370267,0.7737684835511679,12.134725298821651
0.008303179031402097,0.5048104311991028,0.5240253440196163,0.23933984089084903,0.5563709080987065,0.46715736971387534,0.4721123086995527,0.11845053102463343,0.4352625383005754,0.7664307285518511,5.3184743291301935
0.4099899912200442,0.48749842354682804,0.9675204117051156,0.8717842842493335,0.9287001573517093,0.077676550723491,0.6185806766288314,0.22341187460061707,0.4042436529491883,0.6797501722226325,23.60738492399416
0.5789148988570235,0.5057323147159682,0.8144484364712965,0.6825986293897758,0.8210451064041696,0.9319322465851133,0.7119708019575042,0.39539541448360305,0.21277834944333052,0.27091532091389914,20.863468637113407
0.39663007504870973,0.7400911037703449,0.04015467300432829,0.8142814750777598,0.7581349315808446,0.4994166530821471,0.3996668267642809,0.11269705215173953,0.28970157591516854,0.10962807335574465,24.131912197496472
0.8188845152675877,0.5093378630581284,0.2467867799283543,0.018089348520965887,0.523920968672742,0.7520870961781307,0.766493785626302,0.2144262042002698,0.9950620117048977,0.5687799162570897,13.745519896764073
0.3320070367074659,0.3928077470714808,0.12443684923788767,0.49335584834640644,0.7532954378072907,0.4094100974909274,0.866852657517033,0.47675237802009507,0.9006098243997138,0.7032037649944385,15.504428289454953
0.05500970158936014,0.06701746470698489,0.800106400749878,0.3568237124569007,0.18924507377078992,0.8653204809939223,0.9833066662274451,0.8087482352412625,0.7251295137487138,0.0009585597765613407,6.431555231585231
0.10597392623267121,0.6709437918534042,0.40956450419773804,0.01947532431963439,0.7408696665320537,0.4187650759607917,0.6588250285358881,0.4683357451670741,0.026497714393127425,0.6359245680654129,6.277895793536134
0.7880859838775025,0.15597678886620125,0.89108215691806,0.18156176311741923,0.42283663489359413,0.5271870234090279,0.3138657578902182,0.5004571989543778,0.7183563892864221,0.7144552006273498,10.755178732211785
0.9222827271012008,0.8620909309564656,0.9851055817139484,0.5953797631243839,0.4005146643116365,0.24009811438066098,0.24396937037835942,0.15092399865456296,0.7266669740505197,0.6542422972551021,18.664820846983147
0.2922941961065526,0.8921374837720002,0.5522863453068966,0.06901902925534464,0.061450924932735074,0.14318695008107374,0.21126336806296608,0.8874373414282631,0.7784483791836347,0.2017241390172052,8.358273713814542
0.2484923522506577,0.6367880229122974,0.8715230729177079,0.3167291235732078,0.5254965735217054,0.8903775487682022,0.7706317672065411,0.8915094582878127,0.27807385064696577,0.6909341479816052,13.324288430202675
0.11401259385954621,0.6162078579702585,0.3040255365164636,0.7014803144424896,0.1418745729821087,0.6655802690520757,0.7085191352644183,0.8571563154922882,0.687076591032002,0.5228642817750819,10.681559643816916
0.7841596523553163,0.28443317692235237,0.677466485452632,0.7245277264536991,0.3925412010854341,0.988966517753306,0.35608971459645833,0.08449116939490453,0.3034743795240089,0.0994371381099074,16.285430359284153
0.3393041574854415,0.12787288325093005,0.43953486385920915,0.7779754705286681,0.06744305310050247,0.5631079254688636,0.04382758390241548,0.8846091692185655,0.9213826460817875,0.492357843599013,9.54894164679377
0.7692311635804301,0.59291093527408,0.34066287799163264,0.24514079766011376,0.758595816444815,0.4299802176509616,0.9202384581836579,0.9756919464786635,0.2103926706225232,0.5610633050550756,16.65713773726259
0.5369342410435716,0.8680988616852913,0.6909849598315891,0.6073775064849105,0.6790248719107034,0.3894575196059913,0.9602914940539748,0.05762563960295586,0.029128985791558204,0.41558973626123474,20.14178694230244
0.15457594737876335,0.5448003227321566,0.009009903830451527,0.4596829747660347,0.2949245633886136,0.2023603465754702,0.4446495378128259,0.8545489618160909,0.6553946842347481,0.159941649859471,13.507753263110887
0.49887305864425,0.9316711188161946,0.4392248226396338,0.4705462318647263,0.9413576597682258,0.13580818298392738,0.7350414854226853,0.2991614000707097,0.8658916587930648,0.05436248507875263,19.424991309193576
0.9904015681566375,0.7686088199188204,0.28433298253941985,0.7608558936831183,0.9229697648433272,0.11291739117486532,0.913578367087645,0.3601744231746067,0.0064593054511995485,0.11242097047157928,19.97087279423951
0.8847939295886698,0.9826664681570786,0.8953720134927203,0.44153663184033565,0.9614101035585397,0.4068502191883937,0.113696069263164,0.3409414963802655,0.998421163589261,0.6259455987762989,16.335916986606197
0.3399987106252683,0.6241790971696337,0.42913582954995,0.04954859204175932,0.20112763031256764,0.01923533804886235,0.25479222283027336,0.7395650326494544,0.19331859439535592,0.5280563789310138,7.785589953757876
0.701603718796935,0.5486824173989762,0.015370538237193476,0.3633419708907384,0.4416305008496224,0.3427533506884659,0.546263775548773,0.5131536812736468,0.18745024097539564,0.7519740335305332,19.892856173674822
0.1611637141573421,0.4589653702387132,0.7563022005202569,0.6972622864274816,0.43218588471234387,0.7889204093438549,0.7137578958135214,0.3845359172782493,0.8955133797711436,0.14195952160000014,12.750301871770784
0.3584821215272105,0.6978096712411337,0.8729774508998152,0.32257972961064774,0.56124239953797,0.011839749830859558,0.37084279576362356,0.3309350066738628,0.8424709064139806,0.07397669056962031,15.888702937453804
0.062114572110604116,0.4427020381942631,0.40738900410162093,0.1615599305433374,0.26334419500914474,0.9741944866254854,0.5131825643570875,0.08785307762224648,0.04974682240154915,0.04193786972045166,3.966665024074539
0.38901904079463034,0.8656173730431953,0.8329165933371856,0.36788639645844023,0.7744235848712417,0.7522484570158688,0.48299544412749396,0.4043876619135034,0.1805486210150108,0.2787709874251687,18.480945176727104
0.33869543612373065,0.8127178397352586,0.5529529699233292,0.20091452691106082,0.09582761086331126,0.4966638275803369,0.6663166014700207,0.8188836128611328,0.7973146691542511,0.8241557185478633,10.15380349492284
0.44784734993460795,0.8656575078434725,0.44460825097429624,0.16812129058475211,0.39737854963929176,0.3400250774884511,0.39217683356935584,0.6586192630542266,0.6569165168489508,0.22490151938230674,13.113365958740786
0.3159305689192021,0.5953548969345507,0.08412846053650824,0.688664196216843,0.17889230528013345,0.8507111374968488,0.40158765743376157,0.2208058664734993,0.6678204086001286,0.554030805671653,16.811211798030673
0.17193562803419538,0.8271610404803034,0.4532890746702646,0.15224486476990418,0.7961819542269964,0.13343448172849426,0.9680385017972736,0.4418098083174089,0.7282222669343105,0.4519677297064978,9.867747327655145
0.18756266802177635,0.758114031632843,0.28935702129527885,0.6824178329583132,0.257372718396478,0.24110827792236,0.45744561754192625,0.8162393666340014,0.6136330520037349,0.0646688594976732,13.318505988615323
0.7338646963579187,0.5797710012591606,0.6235655298870544,0.3535781607427234,0.5561616510424016,0.3718886985756822,0.08150567116131702,0.8444302804945785,0.6780267227673986,0.6704390121306464,16.349119493270315
0.19367876460445788,0.6635965652419512,0.23203062384535178,0.6875346871044031,0.33353048462091106,0.15751378673555527,0.9062643498999935,0.10465032448095568,0.7617878166155728,0.10177566891515277,13.908047453787578
0.6847196430648147,0.11038559465851805,0.5088244706205737,0.18799569185131182,0.8665815827161463,0.40148456931185006,0.015426349500131109,0.6281612521900507,0.4451391389089714,0.859739297094657,8.566687045720164
0.4331441777818177,0.4111404801247529,0.45409321521313206,0.8598540182251875,0.5868225615265401,0.6693624202356038,0.7204108861557936,0.9375155224406574,0.8375205926373678,0.9272842616431939,16.882126450667492
0.3433049401842698,0.2148400421332164,0.203389511930823,0.857801092150656,0.8305912308809908,0.6504116113967042,0.06294238399355445,0.31804815738277714,0.7342012877684909,0.2485687737355421,16.78694625752974
0.6240589207724244,0.5427412218745395,0.26267237406026345,0.9343380308342589,0.25673904925980207,0.8947911551443155,0.5409319191582785,0.09182801302161459,0.8336247553381155,0.7914320442178517,20.49692034411768
0.8309745300950012,0.6381485456392167,0.7116156263248216,0.9070579801644948,0.1276983471212234,0.08303784435509731,0.12507563898566465,0.8700716426852567,0.5629341958249606,0.17606528126932486,20.55946749590743
0.1417120683398848,0.4454235553646432,0.8157340559105973,0.8051767195615996,0.8512530689440027,0.7689447334110394,0.06161980966467817,0.7201669042344766,0.5189612903950607,0.726412213246232,16.27185385616241
0.48428273963405766,0.48353905109721296,0.12613466099046844,0.9052252416399702,0.3746217564192197,0.5823740923503427,0.20715626643789087,0.3688888986598533,0.87057742318448,0.2095993652169249,20.43167433241473
0.20610561334229283,0.2604991102674902,0.5746610879422904,0.5206882210265349,0.17532200188791003,0.6919690209010282,0.9075400290973044,0.19882887733228904,0.6729538254626136,0.5863845909184338,7.87372248386077
0.3289389605399552,0.6178306186616709,0.20990888820796783,0.833954833441952,0.02221208651877926,0.5670629767740638,0.3187801818794198,0.8813607199240482,0.49936626804083006,0.8024880392708865,16.09327177925676
0.9238203448511534,0.33434955146368006,0.8803418565714181,0.7262789280745675,0.10817439710796317,0.10391994877129329,0.8173453908139097,0.4683160896049592,0.4951502709700828,0.8912465387146744,18.947817828126098
0.9038033368486655,0.1127059846866384,0.37364832294455874,0.8952267692691485,0.819854348343964,0.7210088210358766,0.10196720377283874,0.6211945662058667,0.5818514016619803,0.16716706106856294,16.516645536766312
0.7738587897339362,0.31197698492874726,0.6206257229780506,0.36183548580639346,0.0843952131049206,0.5247948924639216,0.30664313555565503,0.07131300334758972,0.1985089160925939,0.618855769190912,11.209404638117322
0.10138199938406167,0.08746634105211981,0.944021569030851,0.10752337912141485,0.37605972830955736,0.1334108904834873,0.93926909224225,0.48116139950344317,0.11111924211377011,0.7688164424256408,7.177180598517559
0.7807865877069391,0.901199463341725,0.7056553869086734,0.05471627384105826,0.5503115471029815,0.38403985873371094,0.7485810502933661,0.5909290085058163,0.7252005207922245,0.18044391787308978,12.166946570718302
0.43707099393445326,0.4321043269825159,0.9809746115823699,0.0191101628032726,0.8160429420809547,0.09711164298733344,0.08037805573409884,0.32817649315069297,0.7007668939071331,0.6784463237570509,14.489231451302686
0.6278806441246453,0.7745511027242677,0.23237805319973426,0.6338444448472836,0.638037545770641,0.654335512795114,0.5944536350553675,0.22152289283759352,0.9142988980954387,0.9760046285323771,20.95183623773446
0.6891867124199395,0.4440797173072206,0.5371907748071769,0.10837151807940648,0.36339589811261064,0.9761343539650122,0.5477222626071534,0.5606275435901671,0.9539798690202479,0.8863541803441759,11.12884696040642
0.5687163778040278,0.26899084898215375,0.11693141523225181,0.8636514256947542,0.9200915165175833,0.49428492134670565,0.09454856620637875,0.606224730533348,0.36746139894187446,0.15786066064738724,20.794909138438207
0.9191433896389265,0.2394490520477074,0.7111615158461626,0.42937785930268113,0.8279208672882681,0.7008349035094396,0.12316002961855743,0.4496117346567222,0.2597885552758413,0.7135844715114099,15.701536783877783
0.5446888267273367,0.34018121776785204,0.3294601469947981,0.11448699285469532,0.21382183336792626,0.7134662475960849,0.6099044804825281,0.35559594597783073,0.8361156056235955,0.4844128509641874,8.29357286852465
0.7944341543553237,0.7811801509955759,0.8479989506495608,0.8497717072153083,0.6790625986271109,0.7494234933956002,0.7769071960476482,0.16915940022235176,0.3002448283355277,0.10423973826554889,23.605949059988077
0.18937136240683283,0.7782872523011868,0.9471104338753153,0.6736354667308643,0.8860477070406506,0.31797668194100515,0.8457955803065021,0.33878593582571936,0.8941667249119623,0.7980458381772583,19.631310999101103
0.9835971854533276,0.8272727113763244,0.3982096586020495,0.11007978013576702,0.8742730998922953,0.5711909735333869,0.8581415493448842,0.38712891457567133,0.02894923346863343,0.05241658729473786,11.203624576730896
0.6704984793991049,0.11446257117117442,0.7454619956580701,0.41944260790568244,0.5631079176345221,0.80121337611943,0.25307144430312134,0.41290254818650973,0.7295573162382514,0.9184277572298677,10.602782276989823
0.2902997614949412,0.6227229443964397,0.9512139588594257,0.6488521890409563,0.8927891034743797,0.9397298514768487,0.929342622428758,0.758477084311003,0.5520954863028384,0.09675283789317168,20.403192349016084
0.2227061405648999,0.2557671265011575,0.03325957283696501,0.10192337790804695,0.2947566982782953,0.09074094225619789,0.16953500773364572,0.05441759737586449,0.4165326495990893,0.8213272916730687,8.62989426349285
0.8122438442032182,0.904890429598096,0.745599502587048,0.24444195670896995,0.7023898964558223,0.7538218957135325,0.5431075414411046,0.8070105962882533,0.07126584257665969,0.5947805869052158,14.55923819873323
0.47989338006849,0.805211814999022,0.12796059563587048,0.21262397664149058,0.5586919644553898,0.947205321954128,0.08319990215193174,0.7433770240038562,0.20539920200999562,0.10544886808488396,17.05803598669035
0.3947661138435419,0.5830528328432703,0.8270179411721079,0.6346918507400091,0.4916671429261613,0.28566736636130396,0.29255304333160426,0.7705768312650543,0.11405967503153391,0.14647376737164708,17.56118097880706
0.719736378996031,0.9610420292826047,0.12023420333306722,0.6094260828611032,0.23918838726807046,0.02575781487251705,0.8322676560647224,0.5086046039868029,0.02388995169441821,0.8954533020999587,18.41536766122232
0.5356852406273721,0.7370673884060989,0.4235048110968108,0.18488327270462102,0.465573305793742,0.28767235045265305,0.29673543878693276,0.6438781213058148,0.09407965505520455,0.39701453213658455,13.75291421236997
0.5466453941191628,0.7098574724265849,0.6328992626455531,0.8862465707105531,0.9923842825293897,0.9374234240147816,0.7641523727985167,0.686015254852777,0.035431684108294226,0.5334988126767723,23.565406433018257
0.6637169011387296,0.4129400479349954,0.3847966128246104,0.5425264831661613,0.9066399183945772,0.26092836912466866,0.3990548210729692,0.6530878066490696,0.18600725996607304,0.8349035805176538,17.80906153728651
0.6660672045881497,0.35226205971643965,0.7221670048248043,0.2793465373444466,0.7744608967348553,0.07068805305717252,0.4267519873767417,0.26163885786304497,0.8167003873467656,0.7527470629328185,14.374461393242836
0.8418613805611891,0.6515630421022107,0.7953224176163041,0.4387882692485022,0.6780574161018997,0.03111766901967561,0.8807246085395253,0.6847736512030317,0.8660964577184996,0.7708588676193896,19.406499020302636
0.28637668094126345,0.2728802295944085,0.7996387775735212,0.1847091918213043,0.11066120082843445,0.015042204994582864,0.29842804591865446,0.0992650505691971,0.8016865300967649,0.4845438309817498,6.62652390631386
0.2525152241433004,0.6020869381917932,0.07035241999696806,0.7261212512835015,0.5013930449414614,0.006476369228008982,0.3192171529147594,0.7501923733892968,0.18811517048358162,0.961877257871922,18.05692492949056
0.8966291443211348,0.7782387287959541,0.07854835850031527,0.3538372976333799,0.2981973451089105,0.13762531840876913,0.9996188950868437,0.1471976349527918,0.315327546543,0.8801414525677063,16.712545610209606
0.1443853607985518,0.46952797195373075,0.9756901306994696,0.24728848296573913,0.703058216969583,0.08003964837578093,0.600871941248288,0.33904953309882346,0.6995645320272685,0.432890005435277,12.627512250380812
0.2989986465546606,0.5460078853341835,0.13968691292071989,0.8144319706485138,0.7507093919816078,0.544968171573501,0.36704830129739485,0.9152261606892889,0.6344583999974136,0.2848001324115168,19.401287422634407
0.8067086086892393,0.635019701732663,0.12701261654684182,0.11423324460873008,0.9381050194336367,0.28791198112394434,0.6634825993214409,0.03643387306741053,0.5565019368054474,0.23112863778434456,18.60781364315764
0.13962626935695666,0.7735031256342613,0.8095426569395616,0.7152122338665443,0.011186845141520685,0.284909215643284,0.3609612664364972,0.6908502238516318,0.7555436816761115,0.6278549220279129,12.452625303404844
0.7890883447380216,0.42729987781946466,0.5418449898367711,0.06425017507722797,0.4271632465454249,0.4326331134961543,0.6115201095682636,0.37789635267831634,0.23845498705148627,0.23759628926066478,11.533340851701757
0.133872894734557,0.7010226500949179,0.6225683810552795,0.5792499199404496,0.5310196292654369,0.36753749886657383,0.7687168666307302,0.9220241650726186,0.4399891891984298,0.40908860594689456,11.653848270879887
0.1627275570844533,0.6707088053140171,0.5580922633778134,0.987997996237808,0.584323166769958,0.2886108661948892,0.5629406617279221,0.9846952327210784,0.7233351800241498,0.12857730876994367,16.2311194605038
0.3431626183319463,0.2986849610525695,0.8568237789874162,0.6111628481612074,0.8101019962326655,0.17624605343347766,0.90803490496635,0.058310997095601946,0.3748371871207484,0.014149044286431933,15.873298212719188
0.18427949410697408,0.9622258658374313,0.07849533139047571,0.14540657737161078,0.92484902624552,0.7101745639395534,0.40696440864167316,0.06876581738833432,0.7850389590792439,0.49272660547565583,14.918585457848794
0.32301686632399207,0.36075042547508007,0.5052775379745039,0.5512328230781661,0.8180987708704331,0.7717037220699862,0.7670586915202087,0.7292979863202854,0.7577869151430114,0.6776015251949387,13.183005137981002
0.8680234733881464,0.5574542961060874,0.5208442596064341,0.701295978638867,0.16600597307977494,0.7769517138350426,0.9361558432172887,0.2962599648147055,0.6110449571784767,0.03262251360104129,17.838864183976863
0.765822862672667,0.5596681731860392,0.6736542846346952,0.1429927199418044,0.8094548053608013,0.25593633734362786,0.6847922032934237,0.5931417650302112,0.6537914461283671,0.05023728680615802,15.829842949622705
0.7418505702312232,0.7952497285276757,0.4748158231524108,0.40886104423708436,0.3425447039548394,0.9278819064822702,0.7550682543415351,0.6986187272366482,0.9256066246254857,0.3487692306192136,15.417337162012599
0.6301380858165785,0.6860568305268462,0.9962275433177508,0.4271861144071557,0.4001810519397775,0.08448792431060081,0.09845248473997514,0.5117990605316475,0.17118195943770653,0.07293083225695762,20.972346790321012
0.9648930050352367,0.9514173979083198,0.3252767683489932,0.7898694069333043,0.8725490536191707,0.46474706778399055,0.22369710576036517,0.12980482731078946,0.14082237142510357,0.7969331547370067,15.419224916330911
0.38441581502626276,0.6935076504505486,0.5386934343853417,0.3946683804234553,0.12381573918426048,0.33344898762893804,0.8401739208538073,0.8113979369585518,0.028368591965683976,0.14027655837512798,12.025654163607657
0.7559012167332496,0.33573289636637527,0.6435910669585375,0.5626757389940499,0.6520673153948854,0.05369655092428727,0.9311192055302268,0.020969549755315287,0.008032495984745314,0.22615300238889735,16.454019465583517
0.9934959194307331,0.0725324346003734,0.8745001740107142,0.1590890704433059,0.10910329319019085,0.7789703976190943,0.8466787145536686,0.7921828884592114,0.24102887918774918,0.879842726067651,7.185980037032695
0.07188543219013832,0.34197746323905953,0.46318312572777964,0.06773527160702275,0.5798432785486162,0.5593830170655902,0.9921825749081836,0.6216640027879551,0.3975456768189961,0.7901848475346278,4.375215177911274
0.33496700417359726,0.5328686543725368,0.05546960679322077,0.3226657744660447,0.528108014753994,0.7023118937251868,0.09903279037046275,0.7971867291439169,0.9001589866512645,0.28103716556109415,15.13758867090461
0.7653465807843041,0.1803484911606943,0.5234158717566895,0.7976353650720744,0.3864916855784588,0.026300252038820915,0.5399673752141848,0.8446998729007388,0.10832737731459352,0.029641402142510986,14.121465061783503
0.8090407759845862,0.26713257867135576,0.36434370573888397,0.08698202990459991,0.09661898442446726,0.6145433569160066,0.5522296493464929,0.29240177641425236,0.45273755628477486,0.3881977643430251,8.00084381026222
0.6950529164212854,0.8620890248135873,0.7651024194460166,0.004407649668200508,0.09955346112119257,0.4293767800534124,0.8517988558811007,0.23697418807404502,0.8789520865485086,0.11001365854113165,11.465755389775643
0.07260712384847423,0.9134196971455978,0.16197692599669145,0.46377558163211574,0.32595704417649174,0.14763643466486653,0.6321110149600365,0.9636727141315075,0.6581094468542239,0.3536986827773304,10.621219707007382
0.7117969558099174,0.14324815546973346,0.5800163106934103,0.469457446146198,0.3599835714236381,0.7395673024294248,0.1184871454224401,0.532790475483174,0.8543973265533442,0.20171015569583217,9.77132439441682
0.2645412419294888,0.6606717927717816,0.7725869583954947,0.28333560138177294,0.3598980085367667,0.7399124828894812,0.28532366513703333,0.6662475047064852,0.1588347508057827,0.4113104594884124,11.33787473854267
0.6886772097232317,0.459904556101958,0.019237348358529194,0.40638035710451403,0.28833529088967413,0.10128218282935941,0.009138011648651134,0.045515401566355806,0.9492476577377409,0.7498192076782529,18.515851663892814
0.9397417129131407,0.11478389662015809,0.5705097165983323,0.08328856504819304,0.026806391200702717,0.46628114444025737,0.6463435472978527,0.06356236092479906,0.36505971672699533,0.09016700157450108,4.3906114382601205
0.3621036419001563,0.4717956982955299,0.33753138532425475,0.5762490243007071,0.5845900564236849,0.33293533278018195,0.38959841607776247,0.44106561791226007,0.37565330657612717,0.7606476605576575,14.326443790673821
0.13994750401555678,0.8570354299756205,0.33125101741851026,0.7239608542398344,0.8837757950891384,0.8874527016712142,0.4523650700145322,0.2566031579018275,0.6057604287571362,0.1839630105909471,15.907503876911539
0.790596872154085,0.7113448991499883,0.7956405243040684,0.4332575084152692,0.5574282998979453,0.10272663649775449,0.6876456175996107,0.4868386805583007,0.509238302018655,0.8469921486916285,18.676327412527865
0.7723211095888427,0.5351925411471611,0.3551063267908019,0.4464354420690272,0.3507636712202066,0.15160541670749905,0.6457759748174168,0.6915150025807378,0.9712100345381447,0.4557044757953512,16.26974249620206
0.9972924127590999,0.18709858550581937,0.6566308329805839,0.9947686429684875,0.6403249693903407,0.45236989582771936,0.515252300963446,0.8455111384836338,0.939110495786766,0.4539265311480527,19.171937165330196
0.7723700283475132,0.9336884198553487,0.2821205756954136,0.4931605942333668,0.995417554952839,0.353478565211064,0.6196879558776626,0.6570315557571884,0.15414842694784225,0.8066170255444832,18.540116366034212
0.41290060925806626,0.5003234135683277,0.6428424701678093,0.41048469437114565,0.32508246564706644,0.546430728191143,0.34678493418248335,0.434129723862405,0.10840750885313977,0.844743061362904,12.182257067100768
0.4117072252702524,0.08278400753822857,0.7900237508387914,0.019625311333283157,0.5993462005611501,0.7026637597298496,0.1912104075291846,0.13125942920841271,0.11388302750940027,0.9933299901734814,5.943956746640705
0.7550868248904223,0.3127104703666297,0.3355576755469285,0.6486247546368902,0.4576719585501443,0.27134014406226015,0.057096606567453745,0.7838536449883658,0.8882258656128097,0.20595928608054093,16.07162322732798
0.0634051142164368,0.11862550571168584,0.41425931173621144,0.2993482472255492,0.0734578159217818,0.4548687439182266,0.20391890288336767,0.06694857935229037,0.6579281387512655,0.5725062924018219,3.744072628213188
0.8263978978068721,0.3022814997152907,0.13582267738547682,0.3601607549354584,0.7787070515583997,0.24173935514896594,0.2550008499272288,0.1475846840222682,0.9865143618467019,0.9673098252436428,17.214375391191414
0.6580521383755662,0.214818084286152,0.7665563375290789,0.5839334295997206,0.7495661385656588,0.8604103604409608,0.3184743672731636,0.9136987435918413,0.8985583297308691,0.5471305011525952,15.304666423955762
0.684571553188297,0.41103588882638165,0.655102740425469,0.5489584724202075,0.32281989035609593,0.32283856197795513,0.6516660740469307,0.9566280304339884,0.2015482805335277,0.3925366528956067,15.31758543193163
0.805709191300836,0.12301147388662403,0.9941667904777521,0.6781385752746263,0.9108004659626285,0.8380535433677244,0.7771349355463758,0.03290106028955875,0.40649611558819443,0.20186239467081157,19.283014726608158
0.8713333276176037,0.680286266798449,0.10707331182262614,0.35959775006557615,0.06930816923429861,0.739996628307898,0.418317975632316,0.234371269219819,0.5176905873654162,0.04204443479474396,16.60876664996742
0.25729461328798353,0.17530421446180866,0.9306436603526761,0.37710740602267545,0.5844729664013275,0.5029419508328105,0.6592048739774018,0.2791160308658899,0.12077957934348815,0.08145160606053314,11.814790857459698
0.19339696425130593,0.4828295529686163,0.23602738610486285,0.4340020787080865,0.02930255303534446,0.6275510976945484,0.8781615988681535,0.04758993998091099,0.2180397663988226,0.31777040904634235,8.771818741360313
0.28724057422982885,0.04038515448560531,0.10657847475567583,0.912461789021413,0.7113618018186121,0.958438072242095,0.440462106935388,0.8790331356208997,0.8165392075742577,0.8749410555097594,16.141388925006233
0.0391541609694499,0.6525156567896154,0.5666289424426034,0.5452157580791216,0.5043839663749734,0.7959765441591939,0.9680569265103341,0.8289188325553815,0.8703953735205573,0.4839027052391409,8.864640391159426
0.6906092702738085,0.4155643325777265,0.3602861443805907,0.8952813986031868,0.9052112575710684,0.6822201922917263,0.8378421896027927,0.360363734932274,0.43376062989282305,0.8210162920323661,21.71255982735792
0.3980502802706275,0.03996761920917524,0.353298349149453,0.39823030414678107,0.1546362003395415,0.3441242849404804,0.9344220150001339,0.8585331039016134,0.4459239610045047,0.7098895698897182,5.685503282085539
0.15184996190188538,0.7525508593137176,0.4757847699644099,0.722568212030899,0.6440232549431909,0.23276460794952325,0.8346915717220937,0.5721766235167923,0.7841974125137517,0.09398634552003082,13.97095373077203
0.6153503393155135,0.29188401952101517,0.860895367570206,0.9495059661274535,0.05582763560961801,0.7242828964599223,0.10297781628104696,0.8575073663881266,0.12452433218672687,0.19500687254923066,17.72705091209167
0.2516201622040495,0.7278326865594151,0.2925344560583296,0.5960848594197047,0.5719426671847699,0.4022616196442157,0.5394895646246132,0.11819181376173027,0.8761742517288794,0.20707663971772494,15.122627348867788
0.8802266228135913,0.5187374394549914,0.6139359178010393,0.25729702820899336,0.2223294630592787,0.4907029679302678,0.26735939311486656,0.42313903191789626,0.4402199453252603,0.2709173246312815,13.851467183020278
0.29172998380693915,0.9729094104958854,0.5874552495434162,0.8318746200181258,0.04574228479971498,0.0019246180368852617,0.5191023853027615,0.8268053042371657,0.61091883707987,0.6188296863274179,16.48163340163556
0.13935841709830743,0.9785674786600339,0.5297006254229529,0.10260182317337319,0.4141972947582515,0.07197118070960429,0.41814026606953103,0.711561795739014,0.32352616846691706,0.31310226227965743,7.2690253779093785
0.5143392348753101,0.498485947081172,0.4671426852137024,0.5168443470811483,0.04795915045479071,0.47426671963377576,0.99201075095965,0.7643355666516073,0.28756918583787217,0.6777139544463165,12.641434078679469
0.3299025576487271,0.19151412251613076,0.7735517284233819,0.2095863391415156,0.8586259674204981,0.38040961572196264,0.7568434191835384,0.25959651275778595,0.6527352109525871,0.21253177036071547,9.857486056293158
0.021834476328825403,0.814604165713378,0.8561627166193668,0.8805741953936403,0.03629750531937226,0.7609218215128496,0.8358704089580175,0.31169813032137983,0.4704512988867102,0.4079151496177139,12.082754334094403
0.44010233897308126,0.8467041886397946,0.4178687515173588,0.3023638031348289,0.13038318808710125,0.674839315890453,0.08420393370759383,0.06118225686037304,0.6815792871687629,0.6942889489381876,13.02059080735946
0.19908004652782918,0.9571846394004219,0.7878140020976369,0.6864280426545029,0.7543475693456857,0.4118869849310288,0.4556424816859207,0.8702148788036813,0.025419016531480154,0.8024211553180449,17.928037702275876
0.4475685454697004,0.4639684845015536,0.32569963104990407,0.6070720374090072,0.675673355134575,0.1607536415293941,0.5657168770680302,0.46491186269398155,0.7819086688788346,0.5452872924928818,16.127460667350057
0.4295732123074507,0.528931058388639,0.4905675058786396,0.9351778536220976,0.31188774587525936,0.0373489538766385,0.6619967541970712,0.6038431208328361,0.9099693095883152,0.11747661736359871,17.460224172430987
0.5226456209050302,0.1507710500307876,0.45570896971503483,0.7993696809825839,0.8573880362775477,0.8338603603355235,0.5474048335022856,0.6339601234981093,0.551564537696068,0.561235778867926,14.770232252952768
0.8851508885227243,0.2092728948690552,0.43876588040404485,0.6100628502239768,0.7653521484600008,0.7618897234256313,0.11724835531494149,0.22190996538224084,0.9115182138103167,0.3575192887969747,15.498859892547014
0.0027126419283125536,0.1997970684133168,0.9695520976644592,0.30974856628882363,0.6137145488867869,0.7266499001887678,0.6465828362741388,0.377566186755942,0.4304151153593757,0.8379853126516387,10.59266858556244
0.6627851314178909,0.023435273270588808,0.20345758552181037,0.286297938336593,0.365486701563029,0.576893723394609,0.3665105963723867,0.82501191638993,0.4738355788370424,0.502178767052265,6.936936802726741
0.42738918514664315,0.31046635039251314,0.7248001189847344,0.2295629866493677,0.6894898143514939,0.5297061496208644,0.10226323455658659,0.017967246549988825,0.16944362163817017,0.7610208856986331,10.802674222372842
0.38459756227189035,0.8048765095890777,0.5019058152709047,0.032746628324165084,0.8460983748023947,0.9362634356333166,0.07421520230828627,0.20835066811861436,0.7155529202644326,0.9971755425613886,12.820944716082401
0.8763037238169338,0.09894786099419428,0.6072370942799142,0.6652037015151241,0.6308320879207611,0.5680602646117217,0.2922038985417139,0.6685061670661111,0.7284512659615379,0.5757662006558832,12.726653685870941
0.4971555264847729,0.21903054850374482,0.544724032999011,0.12825046653576655,0.07271599148777763,0.7778511956910956,0.6762726322920185,0.6490322100183676,0.9281277245887563,0.380772716271079,5.0407045074683365
0.3997320215077447,0.4137469045732455,0.4652830906765194,0.5128429892060336,0.778017432090168,0.21770331025868572,0.43408443862947277,0.5051273668765754,0.16911767349849927,0.7019427212928785,14.007790314899392
0.056270741511361244,0.585912498380981,0.20214216022385179,0.00846826080090346,0.31577163211802517,0.42914068051340326,0.8173011795486068,0.40784565430150355,0.9154355671695661,0.8425388001724243,4.471850239804277
0.19273760450581845,0.15571731313859904,0.24384202544461786,0.3596818932579673,0.5834805685366282,0.12408150176017452,0.5320412841608176,0.5807732325101336,0.6608902425766358,0.5500920503741099,8.768036584544628
0.8251716704473763,0.6415904412488507,0.924551548065956,0.7009240999429119,0.43611021685175944,0.2096845788294861,0.01052070834275698,0.09040283757930234,0.1896757410318879,0.21644135239393492,22.75198376903124
0.7420440813504606,0.38605579806917334,0.32453948226703033,0.05236755379692781,0.5386605463227377,0.6129088813405844,0.8778574160053516,0.5028420568562586,0.007720161293023442,0.06527875775786973,11.665809675555458
0.2710053389880579,0.13918558358883393,0.7705874091394969,0.10785698112290965,0.16078348273836296,0.6667873636785483,0.23962836849499947,0.9690809909686904,0.8631876978715013,0.7445401717583016,4.529076565607609
0.3431364683167796,0.056779974302291314,0.3364009582855213,0.37672986014582244,0.12743281090294067,0.12064080432579338,0.6681083300081316,0.2324024254932967,0.6780107046877922,0.5483013477960305,5.551458750481584
0.9014638498259986,0.7971698777045275,0.15137203265928545,0.6101615477633923,0.653126749352159,0.8620544973349286,0.6409567626400108,0.1407142175425643,0.25844922884581045,0.6375989537603833,19.53077666013996
0.9119423743936659,0.8915289668103288,0.35918614070877486,0.8306733097204584,0.5112878980093163,0.46434277302221016,0.3508871369210602,0.6782027941643003,0.5995976131592933,0.3746638355378855,16.8017756776524
0.7628381871361326,0.37934548079704755,0.5843872943494145,0.39238291008988657,0.11687666596292068,0.16119437565696038,0.6567388723093563,0.8112233891922589,0.46846296449876945,0.3255871911257048,12.540218677118908
0.33649748134748936,0.597647296541009,0.46768944689128544,0.0007387055240245521,0.7714719747262383,0.14231793782476032,0.6748100815949779,0.34421391174489036,0.578002586265674,0.8551173764867456,9.791574002673553
0.15427259674128546,0.777635207036862,0.03830844978479664,0.9213685806594213,0.2015865312514502,0.7944136944198734,0.06722049323822943,0.32704842088585184,0.633547395253158,0.6588246734526851,18.16510524551073
0.6988095933196741,0.3508590752200226,0.6660082278874625,0.42850143526269835,0.5659199217467427,0.5472264898017375,0.1681398661616964,0.8465982596671198,0.8671411451089294,0.20372536058994872,14.629059507378628
0.4165334873458757,0.46487577040596706,0.5489220167912904,0.022272605074152296,0.758815134585405,0.8619583074243617,0.14219387777989145,0.8966289517716616,0.8509122164102902,0.5422567499970748,9.779618435217175
0.274731710062316,0.20748967428035114,0.4891254428623719,0.5072041461106416,0.6518683454464771,0.8016374547923306,0.9344998699648972,0.7962808938631863,0.9090453225361039,0.49936849942003037,10.115024649692643
0.03888459391900645,0.05183018050662436,0.2684875256648306,0.6139862169549561,0.3352241500467992,0.16614370459480599,0.8504950967123547,0.9849947719029213,0.016641526694121223,0.08942409239035054,8.951258529854435
0.49933875546185025,0.337667247832789,0.7821512143919871,0.6543022039703364,0.06851036552536816,0.5448832108719035,0.3365325451613973,0.9651126233058702,0.4752790488315919,0.9276637093163028,13.530548070667065
0.030174590540794077,0.10327466643008376,0.386269037944338,0.886956705855573,0.5446040794302353,0.8241405248822241,0.28352963359486083,0.11149430297597429,0.24603882075199612,0.6453034111177451,11.94918106009787
0.8714170992146502,0.4549993281843495,0.19361553008450694,0.637612045911859,0.19693397122856382,0.5702877022583487,0.10229172268589581,0.8111350681407227,0.8051666566984043,0.5412554980396512,18.714173653918948
0.038182606218306825,0.28018541613219305,0.13828485126405166,0.5234558380679524,0.10173430227093205,0.8697265059530425,0.8501642883772289,0.15609807483565452,0.6948880350068986,0.6965032882875483,8.69601775814443
0.3967543960704384,0.15299909191315897,0.13210772225683298,0.7394759514842324,0.22017741385707634,0.6034537578449289,0.8658816165382949,0.593099438200347,0.9739623410983492,0.6455018928287893,13.098045828257959
0.31460311343120684,0.8524673317659941,0.3109123712700944,0.9715703795219163,0.4777319450607802,0.9532470682622816,0.18359823712147239,0.011398505229599287,0.19613129595865497,0.098368368086868,20.282808226468603
0.7339560224032454,0.264545655177468,0.6394741894562697,0.6686570401686123,0.6882453404132697,0.8326081212627535,0.14896585439240673,0.050464031446086244,0.029705131037502608,0.10379000383066517,16.245425735585812
0.37918553593813875,0.9673759386810711,0.35322509778753874,0.4529229291033223,0.814396720093835,0.918598019419543,0.9714415031622033,0.8264512246683747,0.5025160580479662,0.22947644783591536,18.169418856362334
0.5983669561516127,0.1967950467570745,0.055724732249211706,0.9193539351426641,0.48479030591605,0.5082402238871366,0.6092190260638908,0.45140855743900676,0.44443046490121985,0.9151453175644294,19.180698816454047
0.8165461289600618,0.21259219845075594,0.2917776292205596,0.6606226401293537,0.5710919190204653,0.7661593537709837,0.7276326213854861,0.7085472124462104,0.8802179108805163,0.7665530942153159,15.516018583500014
0.24284738853983678,0.8728371990202122,0.3355322051344013,0.9108944844680726,0.8242699647177867,0.07408538955607702,0.7712806145993083,0.5001141137920685,0.9771127582524629,0.45841893600901884,19.949049798269634
0.06700774772280249,0.2931365630727878,0.43020942398506334,0.5919176779904017,0.15210578397004748,0.515082627268532,0.48347280208967136,0.8366625578379449,0.30240291081530735,0.44951744397389237,7.3938134785399665
0.3886126636496263,0.6322313707591212,0.8361889846717717,0.6756241324381823,0.4650489957160312,0.6378296950517653,0.322243962312318,0.14409984176356616,0.31971792444764024,0.4436895659334531,18.316695564819778
0.4392649330026619,0.7376012424773637,0.9363453609123943,0.38895940259026596,0.08644851877310678,0.03341318481876565,0.0039527704982638134,0.938100151746316,0.995633351341769,0.051384077556340446,16.639765860488144
0.3582087039266396,0.6693451372953363,0.17894539914167606,0.5944371882052275,0.8136173598395464,0.858086429711447,0.7064206771619143,0.08176417728222962,0.34839578457648346,0.9673427767710997,18.914073045739453
0.1927550632417384,0.4539260735714209,0.33417693465582066,0.20553828469295976,0.32353608755207564,0.18951867383388654,0.8772533541116465,0.17444328374868479,0.6235441683946658,0.9423156128110944,6.937309217842544
0.9526457076278734,0.600424668043393,0.2708959232689697,0.2478978113176964,0.7474706794318502,0.9807073247870837,0.07759497895118295,0.7894685813654329,0.12298537956513,0.29818534709712874,17.011430281425604
0.5666236519805916,0.2972246973231305,0.6502611749467293,0.417195874621489,0.21911373306782067,0.5309307478544176,0.024009735158361356,0.741078349912359,0.5222888661055365,0.946700317994948,10.766574672920127
0.10278946921999055,0.7322922382284434,0.300950393953876,0.3731486833446641,0.3484867222874096,0.3580219178588273,0.4308349530771063,0.021004850918864393,0.846757356662869,0.8817959426719559,8.609095049602843
0.03955653492947386,0.7760031935908491,0.07227260970566407,0.8078135982846049,0.612987721822278,0.30635276167105463,0.6138825989735013,0.506646103975624,0.6357548248117024,0.475371777998587,15.764938231093735
0.7728745916575913,0.045269537391796844,0.3442823086944463,0.5592867480866756,0.588243031068094,0.16954498698396991,0.07452960449773915,0.020978620456929553,0.4130136247362677,0.3303871766913352,10.11600087810093
0.5678079933573694,0.4495148352372438,0.39406805489675034,0.8433205930452905,0.6215161489093242,0.646100730419729,0.38182638178203443,0.7768443161142473,0.15208757116482763,0.4020007294230954,18.95168506483764
0.04717390506861696,0.11543735286477286,0.08152585623027753,0.44143613157115325,0.697324357253977,0.3126967106493197,0.0266110617237183,0.7072083925113755,0.2074330671679081,0.722674687812846,11.574466471672068
0.00735462496149375,0.3123421011780454,0.6212307464157539,0.8711507704660503,0.7541284425726265,0.44961971993486716,0.7185148028491137,0.5375414072859619,0.8133955560578191,0.7720655495541976,12.848254547447501
0.9758521690469177,0.10493806764270608,0.3407049066854154,0.19237680548489577,0.630768083582035,0.664027697899851,0.20381068391882773,0.4215526000290579,0.6021502225529055,0.6589532016326924,8.747016844709616
0.10264698441252118,0.9210728280045265,0.03408311503660577,0.9729424035528168,0.31632582021877753,0.31634557272841757,0.44602599547365085,0.6949583598960435,0.1596017836848187,0.25498477999575797,18.579372383054086
0.9615726847890749,0.8768421435822575,0.21239168479810921,0.5730114352341639,0.20360175051479712,0.5500612576007611,0.3657732950128433,0.36242473988900614,0.6350698517641826,0.251840848167051,13.133147237678829
0.404259605194918,0.9252588494034135,0.7553647993250375,0.38328344328237185,0.23026186562166318,0.6590116303008936,0.8076896856124818,0.8607646812891324,0.5642812798695664,0.516799857011912,15.515637090220991
0.7196424013330508,0.17576683370575252,0.8521389353538882,0.07392350448948981,0.6030169007129474,0.5896935140789579,0.3107023151888315,0.035462857364521816,0.7178548722322042,0.02417412315198486,10.104373681921135
0.17961168058899024,0.5442368279638038,0.939983031860934,0.06593350871899673,0.5787869362884478,0.32889303484252774,0.6694179714517258,0.9529088157741317,0.2685903156557108,0.9559269850484764,10.44787688512612
0.870626300917259,0.6070559158320884,0.7582366720884796,0.8648880043346862,0.8034686319581397,0.3267076856436716,0.8126040768415994,0.31351884122019824,0.8670792923398964,0.2554660506403249,23.959837660035873
0.5722608594657457,0.6929236445416613,0.4257912305822382,0.7829724953325222,0.9253559050231447,0.18625309406668733,0.03344265167011862,0.6265164169237312,0.6021868625845238,0.3413044536832609,22.042987984683204
0.7854629766263735,0.826142548700175,0.33198568031595,0.6822724995992991,0.6420250716499077,0.34264417475720754,0.9691482565592469,0.3464022512680025,0.6202840233040517,0.3801264126433137,19.52306525630045
0.011833027704200139,0.0916384947670561,0.23231633186193223,0.8121681867134422,0.4420648515259413,0.5886236642753964,0.943856572602534,0.1470237116975518,0.8618193696255505,0.37923600796297074,11.799163183349883
0.3374800023629234,0.6255282909356904,0.8986385505538822,0.34853591242389703,0.7614082411877006,0.019242084525597947,0.623101612367986,0.6305586694939103,0.556060520273184,0.9378226242614253,16.627075319009798
0.9385912799711235,0.34206087680729336,0.4563642523156438,0.7923755503786389,0.8439114008682629,0.41796880483690846,0.3490265929433144,0.8206165297611285,0.3768694883953222,0.4052321926026241,20.642392227036797
0.13553043110555074,0.5429491375419353,0.326448065451616,0.5906067294228793,0.44820906746415645,0.7481364627635777,0.2777728722071735,0.1719995588072769,0.702959760774412,0.38412720288018287,11.040758121536351
0.5636035750358989,0.9410687359011349,0.4840936949781862,0.15239212924667667,0.4267035131904672,0.47853097583229487,0.7659784108779331,0.1951882554966371,0.346901767343339,0.050028319564352275,13.61695909479704
0.7019779314082053,0.7439323438996529,0.4571913688027571,0.5382686586643258,0.7498138382317276,0.26830143047393706,0.6069652858904117,0.9639193476849505,0.6579678184122032,0.07811013672136391,19.14404376980974
0.2902600693962393,0.519126605763323,0.0726707666846258,0.6765698118812816,0.6542121992729171,0.8763236906269641,0.49999278815421,0.6921385497664847,0.18201820865306007,0.0028696926893532204,18.24794185489471
0.17225399436025612,0.06221459830701659,0.42771802485928356,0.4683033372636122,0.6444726975097004,0.14077186642191064,0.21471609749618914,0.7983261625576152,0.5765224947791882,0.029363593684488487,8.346502408962282
0.8484046723239205,0.6298055982244036,0.1866391064364855,0.2520657412569218,0.5535474138252426,0.5608011815260024,0.805188663940378,0.3585826381733387,0.5493031465525254,0.5825379784982245,17.194192728467065
0.5586764177266628,0.07290584537773248,0.4112528744338819,0.3388841212892876,0.9927777182392672,0.46568856348764354,0.4352278756905461,0.4836875664225595,0.9192825819693626,0.6114538546344244,9.786356853503161
0.38914338748805266,0.9125773965506846,0.9298429415670627,0.2643127338652622,0.39339609215398375,0.9664586700483475,0.5410486888622195,0.43174507769064985,0.1954045352755338,0.3844388397446181,17.287388314647686
0.6312347247209462,0.03870114739047559,0.08330628677966001,0.0053764050237603556,0.21892733452358049,0.1829927988660186,0.8508076809625169,0.18523802261180422,0.6611810258636206,0.11835913400537623,5.387796160498492
0.5935597702689782,0.43562015170382806,0.4086681157269886,0.8565618926846152,0.16771946679903516,0.5952181582727776,0.8218640558900577,0.7138968224944412,0.983345821144994,0.002105876469276069,16.829832684181913
0.8843593145170207,0.6134513562538227,0.002484530654127348,0.4654938213735075,0.767437377139007,0.18254669511078414,0.6784771815123953,0.13966842033211668,0.8034524387896456,0.5684633683212377,23.353507647762726
0.0338866526654793,0.09087570749193663,0.8638650496690433,0.03300141705578441,0.2985425988942597,0.5669118875750954,0.21343978037563882,0.2242321657352231,0.7760340116507591,0.29099458431204905,4.567425657676129
0.03858294947632501,0.7211218000062737,0.9543659583748518,0.831933976609196,0.5485620294750649,0.4248837530408758,0.9251651708878457,0.7662254383182043,0.5706572412350033,0.879822318913478,16.064091293589932
0.6017123634777715,0.9735046676021065,0.8582904782951024,0.5504452306955059,0.9228362096151493,0.34243895368408506,0.7009270213570987,0.17127560280475662,0.8953649150583347,0.24805014988861895,22.325239222001976
0.9490325116266806,0.016991457347478534,0.6818368967363999,0.15005616970155633,0.770811472185411,0.4919059302935537,0.9096502525641686,0.7150692097144772,0.7682659886484968,0.12047936918018931,6.522291348091294
0.09656121033732057,0.8505577051866997,0.22577384358251995,0.8669418260791785,0.1425381374776442,0.30845128065380956,0.9287387292602213,0.839717833081473,0.05424264390551503,0.44809751028516365,13.43779176754163
0.9098678421436106,0.014757842125113996,0.10731948676815573,0.6451958850455535,0.10498348290230974,0.4488382511404103,0.5078227819168705,0.8602540635070385,0.9573908202870169,0.5122309479474788,10.482554068646902
0.5103603217049822,0.7267953384895708,0.19250661664810853,0.9408585406397818,0.0011989244531699361,0.0017938700722879286,0.6256663618033472,0.3414846922807683,0.39811524029805667,0.22143717585733358,20.494703162266493
0.4078023974152605,0.8279831434226897,0.6992494481902861,0.09465375584306712,0.056679838647157865,0.5061927974768582,0.730160963366371,0.6644890690964183,0.8641146937065861,0.133264617858727,10.751259127242893
0.60575263687778,0.7660145473300026,0.9378407880301229,0.10088303738469417,0.23964185072178623,0.3545914321628617,0.5407504250520415,0.40861219440638397,0.8611172840151745,0.9505269378820449,15.977298193565616
0.07007865627221266,0.6996806323076503,0.11427331874880942,0.8979551539368731,0.14209854344521022,0.9915112085490017,0.42775021193431095,0.381936882650754,0.5862804843597466,0.39435643649234364,14.200068024878547
0.23469360667903127,0.6291438441942256,0.7283635985600678,0.945321605202606,0.40911860757906193,0.7057729355302871,0.8336035165419347,0.831383815868042,0.03427013857978678,0.3557023200321864,17.015978547836944
0.013418359166276095,0.5590799207256321,0.865090426100416,0.8149180335383379,0.8112495727063341,0.351835997837486,0.04632965482070961,0.1724177216537356,0.6706913590081748,0.13384279446704428,15.106907010415203
0.12532836775372735,0.35367523911272525,0.09453482792954104,0.3297841421451255,0.969692653724781,0.01995110878476447,0.8305428072183649,0.9936216630143715,0.43640527411765573,0.9430553687430488,12.822376591644932
0.26114486847736285,0.9822973012492159,0.8615513109431835,0.8846975700428652,0.13039835881478368,0.8700624178454376,0.9418229906707294,0.8190479790999954,0.09136402324708748,0.08477663240547428,19.327808175446958
0.35760599362658496,0.70492566730886,0.012452828167165864,0.950645746196961,0.5254492661134333,0.35837244268355994,0.5612289291905449,0.7157861966738137,0.2732790877325232,0.2911236472278631,24.004995735378603
0.4681768499123523,0.6699307265601878,0.7063703349217948,0.32405663942364027,0.3224915594482006,0.48710874617307887,0.5419217005994221,0.6494141349392717,0.6177096816998916,0.37251788400668984,14.039443681875422
0.29688679026649856,0.3079211911312806,0.6454010577034739,0.4331475543813502,0.13434936229674455,0.005923059126252683,0.029677364065667455,0.867516347099061,0.45782721138047167,0.6574272039930776,8.258705886778525
0.929037496128832,0.12627985407635378,0.44761589538224356,0.5390673968786479,0.8415349072337763,0.9937184246216286,0.7116784866578242,0.6418341029935551,0.9203125293738945,0.837380912950113,13.256026603923665
0.8650441645445748,0.0027057246703674487,0.5144320915365168,0.7827285673853216,0.18145712247569956,0.7514522916030558,0.0091601516523796,0.575166691124744,0.8513281199933412,0.43134835822534634,8.812267546110816
0.7394525277159709,0.5303986699108694,0.6472909784202843,0.5166679158755233,0.4758367432659001,0.8416265796132119,0.09274318558907946,0.5846512853510311,0.1148104877978019,0.5628079116451016,17.4117985839192
0.9635960426817225,0.057097891011298696,0.42200680319639305,0.8019712002760803,0.3696915683703089,0.5203147674640011,0.11470780688144822,0.2230732752393918,0.6864252054507757,0.8285875540145933,11.709716974405044
0.6464563496658862,0.8369208794785624,0.6056574671741977,0.8102082089353827,0.9828868009369462,0.08282473413794122,0.47964963012970985,0.1898926663527225,0.4652285476146202,0.49958674483185495,23.156814222677212
0.621921276205751,0.43929798698319156,0.3247124277622013,0.043168295392455924,0.03479353370297933,0.1750083517959813,0.448986409721693,0.4175160362579643,0.19069549397230168,0.8223395717796923,8.787558137260287
0.6834932116618194,0.3431649815841116,0.7969675520109653,0.9892459055414965,0.24504242377830676,0.3625899058370542,0.9928982521122116,0.13788257130542736,0.07718776332617172,0.5209911603079171,19.601149601053784
0.4684291028176325,0.07828874697913502,0.2900360230212816,0.41893666325447354,0.8222096215636364,0.707842354153918,0.9145266384595229,0.3324999369680527,0.3093784225005004,0.46318170077778686,10.331672822736998
0.007528136907123506,0.2073200880819398,0.2114711102161071,0.061090033109455044,0.4551306897236813,0.9055202053067453,0.004030416534486769,0.628414666712257,0.8793327178468235,0.10752110261991021,4.600563892942641
0.9172582831278852,0.8185216434647635,0.2145713449138701,0.905343575594159,0.8040157862488417,0.11138909293546662,0.8305994473553174,0.5421829386993777,0.8159599085012466,0.6176649968664013,21.75627347963748
0.39185700848145744,0.6011404695324961,0.6361807406635489,0.7662061475869146,0.830681758537759,0.6632106688780471,0.9896482090680171,0.7785509388472289,0.9107649988387525,0.3194943333646497,18.929526793701065
0.31622743211258975,0.36233507621636807,0.43971628933971907,0.9614001350270543,0.07353121934231777,0.49844357969361186,0.1611605216268247,0.8108933654192048,0.03114426801096304,0.45514425716555396,13.576750981354161
0.39474102292625146,0.09218099000079183,0.37671895026165636,0.8090304980256465,0.13747465337430353,0.9835057563020331,0.0584543451302153,0.2891027731573377,0.7748991141977306,0.35752128284449247,10.222305190686017
0.48035348940458733,0.18665851143025203,0.7154958821562769,0.17954161291048176,0.8487310970845371,0.5394995452960429,0.5481568289756119,0.9335115922420598,0.7729995812545661,0.7431394864679242,9.747555680864398
0.8580401662109294,0.09181728380510701,0.7260443629471418,0.2332079131024769,0.28094634072877234,0.015146137231442425,0.8937210632455794,0.7391129321080172,0.13928713113551328,0.32792320331577884,7.208578169520118
0.47993286706366745,0.49391078224269014,0.5956539407436364,0.47218370972853807,0.648645315668746,0.8838707959794344,0.3980725552206501,0.8767109193908584,0.21961021600197828,0.12138132506227062,14.925538451458877
0.23940129661156007,0.20659265502831692,0.9850790834495737,0.38105372644490343,0.6514732689346843,0.6960526529884028,0.4452086227312777,0.2235717347882472,0.4380980134887149,0.47376088630643887,13.321479602237389
0.9540076899205491,0.5686237050361089,0.9698726053410515,0.5767126490246148,0.14499801560758996,0.3843766382250049,0.7923133259374322,0.42162226787505763,0.09973384484161785,0.09607616058807777,20.818838969041114
0.2370647560580953,0.564771783655421,0.8301549770996778,0.533712748836934,0.7460803866727954,0.6455931035555189,0.5240991851430827,0.21480792729199516,0.8831685396886423,0.2757153971469528,15.33083994697679
0.25281992995543345,0.2577976245042345,0.09568544835794457,0.4986540409046294,0.3275302877095124,0.5219419810615609,0.45311538113926975,0.519791805816684,0.2976533518877297,0.8151381130260954,11.926895553831146
0.5341930009163555,0.20843466895894525,0.9018037002508481,0.10945510083365584,0.7334344809016331,0.6784484047707735,0.07285892257024396,0.9015076153454497,0.31631242178177355,0.7408950156146018,11.417733459991334
0.27700158585084256,0.5256917431475462,0.9723336138120849,0.6107764098681804,0.296322761460486,0.4583771464077431,0.6760411510814897,0.44518889551605756,0.9107485623653705,0.8674607363964899,16.468161800256862
0.14681017696052356,0.7849408940633942,0.9424149119587709,0.31690822437498967,0.2382197139544917,0.009588746306879448,0.11565743554470709,0.960913070958255,0.39112162773753734,0.38734153945864924,11.816521429199552
0.2666789179947717,0.1640589106840905,0.5087901909482633,0.7231876565842441,0.5507953336011713,0.03545023695187921,0.8034696409636671,0.9315941516942919,0.44037674080742095,0.3664645527996606,11.35755476221626
0.22985401055599852,0.30187029983727987,0.6444475075898467,0.7701461278628744,0.3322157363473396,0.33967262337795323,0.45110131970238965,0.1702027765196945,0.9272081881770711,0.7054560684534514,11.942448187651102
0.43358342827445095,0.12227251188894417,0.8488255482246678,0.483714344976804,0.7968828840523462,0.033394087250848914,0.2736540962819548,0.6220953766914041,0.4879233212276689,0.2950719779766309,12.912979455332534
0.20113023747581849,0.30181332915048253,0.7423394008768032,0.1837073505013055,0.5938132076422075,0.4236808334326603,0.7630379038607417,0.20161852261891966,0.27008957623680063,0.3986875319088483,7.876234271855985
0.1665756087060637,0.46119477214474425,0.41605080815015794,0.9900855442807112,0.5938637092780872,0.06946202510714716,0.4599416475170336,0.8785015307431553,0.866767587389204,0.9618052198709154,15.401251601344974
0.8942308668532413,0.17629970151435548,0.0035702744930703467,0.6162526892361183,0.7024443668399497,0.1312121500010761,0.16683529919818696,0.9630765633887007,0.9438332547452586,0.156971548699678,19.356381577132037
0.24700840426667747,0.892113662021926,0.4349933306333682,0.7980726258613222,0.39598603075930094,0.7363829153080952,0.39682580305342063,0.8991790949245622,0.3255726790386321,0.5231181319941288,16.42811352341761
0.5217559077272106,0.6488713786172771,0.30670004456317435,0.6426605072649831,0.14103581954443078,0.8936135233121308,0.14417348756113113,0.8402949347783525,0.6931480693838076,0.34106707251747226,16.620149982115844
0.3274332379284801,0.9660450740822316,0.19498386222368824,0.7229587654330322,0.18368230025637244,0.905397520620535,0.7419390049014283,0.932704688513937,0.879107712617902,0.5494988836328507,18.38938403712096
0.15222910928787825,0.2214595140398392,0.20181787385250494,0.22063944272482172,0.47641414508095903,0.8677934744794119,0.023114605071679173,0.23848040659418135,0.5968029810996618,0.8653234812577664,7.423849907497075
0.2974803868239432,0.38252715918680735,0.37342540971450533,0.29369366292991594,0.6987626275086946,0.6558147224506595,0.8432750100100903,0.9175773801692072,0.9004757980921805,0.5401608378787153,10.250463353164179
0.18569746242451535,0.2221620495389608,0.5902537984609291,0.9183981849842745,0.5304314355647037,0.9357285447667795,0.26225001791893554,0.08634677775506727,0.7962904060840554,0.8793835819395946,13.29149036088555
0.44808125658649156,0.10244421767796463,0.042327294528695436,0.06255791559583113,0.43911445958314343,0.23481499093858516,0.46192323650675804,0.4884895024693544,0.45809285207537664,0.6199224069906447,8.447540116917452
0.6794037852756041,0.39594539578963805,0.3370317121680766,0.3684012844368808,0.07018153006372063,0.3216307528946637,0.1999126461765347,0.2908401720636167,0.714397100707578,0.9885384346760928,12.046533530248556
0.9235529670092874,0.82162531452743,0.7371970667271741,0.9449376492010593,0.7520418458033918,0.47095467046433315,0.6013619257170014,0.30578497109037983,0.0033083377869728148,0.35361289433166343,21.20740768113491
0.4048298516019796,0.7330921575882825,0.8592205040229379,0.9626547178694158,0.35179175335625423,0.9573969363651117,0.7993855566935719,0.03084437773572002,0.5952608470368022,0.3656417997750937,21.99654530842404
0.034011209254917074,0.5315030828643044,0.5848170808863692,0.2522307548315975,0.9398797509579124,0.6104542371697033,0.1759636533705432,0.7212568590350434,0.49913955363422924,0.4732340454203948,7.933187497773082
0.8345332627840525,0.1381797984582429,0.4909867381721712,0.7807630546162803,0.66038843885921,0.00541365745253275,0.7874505921442762,0.9446719148357704,0.7046688348417696,0.8759009248945573,14.655220137730648
0.36081171896117314,0.3506031457915222,0.32086453005382476,0.7349694269510021,0.9420659566545672,0.8854007713128079,0.15021390072313368,0.626107734984534,0.9959582795273278,0.2953684174458593,16.57219278550796
0.6347847930149039,0.9066238302153232,0.8995481401108271,0.3214752822265887,0.09392491493193567,0.6460089590708924,0.9469674980767966,0.5079837278591283,0.4577073946350565,0.8639484072972977,16.59709062328588
0.42459667907424603,0.6809287043329337,0.3886423577382374,0.3771374928732564,0.187807565341498,0.08845167030280865,0.8851606759140292,0.18121982423608385,0.062218402186168476,0.582308108953288,12.84300004283855
0.5459967483081921,0.5677567033058917,0.4681048881004888,0.14193635221813483,0.020914833099567764,0.04641392722443005,0.9431471458353586,0.5318542587261903,0.39972093548330023,0.410831816156799,9.814971325089145
0.6521953481916019,0.37666277759418176,0.7964590664844106,0.2599429172686947,0.3672591294815536,0.9349968156907507,0.2602836741979576,0.6615858973776735,0.36456727612317996,0.47119711405159337,13.16743584713545
0.045188286048121196,0.16723389000681144,0.10191278415858662,0.8447151477310042,0.9616912582224874,0.06797461431296348,0.07684577019424743,0.5521689419865595,0.5040349247756386,0.6505721327794468,16.662464655915148
0.7368058354965477,0.7972194656894259,0.14908338024503998,0.03783572923748413,0.889158872664231,0.46954089371378105,0.9712443265209896,0.5327694852023365,0.5100273755007387,0.622979358912807,16.91244024007623
0.17014398154237875,0.2540405050386362,0.905806459723717,0.21232774998883686,0.23297083198334556,0.5099841626808433,0.6411513535561527,0.0009038666147412888,0.456781190591003,0.3990131255607414,7.935445215607296
0.8656191925432217,0.8396974670366248,0.9059234520086369,0.8420506104869651,0.7867113636571794,0.8590049607907662,0.1748065244338488,0.3408490916843163,0.6836183249699443,0.9231309585678324,23.215556435263935
0.6669087660239568,0.20794890441100888,0.9446650638195561,0.7603418039333262,0.7165437561544412,0.76250661731113,0.6591446908495096,0.022112583761142557,0.25361825963934304,0.9565718399596519,19.360995259582964
0.2886042800899101,0.7716264844886526,0.4244839704091298,0.9075277158512304,0.557669054576704,0.6318859968545918,0.23962516750207696,0.057523406443117264,0.7565562934849605,0.06764328949737264,18.416915651305345
0.7217981913191236,0.5554928619618247,0.8200237129568554,0.20577308947418138,0.5415296219335746,0.6141713873506498,0.07429779332681508,0.738940683875285,0.3890294352144792,0.12891408937917825,16.333463989600734
0.38706493329050873,0.09830148571663955,0.8879958730374661,0.45675990071564243,0.13802806205380302,0.2520956777277602,0.7246491033662454,0.7860881671751591,0.041316395167162456,0.05988020739054556,9.461057087633279
0.9171851712224569,0.330982227889448,0.19332386746836805,0.12305763170323791,0.47595747808411504,0.7710526944379391,0.5211177675544634,0.020673679623888552,0.48390496599414956,0.31165707722893754,13.646987633506402
0.6828591701719823,0.5235089683929264,0.9653371499344201,0.5981641540368875,0.6324809661065655,0.5202307733585855,0.3110054872914795,0.6306031579174604,0.3329116332384875,0.7173481476344775,22.489138243091574
0.23684643730412136,0.36766136831172136,0.5836483265428065,0.6284917023884552,0.6686128612581496,0.7003164687135485,0.31830637722377364,0.8925764076347728,0.029933608254474553,0.18842993801833352,12.469603402180196
0.07014081956761054,0.6715369723857042,0.2736652364752271,0.19915350725387082,0.4806674875736381,0.619047521747136,0.619246089253789,0.5574525294462371,0.9919863600197273,0.8602147771551125,6.893784386523629
0.23886020511652073,0.7587162596515795,0.5692972219797887,0.0705190488424079,0.04958108492272184,0.7996190528452413,0.5449906896759358,0.5713248888545308,0.33626905487276426,0.9303480711250127,6.439915882180808
0.7133477822503708,0.9277724952392585,0.09926725741591202,0.5837293493614354,0.6375272498276152,0.12599332275927766,0.34626498810368045,0.214804347198167,0.9844589755824147,0.5434151911519908,20.97197476955805
0.31526091297902825,0.6644966520453187,0.6595476204252423,0.34733037594251437,0.9939228589844206,0.8089615824889931,0.4003181697814371,0.6600593442969642,0.7105396227289024,0.1738165196630881,15.068425188553006
0.8781591721274831,0.8260378099003624,0.7556749307154439,0.22267606104312765,0.1362498148074317,0.18054808371023612,0.09301880925796979,0.9402908299681347,0.8514944495937362,0.09077946687890659,11.811445119961604
0.6779707060060214,0.24558735024077627,0.017273653311937087,0.2923921375273961,0.44003006931279354,0.02003815862086733,0.32372003082781664,0.7003526292887589,0.22842845903449238,0.48489297532579867,14.780059064637069
0.8875809130364618,0.028390983208982368,0.785637145599726,0.3838928236362087,0.5411498910361231,0.23087172766139863,0.5789484606603936,0.7306996495265502,0.20153792967743744,0.3432688177663501,8.967281803643221
0.5673789977078711,0.41678099692522386,0.29315287788881084,0.4516874328968764,0.2908277671805992,0.30187358337478365,0.6106336772932547,0.4770652716716981,0.6770722246435351,0.837444998970784,13.591002681777578
0.9429653286288974,0.15135133078026752,0.6261903451864209,0.5823995382612611,0.8669452562076814,0.8958899051158327,0.760502591515349,0.595461829015076,0.19926279978566397,0.27663839738933704,14.812130232787744
0.602767088802969,0.139343764293967,0.18396417341056293,0.9114322696086902,0.95631200866921,0.0052347049271832535,0.8624819278530844,0.938013574165115,0.5257394715645294,0.448900508809563,18.501623048624573
0.918799496321553,0.007533156736765245,0.8404858362467178,0.2965760660430491,0.6411622060432031,0.3231980283578073,0.5229447410391561,0.808317162239063,0.1812689576743719,0.6639186190254209,8.707610747663754
0.8983368355371911,0.901051708548984,0.8941209370088473,0.5184634350954728,0.7677012532329965,0.4468577452934135,0.4601633871770425,0.28385427161657273,0.28522746881586514,0.0378243219650638,17.764936633702785
0.5314716239068339,0.3087609144092144,0.18768643295974108,0.12171281877621498,0.3469988299574538,0.8990105620065529,0.5164015754536818,0.556935973447102,0.05432788012310674,0.5198463415299011,9.832860722258333
0.6676117409566431,0.1507152198594892,0.983553795981712,0.9151144877879656,0.9931022618236406,0.3603169804885008,0.8222991561214585,0.3287357165715541,0.7491295736618664,0.9478297826450094,21.90180790376444
0.15502061629319708,0.140319872271352,0.10440449375645144,0.7983507642811442,0.6666336051002972,0.5223151586336727,0.7739126539637214,0.8499231777848663,0.9495284295795903,0.2012510496157084,15.12943408686559
0.4416766263583114,0.9230133417659938,0.4613237084975723,0.48765502401575556,0.9424452306970122,0.7346762954955773,0.5520481591867035,0.35728619865239997,0.9153494688670134,0.008938503294808386,19.20098209541129
0.3210061980830644,0.9460731579518614,0.4982037968748033,0.6238546330825986,0.5326155972072614,0.3973607047323061,0.6652824394537331,0.7664747268552259,0.36442638183386,0.5905214487053608,17.059549699599895
0.0827581449309982,0.5475979147588649,0.7477496315366798,0.5852438399176223,0.8784476300163263,0.28619318720594866,0.49175606990855003,0.08747995280775378,0.7000209125620629,0.44289151160500084,12.891182194520393
0.5303654744836348,0.1283946631401096,0.9973518258794984,0.7719200266050015,0.4006297733009594,0.5699597173854625,0.6187171385551994,0.9607660308321099,0.7683886101161989,0.3496668191002218,16.792547241256784
0.9777057083552767,0.3017963078337914,0.5769460651385186,0.7006676785452025,0.27112579239169754,0.9563610946762986,0.21610990226372784,0.44177322390059925,0.17987330164687754,0.8749875387729167,16.47884824564803
0.2216012200830617,0.03474143320147438,0.0389404025303941,0.41375337536595214,0.5227776086213014,0.04163863172413773,0.09286534643481825,0.09746295449339948,0.6685012848318432,0.29981502050720854,11.244780440509121
0.5625726533508772,0.0736959710746754,0.8921155602807018,0.30443326842306984,0.7782007235370306,0.8267030708436713,0.9879086373459112,0.7410389038657531,0.44280554809232264,0.1526278163932404,11.309232500699725
0.04787222888411735,0.8862598172467037,0.4466633918877,0.7499636801553958,0.4963304806607789,0.8796644771580013,0.7496653424750589,0.08545775934710997,0.7521469056415742,0.2668141487415848,11.367132728747126
0.7730562115461422,0.9485150012507841,0.9301322089969728,0.12500023246398828,0.05467223920654729,0.7769816399166084,0.7099617122642987,0.17617247702018446,0.6845673333709928,0.015487865894023845,12.656723878620353
0.6311620848425216,0.8323055559011369,0.6418390009055488,0.06539642073935881,0.9909723706649283,0.3560914791332198,0.3804781915554206,0.08475133730803741,0.1671176816619362,0.27117579351541077,15.979572371435797
0.7992023695299788,0.6917488078194305,0.5836488297641262,0.863893214548839,0.9978051900130605,0.3847744582159668,0.39122342799138765,0.7360893755328096,0.6443488277075152,0.013393447900397315,23.63039599977614
0.6554273047345044,0.7196083899631894,0.9859365920753632,0.5867710026453947,0.6844178110941063,0.7887477052745633,0.09595962056739515,0.7346521759088477,0.5468657139087001,0.10007558293073726,23.9728533671422
0.6698808430641064,0.23450427468768298,0.5378978534010095,0.28096020971591584,0.10453637697002982,0.2508644173008785,0.43880662210825816,0.49412885867243206,0.14848091929982232,0.3209786243327396,8.098231029616436
0.8593906433865881,0.9103821318439043,0.5351820865306982,0.49036160808129914,0.5814091246550603,0.21456945588660914,0.9935711490896145,0.7452727209723394,0.23874587943954684,0.27214640730242157,14.152017251862098
0.6484123875646826,0.3228465291898984,0.355316771979564,0.780942670160249,0.266927049685282,0.7052411965292109,0.9348848634303774,0.12413515699823774,0.14428419465909392,0.9428731008118159,15.67534311041098
0.20351925723588538,0.020900831598747116,0.8685079160200994,0.28230288699847095,0.2983539350617844,0.2269211461851217,0.9176668981384791,0.7744186470009599,0.5967924559760044,0.45325831567575714,7.164390860401785
0.1435301187602761,0.9259867705171417,0.7496635971591542,0.278883537971196,0.9474960654406981,0.9351909411648991,0.6595188273128846,0.9850035570515672,0.18724824548079344,0.7313903595877,12.82808075946229
0.15217611363174222,0.6916912080143945,0.9198518197088097,0.5360975615336193,0.7630666375267848,0.1431217286104426,0.6331945703897671,0.06319189613231446,0.036897876175256195,0.6340625826361445,15.948687388895777
0.5728085801661565,0.32925114185428095,0.5129296101777527,0.6843401501031771,0.6447278177077649,0.07363251145112826,0.6781193214714616,0.6595330792736182,0.669613991668419,0.8473532613490187,15.654731439217134
0.5767026426862858,0.9379008581863693,0.9800092796301229,0.7518438318071317,0.35868175380763045,0.1430984156096068,0.8201399190281806,0.1466323359344146,0.14616942202626537,0.9190425561244531,23.837629544424594
0.5598726743029245,0.2933329732635075,0.9629838856008812,0.7073306849843404,0.5348445092028395,0.3294802547720813,0.6766165313893417,0.7308951676547136,0.7121101804104166,0.1953376488156806,18.968146594632678
0.6972442369649714,0.5814468756351512,0.8500762419230575,0.6247688010046679,0.14627668164193208,0.3185327161308392,0.743817665273264,0.7399617815057729,0.2227147894302386,0.35459331693249374,18.991852979189446
0.015319641542071438,0.3317045481548404,0.026339017493530292,0.8728707077214075,0.6666472443241764,0.969147770477655,0.8919242403480362,0.6034752819198068,0.5029286633722841,0.883724490734674,16.708674052983334
0.29841508710680664,0.22351824084023308,0.4100211181592719,0.05319784537619199,0.30197182490998997,0.08368032668904068,0.05266093704206365,0.5513398158275484,0.7081652139361997,0.5366745204281356,4.28394011733155
0.07057737656574192,0.3949693507974228,0.11095143539146912,0.6500636449567052,0.8264064689039325,0.11670572260842271,0.066852765505515,0.405951941536261,0.3034736765166972,0.26068985079831375,14.53447278175959
0.21139613595384799,0.3169250166415214,0.9653744363851433,0.8576709444814763,0.6013570893529527,0.8004745605632646,0.014735537752948669,0.11145531872110659,0.29246154606387753,0.6438989998123973,18.004220466299596
0.883413987604649,0.23114015848701364,0.13920245658451758,0.8479193534340715,0.40913564422126303,0.699508440171436,0.5480287180947836,0.17591140284918982,0.7005753176010302,0.42077818614410234,19.112264087121392
0.2877485381706286,0.9026982850742541,0.00598582228052047,0.4048697319847483,0.30051199432269504,0.05447949088672077,0.08042326966945001,0.17228689391354302,0.5049997266688925,0.28264355340141867,17.716567462607035
0.8378590119956973,0.2399759006003529,0.7202211984559103,0.21037667656631287,0.04255256277424435,0.2646217252741866,0.8375685256441098,0.0822511432742804,0.34449566283776656,0.008016814887079171,9.191389355546587
0.6302445701818143,0.9427597847265307,0.384366176326397,0.576917932774858,0.4522845066088823,0.9733307398886833,0.7359986616560087,0.04422300168573001,0.10872466603291542,0.47048083206132474,17.863597300478745
0.6317459292763924,0.29039588884221845,0.6746447096482922,0.5765253961775413,0.4350925779242544,0.5822970258211144,0.9164635295518,0.24320413873967228,0.7912119336362285,0.011957156279548187,14.000365343533026
0.08479832577619062,0.9496855278207114,0.6977286648424654,0.6333172087475545,0.33405526777338523,0.18433717991677556,0.37991607252094317,0.5983901929100619,0.6343818513670577,0.16955066486173143,11.28845668603402
0.44550192024829893,0.5667584694795451,0.9599608094339183,0.5494231045854612,0.5805994101076591,0.7651886847312628,0.4189119457511381,0.38386784110584204,0.5909092084329078,0.78330781058458,19.75471559542244
0.6375817163497141,0.18613114955121335,0.39770028070173813,0.5125967983291704,0.5237443846830823,0.33959513894879834,0.5224146422290782,0.6729753919573452,0.46797271317528,0.45134736364222405,11.596470743681362
0.8015828246494835,0.756838028209624,0.42240495317605886,0.9960133420451096,0.06647098736753443,0.32599573690704986,0.036830504433338795,0.8394693823886296,0.7556302263012027,0.6836766019803885,19.856654344411936
0.21447222323209103,0.707718848332019,0.3553117574647391,0.8685695018126325,0.19950164489388322,0.2178407620704519,0.9605862903449571,0.51702014775966,0.44638573982998,0.35174870387691404,14.69172458451018
0.8312125208057458,0.35270754761409306,0.3561569706362414,0.12333415072376863,0.52072638438525,0.9237499910166088,0.9575392293586598,0.9955155419605077,0.4730705386422389,0.7749480833836053,12.213079241142314
0.552534732285385,0.547957746254994,0.806240910714474,0.8353579786972213,0.019793254416408335,0.9427898542388701,0.8229835316062867,0.7211087642950411,0.8520323727212364,0.5372632579692072,18.469150561966618
0.7732635213230862,0.5986490042562098,0.5429307239840149,0.21160772232050795,0.8474150296349755,0.8838710166161918,0.9711926244543028,0.1204386659356167,0.29157419446390265,0.6854056795619486,16.322216140628733
0.8552293495203315,0.7513041753377596,0.455592099581824,0.7259773988662549,0.07212490649743442,0.662538447418253,0.008012861309172226,0.047548770736504875,0.7572955581393032,0.4776270455086328,16.673882512541727
0.05955098408711135,0.48186119426701157,0.0627543304705318,0.3460322432117042,0.1573726055311332,0.21937246539189192,0.19560560418311468,0.3717679249556919,0.10790831673317236,0.5277364499400188,8.971130120869379
0.4071010137537614,0.8398650434200675,0.8259250922704733,0.8242777822407227,0.469639276134729,0.2907886087762608,0.4154012740996672,0.6873717386847091,0.529786356482415,0.6243041050681296,21.507332398794077
0.6937177386160651,0.9183632949425639,0.9439758329498322,0.8404699985140113,0.0650614965109978,0.9793350046453114,0.7036307261702739,0.6933921491260452,0.02310598220936666,0.47939992129530384,21.759181817221325
0.6264996895156622,0.27850940385040357,0.08324003278844272,0.5324448611250153,0.446294558245209,0.044080324138582205,0.5194180965915223,0.10771683678860311,0.4245507755273954,0.27041291023875647,16.240910873580468
0.9704708113777909,0.03473323687771834,0.5600232360909704,0.15192032210595696,0.3192941115712613,0.1839009715307931,0.9951468797123554,0.03236206711320766,0.5413564591406672,0.608042714658387,4.244706754706163
0.7721678956955529,0.6259835163317904,0.23134690678373016,0.5980388829968575,0.9749668766753669,0.8484517686047601,0.4534971138552021,0.4774082177737754,0.13290839762233442,0.569925122835963,22.285059240720436
0.2802433929964514,0.10811425542469877,0.4742094054142564,0.04507128402216243,0.12013174342988941,0.21904398587395313,0.9906346168791987,0.8084816002702894,0.5417583363656534,0.2325653842314067,2.015087332236847
0.5189198888498054,0.6489970860780717,0.004563917022544994,0.9878936040816121,0.6267810005280847,0.9882464745678939,0.46906579309813234,0.6235073505622747,0.46146074221843913,0.009483642777262435,26.635826101067558
0.8498917160952997,0.4490016105023933,0.47093619192677616,0.35996413935292737,0.432656467539011,0.7255507166350357,0.7006244813591657,0.808378955676464,0.9746670691763248,0.39116523252295954,15.096000500875004
0.33895951786252343,0.4935250647767212,0.15438956247763125,0.7580296120286251,0.5811379250931314,0.21134072633695755,0.8640350520056262,0.6190625173897032,0.034039320325389255,0.19651688871592077,17.891731270442182
0.8910934871926031,0.38104555641165005,0.9843515857275805,0.5297522869609391,0.20791514692247504,0.5938945598565543,0.10235093851367627,0.8075147175000643,0.6278402091012841,0.9639466197949512,19.785232910307275
0.6901077906924965,0.04915035566549075,0.47642824053523425,0.5313102423893735,0.9167759658120743,0.43246679155663603,0.5935135727652595,0.18595610469037227,0.24462614079332723,0.5485867645183811,10.97167748524411
0.6969845637682128,0.4354607009209911,0.4326685647154924,0.25599428703976745,0.6981307656215898,0.00547287571078825,0.512768640308113,0.0035647550316522114,0.5934679098254814,0.03090649159133907,14.295747786299401
0.9400670798976386,0.4779537622211818,0.6840227313787992,0.8535984745650939,0.23542211414466074,0.5400539021346633,0.8634495842408936,0.5377736080092311,0.3927724962045982,0.3688698076136945,20.26384481804809
0.3841083600922499,0.61543128833449,0.04566114551783074,0.41538287458220535,0.560589128746821,0.7863807874336549,0.5299937456079619,0.9261727351144866,0.4437729923703895,0.6507941511563512,17.847662757594442
0.017581112794190834,0.2384480673905105,0.8154573463985902,0.5862150551551009,0.9461730610306095,0.7528764373162871,0.4496638582502889,0.7787112680783531,0.46778678162401155,0.33016887142159523,12.714980090667511
0.047096071982964505,0.8656233638198734,0.4189417358894446,0.685170285024421,0.15305948529765023,0.828962356951751,0.82420044603869,0.482147596249793,0.6721447081076867,0.5214538418828122,9.025658146528377
0.5522659720690399,0.8888015671887535,0.9669157313406077,0.36749894310333286,0.33173312624376716,0.303807436079506,0.7707587938091672,0.7228974596306105,0.04380007604925862,0.08844089070575578,19.68973419891286
0.6462049003064708,0.2749586242239288,0.0915803160649502,0.4136637118025832,0.877482829262491,0.3663117835134724,0.6956300387833838,0.9005748695761311,0.16931308134390222,0.60970173184192,17.1567610214674
0.9076592420778726,0.19341309438911303,0.9887126137883723,0.36508352984691317,0.21752581020440875,0.8378194514832966,0.4679089853213132,0.6706781794550349,0.4896072140755521,0.6435277979376846,14.755060293151777
0.03536881499690048,0.35018022653248504,0.657311859302041,0.35078058204530416,0.7757546200942937,0.9608845089316642,0.03741144785555306,0.855318155245047,0.16906401749676403,0.9173370942145613,8.270521857655636
0.9467927460984521,0.5691796046171994,0.4790121214881128,0.758499895309104,0.9180215118610634,0.23244607206232293,0.38244144180352546,0.41753599490488047,0.8458212472147199,0.13691702100429215,22.109353987760585
0.6230441822561943,0.3509413035378325,0.8855141253543269,0.3397908784523713,0.977946284826768,0.015632109013896778,0.23955362269668012,0.4573209132433972,0.2563245829841969,0.7373935111403973,17.601614133732866
0.8145514690690876,0.6975079945422467,0.9703984833089404,0.45603800153602614,0.9797697953768585,0.12461063044989906,0.8459446542530193,0.038441288857789635,0.5319165664283612,0.4844716128770613,23.656363614921407
0.8562996167322736,0.7007324402289807,0.44105652024665687,0.8956715540147001,0.8858693971585211,0.024731833328095254,0.8710185792233621,0.5265853566506833,0.838960832664477,0.18132359604617343,22.965755879629963
0.15109551937925192,0.7222031457029517,0.27535769519009423,0.558840551505265,0.6888155387944344,0.610407508972952,0.6989654734107645,0.6203572827750505,0.37912803116476035,0.09049441567271221,13.403170295854284
0.8553451479566024,0.8460082198881138,0.005679062535137502,0.8408654976200182,0.15098880607468568,0.33286260306393667,0.4133486417031502,0.6796308488782048,0.09241548527305177,0.8266455892134613,21.68262382950847
0.9427477862870044,0.9526958686313398,0.09183800151895116,0.9193802535702474,0.5678288970415076,0.7269285625833536,0.9305967064992454,0.6609954565914286,0.456739445679299,0.5251118333696205,18.51020640611788
0.684503479039147,0.944698901255866,0.8898086980624091,0.5770672553159917,0.21101026907793308,0.3467291246846258,0.36180749825992775,0.2891740339853255,0.7467455841016601,0.8359876016280009,18.822095126679663
0.31983089417649346,0.8461259865482451,0.7344374078796595,0.4411164796345377,0.6986630299108879,0.7693383112842795,0.5610311042698535,0.4431133892764727,0.10171444692194787,0.001369671119481386,16.517617914790694
0.9372513105826416,0.26748477911149915,0.6629840205834842,0.9433611585013026,0.8182912783790818,0.1225828042493744,0.8019124504453412,0.7263930989760119,0.32939710268723177,0.6896017983506721,21.142954778944958
0.825887225649845,0.2914219088697245,0.869029274680798,0.0788143840640756,0.5274544542312556,0.23321965646054932,0.7280104945350767,0.17486599142830284,0.34145378917207914,0.12738575679471464,13.01013377851675
0.81191473895551,0.13227478399124482,0.7231516059877334,0.7072302179572338,0.1423683871615984,0.5660510763517281,0.4968793183125032,0.5945045689824755,0.9372276325135384,0.08053702243535188,12.090368368089651
0.8205037303723468,0.8621074619474167,0.12627409032922632,0.6561061383591726,0.702123147889142,0.5486662825182007,0.5029299582923314,0.3178184261252458,0.6890815862629014,0.2855466580556282,20.817163829712122
0.460023187037104,0.8573691673170316,0.08954001310625737,0.5283702569689203,0.486074060521,0.37848139808695225,0.5975296928382908,0.01562650170645652,0.49246957495019583,0.4856905404317594,20.538451189153015
0.5161122916423077,0.21244025631713537,0.20759650057094203,0.6472025582623911,0.09272750588997392,0.30592152257775584,0.8308159265355876,0.10376377081321497,0.4680659893526772,0.6686307477945304,12.022484694911489
0.14164436104768585,0.3124628640464947,0.5587561807982272,0.3272278548967431,0.10993777791777792,0.23240636209139898,0.1094153450149965,0.983555713045802,0.23564860381306685,0.5305539706303803,5.276962416054259
0.42852190996839334,0.5695135964159953,0.4980911119868018,0.7271618406684521,0.8730138970481874,0.28529938728966897,0.18360676552431587,0.9843398476809011,0.8660724599352974,0.36391828629628253,18.5744037983372
0.8947868065729792,0.6705463113530141,0.4374206400107381,0.8734219519460514,0.6752827186331977,0.8264512228572864,0.41775974305230357,0.7987154527838223,0.36692693919405917,0.7350790865007168,21.69956070486798
0.43553054184624795,0.40519460481774505,0.7966329488715274,0.12503678154392772,0.928209021490593,0.5086807323061816,0.6360743987410244,0.4052614928599543,0.6458746494792665,0.7098514498098689,12.915664522887923
0.8684773354970053,0.854378714587408,0.3578147000403964,0.6158528709731044,0.7805772983929773,0.7648634901018825,0.8909314488955629,0.8319435395305138,0.7178559262211771,0.7488552349145273,17.71209460095969
0.807443756421509,0.8378885106523652,0.3526690287367976,0.781810733836197,0.9492089863073983,0.23296338827113383,0.04823495839853564,0.07239629145940996,0.21671818037377577,0.919790366610396,21.49917395404084
0.12679608388349473,0.7476030443558185,0.8670438311189046,0.8775210218837566,0.4167485849112248,0.4952617349823082,0.32324885566441885,0.14734438987681064,0.21217127487341536,0.13478514207200265,16.48756779345472
0.40752226816727577,0.17034558339886485,0.40340076264724356,0.8511891287399997,0.654515628177051,0.662751780095645,0.811866077287529,0.041193507306971244,0.7945108947770535,0.19634884214127624,14.134732372218501
0.3459269046027924,0.3080428235540186,0.1056555479052359,0.1737099209677223,0.9563471968931715,0.6002722567988084,0.4739717612944735,0.757794782524617,0.8137393757112773,0.11026285390554669,12.914496693851326
0.7409054154641047,0.9323965384882089,0.5854360817691904,0.614156951487997,0.870407290102308,0.6794825593918636,0.9952675116626833,0.28269363602310305,0.8454805779343398,0.6124092208771837,18.89593264576836
0.3657355405859707,0.8830596705908978,0.9962462561099985,0.05784936882546876,0.9255227566662934,0.20311100262741988,0.2051880219064991,0.041756091937605655,0.9221877339216589,0.7593980389483715,18.624159621213586
0.05344918720596015,0.6335352094020658,0.12013443941842739,0.7514052214522089,0.4090538429544306,0.05177683362962959,0.8294074490487336,0.5724132747533887,0.7728681786366239,0.6745308510669328,13.507077253243496
0.4343961747050934,0.6986664595350609,0.014753460913559335,0.3397375589820243,0.7778533960269276,0.7630619068136955,0.8874093672096532,0.6110455203582075,0.9421968020942039,0.5577122066160269,20.150200902565736
0.5004540067075794,0.19721660896071558,0.7788364191746733,0.6920571548710033,0.4607606846614418,0.0871087481047752,0.12570238078454454,0.1144611959542261,0.37559930808919606,0.15897757404680202,13.830607849140758
0.8608420992632065,0.8993461204826652,0.8567690646256908,0.6088549384353267,0.596355398476708,0.8909240864758278,0.4063081606638055,0.062344319190884456,0.47039315711516794,0.5537104626310506,18.129699855827884
0.549452144980179,0.15900407951108309,0.783412973328587,0.731966909271249,0.22985293373080495,0.551229279727182,0.7903282086868517,0.007684622974177269,0.27515480679055215,0.47203786775337453,12.785718376183604
0.845031600224057,0.798967269870568,0.15099252394785923,0.46274189374552965,0.30463670917372687,0.4014336595689192,0.5406248117973406,0.4993405641541294,0.1415746394333136,0.12168812270846696,17.110622773712656
0.13026890684309733,0.8412882829415532,0.019935354890541324,0.2024046335913604,0.9558917781176832,0.06602133323292814,0.036321447812176166,0.3873293247425138,0.1512005628201284,0.565763550057856,14.788113413172248
0.3385809759176933,0.20896941261575985,0.9986017164717694,0.3411041224626711,0.6410064486395823,0.8741130398055963,0.9223871531983777,0.410127303278926,0.9761562579660522,0.7245653183985243,13.79266173809679
0.5832757513163708,0.6932793327116064,0.36013777314507056,0.4244053837063372,0.5862690537623607,0.326834129427076,0.7688117415554079,0.25108680062791844,0.7968055098088141,0.15215733778438334,17.118747841680367
0.21739086777168437,0.7530939205312629,0.2631415610381753,0.7953942519079669,0.7838699966561087,0.2573012392225995,0.0730810161279537,0.166360581285678,0.752526728467616,0.846994205494568,17.914831386436283
0.38305551208080624,0.16421883124025793,0.07546974939076134,0.21581602519210996,0.9796848609457912,0.1702730166304578,0.08616700531945898,0.7854735229339901,0.6154114954165634,0.5348213507723067,12.624481637986353
0.44785255195670093,0.7018412875140863,0.6983549936135126,0.42442590717942963,0.2342278450313916,0.8412634560270817,0.16462230260078514,0.5340063135258557,0.6926741155481225,0.6388769649965699,14.548642664169021
0.6187943305368442,0.6625061951460653,0.8756549164755507,0.3653925709863981,0.6274365066559733,0.6969666807822159,0.5903265535401836,0.9030026421471025,0.6547787618179394,0.42442907781660255,19.21598359462994
0.8455871011442061,0.4895679976460119,0.5301632739043748,0.5822795040222516,0.32278468713790354,0.7225398325950791,0.09812618711327348,0.8688492015914965,0.7545377522551885,0.35363180194596366,17.091920124490414
0.22639310502720378,0.38789794553136747,0.8050525774819134,0.03157079314239786,0.46792425689225214,0.25411021287088664,0.8749513999200131,0.41384157389515996,0.6978983278806123,0.3578924903331544,7.240471519026834
0.3296996681710821,0.32587287416916244,0.6781746111659592,0.9642408935724864,0.20814475389782983,0.6439012346666534,0.2654344325611806,0.5493500523413476,0.5415988506671559,0.4500460193620689,14.62966218445653
0.498644147502154,0.8802311481464378,0.08860452519433304,0.8302831410221562,0.46231333128603813,0.3335940356999484,0.17714597443906355,0.8148064585899678,0.59204223153612,0.7283757209067844,23.815793726310666
0.3149632565649625,0.3929592622917767,0.9136437288252001,0.9611822854373818,0.7398421789662738,0.7494260152900298,0.6944002770699375,0.5872099361405738,0.595078329939338,0.9638028903639676,20.5240960839685
0.7509115267716195,0.655341296096433,0.1890696028792601,0.9770739747605568,0.5202933697240338,0.9437132297461808,0.7135575375715087,0.04008083929456974,0.5389954997549631,0.8926821186053077,24.30268377941293
0.05178068550843007,0.8667275503264962,0.6133912922210016,0.04452726202053736,0.3735983306686712,0.030170594244007698,0.0017162977563409676,0.8964251295111764,0.7485783008770357,0.28947200714947197,3.975688016123363
0.11371053057344294,0.054432582006866514,0.9172223307171551,0.6255568521927042,0.1605588876649,0.6814619634479463,0.9988907161325469,0.7880274203907581,0.44653230698830704,0.8141766706144284,10.734290864003833
0.7443066819104128,0.08865319779397485,0.9256966253051806,0.884103247939733,0.5905595230066324,0.5081492057085736,0.2277413760641238,0.8344578896099744,0.43188640958033253,0.5793066912111566,17.476352519605268
0.1700874849721956,0.21382275819043606,0.9852013242242857,0.49399996989742223,0.8157428784034227,0.8297300025354334,0.9815103305919716,0.9829040154843145,0.4569554181914083,0.9503203775181783,14.867188836175279
0.3654544194830749,0.6076391268666632,0.8217124299654819,0.9137865373453247,0.5238392242252408,0.41785945811458547,0.7285180536398341,0.4559275683648336,0.6718014293629487,0.8042189078923684,20.25111650951523
0.8411272677215678,0.25431404168249283,0.5714581210396483,0.025034263345733443,0.7977562116013333,0.12509517300750306,0.8716845005012508,0.40680960487157547,0.16726827782306508,0.7958149143997514,10.56692602926329
0.20028638703344714,0.394414673675063,0.5668761962167804,0.3600299385377119,0.17902874247449108,0.40609379603943063,0.14424437058844397,0.7191554625952729,0.17150496431882578,0.48238253637038786,7.041224158176387
0.5603782536948749,0.945066939354006,0.07825835410090143,0.9304552750185958,0.20822635732528083,0.8409362646397617,0.09049525417767512,0.9887023772824622,0.8076327528888338,0.06295109934795962,23.859813937750456
0.21411104343201548,0.5485449931177554,0.5235720111403708,0.629269202956075,0.4635066771583849,0.7341643057962399,0.3484856037463476,0.17638683678438283,0.03377948502000916,0.32476561279248706,12.227967990045421
0.4268788326106522,0.6590687148023171,0.8064563462240392,0.24006280160390336,0.4932025742693179,0.23373387224547693,0.951165348729867,0.6475467568286077,0.6779024007160032,0.5312241493569239,14.476898140264794
0.28182976896510115,0.2004298809392393,0.6566455140829907,0.9217071849899563,0.2128936970227756,0.5717643343734469,0.5293249717969972,0.6416530964299325,0.5877899432544627,0.27279460673221556,12.537591919402198
0.6914416917188727,0.2726598132797404,0.6529936797693213,0.2999333530963483,0.08242274374613767,0.1272233051605084,0.8340962474377552,0.12135526111881867,0.3305132207324504,0.2876417514347761,9.462124118278547
0.057859709121094616,0.59951953337261,0.7987854708761457,0.992329786932079,0.9360320849797318,0.04932611167365031,0.2575086985542352,0.4121182615300186,0.875014347363174,0.36008477835066566,17.47651426206992
0.5703123439177584,0.6595929975455969,0.29795873657108574,0.5819405442136567,0.050885505396412456,0.48018328407121114,0.37853573855098444,0.3557545973810129,0.2348928993110576,0.8177342360339804,16.14309345044476
0.8819230045590193,0.8881284767717318,0.39610698382856024,0.25916129800641297,0.09841229257412343,0.6724076692894153,0.3301677650916687,0.2766662651846552,0.37143812000443976,0.5547236785334687,9.59452096286781
0.16192526266031726,0.9613375491022667,0.7326140945405608,0.046785663544074874,0.3067877856109169,0.0502724371688561,0.229489199370147,0.28659088990557335,0.7179797279347058,0.7187398554862774,7.781728518813863
0.04532530863217743,0.588127646837698,0.9609106311925408,0.6283650452977527,0.9605473257452513,0.38055911696983447,0.4597782911522137,0.49548651199645855,0.9239470947050151,0.3802810528497932,16.171637192223933
0.9834184083669464,0.5431260351434317,0.2181207225336692,0.10368804859719982,0.17287275020088233,0.03928274292052547,0.6923102532649756,0.5169041800773241,0.7379238925560896,0.7822621216757473,13.432967587120617
0.9313631547190794,0.11699832768883034,0.18610324411884327,0.5482743215433141,0.12952431288518118,0.0927217265052177,0.6663375988472318,0.7247115157685488,0.8434004928947234,0.9157466783846674,11.457843157244008
0.44249944465459834,0.979874338209716,0.03788699270258533,0.8701276220172703,0.3214758580703455,0.9217145021280578,0.22260438702313656,0.7409936544478564,0.4254567760313054,0.3814648400257188,24.362798501831325
0.05941945128628978,0.7059117267174235,0.1753527602966264,0.46299316819081304,0.14130811416941802,0.6044778181320027,0.23106123471947015,0.5943965308312691,0.9466157803826566,0.9209185003835537,8.758316067407714
0.20046435910899807,0.09918560946031219,0.04266110233556686,0.8285046196765872,0.24930758225940763,0.2839373643558689,0.22624527834886554,0.840083955221962,0.9789019954063023,0.7551866509300353,14.339003829378226
0.8235778604691902,0.6205004605193377,0.5287749083964787,0.721578004790515,0.03576287880622031,0.061400525603396705,0.6872734885761836,0.33506996458705807,0.48883435644827467,0.7819925636599101,17.40515074420162
0.5771579084069339,0.8052618746630578,0.4191552421706435,0.28742335297154475,0.23483690888386877,0.1316809510731971,0.036796522273958354,0.05314901568340458,0.2709988271328142,0.27841259434457,14.117926235982441
0.3817845290332107,0.5916173712395055,0.7592995351320607,0.19770500805875724,0.7592481765989892,0.13898952779136775,0.9886936206898731,0.2850337830826134,0.8373350147041493,0.19046582788915334,13.633264014652308
0.9506427804372567,0.8266267852122119,0.35938926054703413,0.4214717260948545,0.003837993522976091,0.25143224431296585,0.2892964559519515,0.45273869895992847,0.1390498139951667,0.4787668881222493,10.861469244048353
0.6684684854192521,0.3712822981433185,0.232195275565526,0.5477164869538947,0.029003902960276995,0.340837450776448,0.527590242908014,0.3358428161985224,0.34543142609752775,0.8482966626372033,14.08732893042298
0.9339917871951645,0.8273926473486587,0.09886745007848918,0.2897424443809963,0.7112943666916648,0.9743927950026582,0.24228154847008065,0.8982104790893005,0.7390149871630681,0.9834503663795322,16.219447075987123
0.09358548174173409,0.3947457481930373,0.47811500233450044,0.6720826252445783,0.653972036275129,0.9063453447142307,0.8386731225883318,0.055372668916179646,0.48654012300988714,0.40706123021909957,11.158243795010794
0.9971445865253747,0.4272581942444913,0.6826191400026863,0.2844294331338906,0.6146289559173769,0.20663308861843332,0.6036066556496119,0.8681902385879811,0.01923779144588711,0.504586409539346,16.315695611264683
0.9823706243563979,0.15926252244832007,0.1834123280488884,0.470823721101543,0.8709931803269093,0.5627596094371143,0.5087086445705841,0.08675705910462117,0.961986014574681,0.3471159314796992,15.787399504807723
0.25180715214756266,0.41174394474305165,0.4141821617058198,0.4585331087280595,0.6885382018791651,0.8679465686144652,0.0573128801268562,0.49076856466670526,0.413978124826072,0.010880112818823284,11.375231418936774
0.816489450902502,0.1043132011207234,0.11474800950700492,0.04829841805170332,0.20042163381448386,0.17681628155449824,0.34786583608849486,0.6592703942510297,0.05429422762847902,0.8602757601747865,7.097374851698538
0.32657861535655586,0.6066073310719251,0.012005112210754287,0.3658079150683671,0.0020509119053683245,0.16545827357721665,0.44785043047131845,0.5350874219497498,0.15292859972134565,0.7452162776156523,14.26069875854985
0.18900366552060455,0.1158450921570573,0.33342451276117435,0.5514286636609532,0.9889018164197482,0.41871572963515025,0.4259964172421108,0.05933347011652168,0.7658196731593034,0.18178300186104335,11.70105760938436
0.7448035645453781,0.9106168777299414,0.7682207620913613,0.6424534204122149,0.6039162954886297,0.4536328924145404,0.14454269511637696,0.7788386091217523,0.4773222703925938,0.6256458231356443,19.355895458014324
0.3740152289134424,0.20072271968043431,0.8065084637882626,0.34239980557379013,0.8666800289714118,0.9657249025226818,0.8299885272070364,0.1281380452908507,0.8550109273574434,0.5193578254132324,11.973041353880468
0.24141160089764646,0.09315603362614566,0.27850983912991467,0.1374270821762149,0.02564458220143273,0.9877643491141077,0.8315422484030264,0.7389492630968597,0.19301377119327878,0.027736438950848763,3.1895750524049977
0.48520388257469105,0.7416944299363228,0.9628373633597624,0.8438836886031547,0.8935023559945575,0.23866274774102803,0.15532601762336873,0.24778177009337177,0.13857947325836095,0.7984838237117923,26.237288413875405
0.9030430609658255,0.30734202626172047,0.8769261829390843,0.0550351801589134,0.6773565396271768,0.5274932098957921,0.2767432956197823,0.7682010953414372,0.21204728144672835,0.4161494874275561,14.434304448258148
0.709859336072883,0.33822898114186206,0.8553601855897258,0.8654270106396394,0.20253041972801933,0.4403899886650794,0.4320126432897782,0.41004513530079567,0.5019721381862785,0.0743663140853692,19.040185805686747
0.8700499953341905,0.2899147783531113,0.0018123934538119002,0.6851039326690107,0.6504720837608738,0.9831622132676261,0.7192472144074453,0.3327061081562782,0.9526175517984088,0.3653457992623681,22.187877931267106
0.8212446859075975,0.3356740692451857,0.04870831349019955,0.7337848609943546,0.3502109307518656,0.3388876990352857,0.7158516268665002,0.3220378610700598,0.11801270421302457,0.4045102519056054,20.779910912960798
0.8238440395488335,0.13020448800646023,0.5544807757638369,0.13225929394371383,0.04918284843948173,0.37870977456529276,0.6578833163302649,0.2749873331962748,0.4457311477374176,0.4913309247431227,4.934377175514918
0.8412902813418962,0.8189792084053514,0.002347209850922294,0.41391899421916933,0.6560910319600197,0.8523961705615941,0.04889778331779282,0.6282483184109164,0.8420194975661153,0.2550760205833743,20.661247568054215
0.20525633136665666,0.4678493876066028,0.9625795817735429,0.6928863945079552,0.4244850464717135,0.020862799944167176,0.556725863437884,0.3487880017969158,0.18571364215303654,0.5001481022022287,16.302173778858858
0.3413826339672049,0.038724682791928755,0.7255060202316683,0.7325829199625044,0.6188314497587254,0.8408206534962315,0.20318154378100617,0.28620155161413063,0.4586557828766654,0.06017518398717969,11.852242848883598
0.883545779908167,0.49062860790651497,0.32466324227745036,0.4779634473630291,0.3251298217362385,0.2862634204326847,0.44801843925703455,0.48190467238506807,0.4333453933722776,0.5479309532061978,16.80265976355702
0.7833790022848519,0.05726819166468122,0.8115186866124906,0.22853439235618134,0.25209291655706756,0.5994664890668177,0.9756713027758329,0.017399333552498675,0.6731335896142853,0.6968972059160002,6.891428126459305
0.573651796007669,0.00969011439622025,0.6063517967866069,0.1150213090526434,0.07806768925740004,0.696061584904948,0.700234555618202,0.8899118681936705,0.0033804689093162033,0.3787598541202084,1.9413900838815183
0.012271998955288854,0.36466254619424443,0.4916579383346227,0.5297291615500275,0.35593271356659417,0.725301368106488,0.41559492275121823,0.5171265423132403,0.8000876009861674,0.17430276633440045,7.218932970547413
0.32089523256181973,0.5214296006680305,0.767618224964933,0.42535542748900657,0.07276677227003481,0.9888305318720689,0.7079107226828931,0.722735135947622,0.46510491152146904,0.547040056942646,11.06765922845633
0.9940484437835113,0.5951157036774508,0.218929466084955,0.9643797397192534,0.5377626824461089,0.020673348874929776,0.5733514779903137,0.07047560300619526,0.5275883103536512,0.8253316838683724,23.501648914705484
0.5388663711522191,0.37345333390966473,0.882609750835914,0.9275900779296463,0.3474909823997637,0.49895078397699666,0.9829222960897368,0.1781008458877097,0.29815323600574495,0.4284224556745372,19.850520393548493
0.10088829741580041,0.2720425685242448,0.544688686854613,0.22849806039044174,0.6862849854038433,0.34767148209558973,0.08979493630683111,0.7645330248695975,0.5674163041769693,0.8248692827397954,6.617517850266718
0.36015161712986044,0.01937943537229536,0.04668849393279462,0.7954498218751572,0.4106412121127878,0.9763857052217986,0.8303083713969377,0.016121882644064556,0.8699802000990142,0.21286617387519868,14.336781698600747
0.4862649294290312,0.5061213479377499,0.059721202155363806,0.12566564642211286,0.42304740142540054,0.6426208765553482,0.2644169773403404,0.526400965938686,0.37913537859535573,0.6303635057524667,14.232908639222018
0.4244373012958731,0.8516330999216774,0.983744068549565,0.9130518325239902,0.1686042354218258,0.457177678623766,0.4588177206578854,0.840466391747634,0.35718932381962987,0.5496018693821493,23.721474885228186
0.6092790032330994,0.11152078559720435,0.5579611305943046,0.24684148835463215,0.20661688034146253,0.2503155801522714,0.09935199866756084,0.0697302506219537,0.646866369400544,0.94097886388748,5.687141398363491
0.6879996211440641,0.31185560861273953,0.33504659496639444,0.541389203224132,0.8663018763116723,0.20246455034858224,0.46851136179402997,0.49894672244284366,0.9312236222091098,0.5361528781577578,16.5311417161439
0.7808586732681053,0.08780117989925063,0.3269236127593482,0.6114234532780711,0.6776379319200084,0.8852121506921019,0.5904237448225795,0.2895792106181415,0.5390952386967243,0.7115300092915097,12.23880331831131
0.7843452057177921,0.944584270689341,0.19075264266504366,0.660945160740756,0.20030875552698324,0.3178723289884682,0.1427644990314486,0.7729937439058874,0.9139995204779162,0.02992880225111305,16.794404278008734
0.8135080348312418,0.24175538311379774,0.4869692094347693,0.7482191796815088,0.5068543220343805,0.2312498989031918,0.9061657009200169,0.5935826429242279,0.9312555832051334,0.8466413379362253,15.812755153363339
0.8765876425546024,0.36171273499063983,0.9873151305698361,0.852394463692882,0.3376069915192076,0.8964153574547506,0.7552928303212915,0.7251370257538344,0.006225830459886561,0.02256791768352151,23.355150195341942
0.6947925338696838,0.2786835448917788,0.058518347167107576,0.2859510607711101,0.8379094744354909,0.4706117971613364,0.6155792586722861,0.8005054142712031,0.32337447188446256,0.011145908220815626,16.661894339367617
0.3233210858109554,0.9566783898808188,0.4822849857220396,0.5698076037779537,0.7604293598010697,0.11493337857995478,0.7339359668307356,0.2977544464474057,0.38816149560412805,0.26948986414332543,17.7651774140472
0.153545546126846,0.36146137380946264,0.09463894874199363,0.8447780598969542,0.30594635175158647,0.6536173183268514,0.29669555558645166,0.21070404175372515,0.7136570983968322,0.62400382054013,14.998651189761876
0.21810493121894947,0.6120961483863823,0.005001677739518873,0.1769146066002123,0.727753978397809,0.4101506665261754,0.20362888694892745,0.5059163770202552,0.46521700102013375,0.6339362925019291,14.380566021949205
0.07253831994026283,0.8193496305255951,0.05827677892914829,0.4538552745398071,0.7104730236683353,0.34481103466490737,0.9101185300440596,0.7552318563556685,0.4260480648574394,0.18382639377285492,13.849657263422369
0.04343890857041488,0.8016643274207074,0.194274245856226,0.2696741743788347,0.010378363050580708,0.018226884967541546,0.23041843416800067,0.8728684862716404,0.7808230484565093,0.7698731150124427,5.709827420050725
0.8270347743480663,0.18661356892797698,0.9790652893434416,0.2321926323466219,0.1499298509392426,0.2946446936990189,0.5304533421568117,0.12443062040961839,0.7386210233842017,0.3715266890447765,12.322496599009465
0.568416535617164,0.73423602365008,0.901893747595618,0.8193469667232646,0.5374686744522369,0.9911728954846164,0.529739188008214,0.5359721582608036,0.15848819500154276,0.14872053611480207,23.775992238271346
0.1687011263154936,0.5918213609592567,0.41517191348542504,0.3858845016644289,0.12755829253030615,0.3810902117787788,0.3779898724567522,0.6208143764899094,0.3884096991648074,0.4187620141519077,7.725969383115937
0.2725429592579276,0.13150391193082744,0.3000108855544118,0.0427653403388879,0.20370996868493196,0.32495245298119946,0.14564629192598288,0.6649696553528436,0.28076502822903593,0.6155275737308912,3.3696999615617447
0.6438856123439716,0.44728827842314,0.44910644331675453,0.5814632624956018,0.26245635217183594,0.02124496719173108,0.6450245979351994,0.608525383815407,0.47638106447167017,0.8757656105084641,15.041650064328838
0.5086248327392646,0.30349466370577827,0.7135324537630495,0.9624035203964506,0.7368788878177079,0.9088478840691755,0.11271427828667469,0.1209863320770892,0.15460570627440995,0.702854436821958,18.88200816958587
0.38970706295753355,0.4777111290826047,0.26192011521757985,0.7361058067770009,0.8453479825677414,0.1602141351955242,0.19273412646185173,0.3394007664586657,0.2801665949052924,0.5315365919340473,18.242283022536245
0.7525792113728736,0.7932736944557736,0.20844968774921802,0.17558185414201455,0.36369427545006894,0.1477239628053415,0.09179706570246293,0.24258155508871093,0.3939437768932923,0.5878416657821812,14.813575943181934
0.7232787995118204,0.22281150642196856,0.8186638030341402,0.03367076155673354,0.4440459967372382,0.6330765459162652,0.2912640275985351,0.6836919469416829,0.8670534753046839,0.08936632049199689,9.43716765071514
0.5125604220620792,0.018770503129605154,0.2795742861949746,0.13694027813634424,0.6242750048273131,0.2486836670637934,0.28239816975264365,0.20563029201712035,0.2438025049535807,0.2251102153806609,5.764734855648077
0.6978713209118528,0.9558103998258435,0.49023142490682114,0.6003877957126077,0.818106143387792,0.47610614784696115,0.3020243677318214,0.9509748214929562,0.9061565523978422,0.2203597628273748,18.750816381257064
0.7030764472428945,0.647139536527076,0.6496328496513674,0.83060301894338,0.674105621170416,0.5180038430270293,0.8460659327135871,0.2648409980340024,0.6792255218807519,0.7015202786914431,22.02454404780829
0.8703202106435368,0.9983076368662595,0.5575512931970142,0.48441392886948764,0.6006832308821931,0.6586776146438371,0.7129842247204912,0.2812205617724908,0.4870323891442093,0.3709205795912942,11.918485669784724
0.03877328275938141,0.609523436431167,0.8748145225729701,0.9214727020489827,0.5174236528175256,0.7658845768531853,0.7124127404121214,0.2288979765730219,0.06291054361048032,0.7478564049424932,15.353341515186248
0.28269439063871304,0.54938245035409,0.524064376359136,0.8178739055763553,0.6446456608877698,0.847147313331283,0.7522359815777421,0.9998313187333344,0.8638749688439841,0.2110766006160164,16.10137820701586
0.9613889191433146,0.34013430863090943,0.6078400236668663,0.9413507232198668,0.21416528461812645,0.8572989620831469,0.9531526051089116,0.853750147780053,0.8191713289324091,0.2646143662623349,19.27600776503952
0.4070996598985891,0.7603340337260827,0.11816541997185925,0.8883725313109967,0.21025696718380726,0.5648066805537417,0.10505950625502414,0.1851899466499609,0.5855000615955989,0.6346421614802833,21.113490928914292
0.26975151893089977,0.11909731493209241,0.549555928670929,0.8406378394583061,0.20144559156687913,0.6915653096511528,0.3858810698667646,0.9430880632296454,0.08257314836325091,0.03996835438844959,10.470298948578952
0.12430826191129729,0.7824448401466484,0.9227697328273375,0.8224766452295009,0.7178320109318842,0.057584658074301354,0.21381159057480725,0.9353790625954098,0.6227930603638328,0.4683242074591695,18.39693188717374
0.6523121069451119,0.17859376003514993,0.8928689621553996,0.6563036282170529,0.4712444747291429,0.4573755902317863,0.8223775367373537,0.3078685397377764,0.13713180124089552,0.18566954436216354,15.58493677989992
0.0811359929206118,0.5078629269924753,0.6772581929956171,0.9339852012340072,0.7508149740101938,0.5831107146439118,0.8639539354680342,0.8922130602010315,0.7123856414990997,0.056284594220268325,15.013247167124293
0.2917623138748262,0.3361859583687222,0.9973814137308765,0.4641625762680818,0.7618852459781745,0.8137972739239339,0.6532601189774285,0.018276464141310234,0.019349483884287033,0.8187779165950888,16.431756491534657
0.739239973431368,0.5361165286604228,0.24886571647485412,0.08671369956021735,0.16426836664808697,0.5803237744050354,0.5458266359108075,0.9412669281281582,0.9572767180753455,0.5760068464239333,12.424039755547746
0.8414326002055262,0.8122495161110819,0.7523765669345344,0.43733801543255557,0.38940631331286624,0.264133973958233,0.9370950085740012,0.834425349915305,0.17711577542664192,0.2524630909441802,15.97894409433149
0.5813276010750644,0.41359977354440713,0.2138976458100369,0.7911565517268461,0.0015531287244644476,0.34327653347126375,0.9293499125660167,0.7607679981465143,0.40128497802860785,0.9287284185823506,16.41189392289441
0.900803205731812,0.052583723913348646,0.12794109728725245,0.38723029790477137,0.9293976515571535,0.8442051697664837,0.04776171420092412,0.5123309377442603,0.7202532954131515,0.27592268614372706,12.77045834494984
0.7225244997881359,0.3697254883885569,0.27405650068071585,0.39256482703074014,0.9508010002842705,0.9052943759321139,0.9139512865151337,0.917379108457462,0.17827409112723402,0.8960613990555901,17.141962964899946
0.21227643576366706,0.8381356177314694,0.5418988859865167,0.23996227754693467,0.3985204129926908,0.4333781834356808,0.7331712512848984,0.6060214715477952,0.816782158815681,0.3968049873974486,9.730221624868276
0.7435905356855468,0.792804500850439,0.06314428333222577,0.37563816608832135,0.8859894925012046,0.7049759184234528,0.41844634742017817,0.18297425252186872,0.09661083693871797,0.22935080898313887,21.610303719193467
0.24469244218936603,0.3706619458512288,0.17692164256329146,0.1460475340506331,0.8440067562274352,0.2495382421691763,0.5616053692068298,0.19929954803464045,0.4917535061400673,0.27671201355069663,10.579068911555511
0.08679967811956202,0.9821758295739266,0.4578061165360583,0.39304739828842883,0.19912213043017757,0.49536588039156726,0.6352189854646604,0.30465007811874867,0.4804184004116585,0.2370810450137134,7.608073541609705
0.5277130817235696,0.7872144801536947,0.06021344617059854,0.5178389675652312,0.39936308231172946,0.07404134152831032,0.9405090649104018,0.2598429844307546,0.5646115349848225,0.37262025107869245,20.69252473385465
0.2711327070255668,0.5271806506222187,0.6890285964634723,0.785535200864181,0.6339244750441213,0.5262959898284719,0.7772616495150755,0.5174558997864371,0.9742268368983705,0.5267407042619688,16.08067752892375
0.3172471445578816,0.44636199020064116,0.48999007828912167,0.2834860877042754,0.15874282526922712,0.4313834141955857,0.8970328196377668,0.2555311724645274,0.3618186649072821,0.757723015204918,7.933999880352837
0.08227329214048806,0.8250705509981526,0.7202788184161599,0.5497641407563197,0.2094787943226969,0.09267856116679873,0.23171910866390433,0.7614952393082074,0.9334946190299817,0.737888191841617,9.631916279792197
0.5276170217278547,0.9506827373373291,0.8285673393728552,0.6558373208754616,0.03790469721635292,0.28773350812184706,0.308210091365009,0.3472452627957221,0.3893856571022203,0.9393692721146227,18.906900862933856
0.7418724080993608,0.6919349870571638,0.42651495881173496,0.3375496083014472,0.1195781907752903,0.4534954735959158,0.20534237547567202,0.39101040374300944,0.15639126052775354,0.3439959102135133,14.07262406863297
0.042979369923949684,0.006023200955492136,0.869909222881396,0.6412641068917574,0.5876666541328815,0.5137940163279677,0.7267291772963663,0.7361656050283192,0.9352513679431235,0.24441050000085252,12.0957637492906
0.785198809868333,0.9911577402258037,0.029021859530037775,0.3739854257309839,0.43603586760993895,0.8218323316682081,0.01374341536485535,0.5986195321350689,0.8925788100152923,0.14762705845252178,16.772804663520894
0.11557361686297973,0.9997864387066695,0.8259589346989895,0.6974185154141039,0.39898123259545226,0.8539629741688838,0.9227730055410107,0.732408548065399,0.39809477974649177,0.5835371078352136,14.644951041887396
0.09851726297308983,0.15802047510762451,0.7830373428921408,0.029315472153112032,0.049195997302384664,0.5080234915859527,0.1705292762587075,0.293704077650797,0.3988314247870419,0.5222554006522371,2.630217631207581
0.28353472127729795,0.48354646909248944,0.37068457915513164,0.08103110957801674,0.8671273830352563,0.281365903205251,0.6093732661473082,0.5698002152718847,0.19916678234966345,0.02995817043040072,9.655642764741017
0.856931414811984,0.49768985547726696,0.41446751475271426,0.7629105150313491,0.03315892171728407,0.7652152837183755,0.4089144633737234,0.551623705320333,0.7524392405465417,0.546810592023354,17.675707781558106
0.06177222346151101,0.7286008912297187,0.7863416339967855,0.4618931580385729,0.4390594063171548,0.25192555963553787,0.6441627574311359,0.8819885139891295,0.6559687408649841,0.7713248890094715,9.863298515288314
0.8374556446713294,0.22614419326398583,0.40210433411708946,0.43595961519368787,0.5589003648810794,0.04918212133593092,0.5884071710226527,0.08852148338343291,0.8065698912805918,0.963021987728105,12.950631670569964
0.2897590058957943,0.5066151248109416,0.8231875450067684,0.31465400604730287,0.15777769334881364,0.7390625237018742,0.6983616211557877,0.5699454606721711,0.9444367954338945,0.9551223034663017,10.47443142481723
0.8615494303810376,0.2930200854185935,0.2253659307523257,0.8357406942938232,0.6513608913486458,0.39612603038768956,0.4097564765672521,0.8533321828885138,0.16324726322393956,0.9439734097962446,20.248000361904676
0.6332152935116366,0.7913577333744244,0.3708665544213604,0.5868963602587237,0.7499904939613866,0.43512997220784055,0.487936341606241,0.5820798288641306,0.06340699093150404,0.8631865213579848,19.95236531629127
0.8666779357525394,0.28141767280698426,0.8798225367722,0.7451948076587508,0.4831914078537357,0.34776402472808765,0.3993789202534246,0.534418915431269,0.4125207018915913,0.4202383241091522,19.687443871637466
0.2031233736235467,0.7078120051561908,0.6095915729505708,0.9919014870216227,0.1412442042024702,0.11373834873502087,0.5159322991358004,0.15199076351007412,0.6106211510666819,0.19611510866900805,15.230189261302826
0.4829984978710389,0.6113114498424205,0.4580407890349235,0.319985304597185,0.7823160826127934,0.8546580243258411,0.2780498342465729,0.8133937346704774,0.3916340198383159,0.48762363849252466,15.148440531901375
0.23174968783433214,0.6257237757616229,0.10092671677695386,0.5916375259707396,0.9897180818337541,0.7534663072226222,0.895039308634425,0.46419554019459885,0.14210534030233135,0.28846189382469134,18.449865581583914
0.04902967421812998,0.5018109724269486,0.6496668718933538,0.42448330597889217,0.5632048989835985,0.32070224832214067,0.08585809396551392,0.4319989924421884,0.547797795361043,0.9826347930886228,8.281037366252402
0.3472734045923962,0.6777696574769968,0.8226244411622469,0.3353907277090499,0.9299312391371575,0.3388312871699497,0.9698043097478197,0.0021569178726476013,0.6341733233886787,0.7899262477501527,16.824044002795326
0.28006041895831235,0.11705027370359511,0.02436844088422352,0.07440693636244089,0.5430340427630345,0.839167403545615,0.06313086526548861,0.11318037793176872,0.0051030021140930915,0.28227739876357827,9.011777885231494
0.9212463861110514,0.2762879978632985,0.4408144470101548,0.1789573957516517,0.11628453642676884,0.18239444660798854,0.2104328340810755,0.1302888257802658,0.7915530115032727,0.477245638390396,9.612019997095198
0.5397694275614893,0.3746505752925574,0.21074284085304962,0.0939016645423193,0.07592570306458868,0.18514202574569083,0.8501761932985958,0.2165451895784174,0.35481959170104194,0.5727516437501641,8.926296492150831
0.5114131050087121,0.665820629731518,0.1943148295510546,0.5240489287058553,0.7677491594402841,0.3875069547543638,0.9718943983880618,0.5779494328927345,0.6748265578186491,0.4590877396549543,19.718868698349322
0.8578508439527347,0.4514869239966878,0.9422803135846202,0.3074905429885293,0.8658194057520885,0.6393531736763779,0.7990546694056512,0.03770128459292155,0.2772796517532524,0.847078853808263,20.696068677008377
0.31833369342244866,0.7126553533602723,0.992188814581423,0.17716874966870289,0.4175459405037415,0.16512671076614827,0.15428645451090994,0.6330428265035916,0.19137603676747883,0.48265394893715385,15.243268961294223
0.9779414736219691,0.3331294820387588,0.8736298466854626,0.39636506141809624,0.26286491061244177,0.33625170311574293,0.12768647734379102,0.678985155953763,0.5090199446862135,0.6138304631448765,16.609158553114078
0.30309277773012167,0.6534649654097023,0.16459888829164748,0.6524727160011986,0.08113815818427395,0.40027315555301046,0.6097530487071474,0.8553175446092103,0.8124150260948385,0.5269500770175879,15.008745709209133
0.8833706973681431,0.5059029652524404,0.5171667156215617,0.7205536466773473,0.8777823227711383,0.6027164962920855,0.9441917559196537,0.23258606605261378,0.9243094290323951,0.2216529552412192,21.46152144812428
0.5264154971449863,0.7960317962239665,0.8015841672968079,0.2781592621694644,0.9858952202966415,0.08060342211948479,0.034782747065574604,0.8415294590437338,0.81901891057538,0.7128174464133533,19.208443642432393
0.8507740241149272,0.13755925622735377,0.09568754492975928,0.9694026331109296,0.6242379927925454,0.9198467471931323,0.9064432242122313,0.6531398393695,0.6284745129296568,0.35994580397347886,19.678974990368154
0.14911005595199234,0.6866049526758755,0.8178605699463964,0.5446237500375036,0.050869140115346934,0.14491770569376927,0.10196033841520868,0.6578316486290033,0.5647890871368679,0.46650029394368064,10.882474493283183
0.5434085559009647,0.27595484235425793,0.8047271715216602,0.3285452513725057,0.6443011938862274,0.39087424663197745,0.0721665249729957,0.2569514244211959,0.9650983273954684,0.1905371204414904,12.90281100463758
0.10492869356110734,0.2911521922269835,0.8779259079646561,0.30602642432635896,0.4173801396292133,0.31007692130236764,0.9889735627046801,0.9998750991412935,0.4827727532503182,0.7848257095685199,8.962015428634064
0.22005983756639347,0.3742951466941641,0.6793396714287383,0.28632840056518993,0.2246987428531778,0.9222378819955203,0.2442980759016512,0.059277818940873805,0.7510880139748173,0.2432682879288014,7.188896817081055
0.45018414737870416,0.11155703396591798,0.06851557840669709,0.46044567173450324,0.3370883422037583,0.505925226932003,0.9657832552602018,0.4073882862479439,0.6026571037428614,0.09759538230173237,11.584682723808413
0.885917604994843,0.8058611034443959,0.5224070055934384,0.18337687427663074,0.42594991938769566,0.29738399590864806,0.9945167553931823,0.4908382885334217,0.4222331049850023,0.16905831610996636,11.798905018434493
0.23910894936952576,0.7115877141878026,0.5349093325747236,0.35803131270470434,0.29701368587745935,0.20074024624364117,0.03389789285636169,0.9771499686073849,0.7531103509106298,0.9278708151139984,10.184143178437289
0.4125508663942884,0.8693827503152008,0.2562499219098139,0.5098348139075558,0.20247943985405548,0.7703371653358073,0.49760200693305656,0.5362729383947819,0.8594546297035658,0.7392174174664894,16.329355747532045
0.9662659567326525,0.4053359991826443,0.46145472247118935,0.6153386857597826,0.4533124514941862,0.419615379668294,0.34057174192995066,0.8318842193270926,0.5334893636426988,0.6074031291775674,17.87603380893918
0.2040755339175453,0.2517764804111512,0.3397932084208005,0.46536897630816454,0.043927303610969304,0.8883913615873879,0.9037122544530352,0.6616799200523457,0.3160528341559218,0.3853183046622599,6.993844656927925
0.7340509988710859,0.2862910054802734,0.6089180226130352,0.9062710781399254,0.4104478320577828,0.5870487639628532,0.9285897870687977,0.3405815659089687,0.7596397455130505,0.7551218558958238,17.48506058358795
0.9284951938053967,0.8585893191831488,0.7488281835850277,0.6365154281042583,0.24118829099815775,0.6706486726679592,0.27644346615183524,0.4400196053561892,0.7096986368343744,0.6748942476569559,14.758293673809582
0.4011990928864997,0.18267568597605655,0.484142454087109,0.2699729204722542,0.255434478693333,0.3267935854465648,0.7062377584856249,0.4972858319678406,0.37317097682414335,0.9005948141951763,6.264093310932248
0.7067806742984265,0.49465282733127647,0.42128836282921167,0.8188968312176395,0.1729244939274701,0.6641539254371533,0.0210152988980693,0.006960713063091761,0.9317836931581412,0.5139885782411714,18.082012524373656
0.3151174255636324,0.7946962043050462,0.9848280059757824,0.03441379141953416,0.037960694246528814,0.8547820523637306,0.5567147997645109,0.8827417417420819,0.6946430769738022,0.4705856515505227,12.315555170147038
0.16134592481514798,0.38986114697189045,0.7871450925587021,0.2339175496161644,0.7123664939909262,0.24734457912666807,0.4635343781630348,0.08543200431090237,0.45499845873789513,0.612702544309042,9.513357874029152
0.5633180416101966,0.40646651439630743,0.3696952757372959,0.2753987574758803,0.7671040657074072,0.7826380976922465,0.4830275499337794,0.3825617648945291,0.6374229723027085,0.5577323220951714,13.517904133023295
0.6672554664096588,0.3060155322106729,0.788349559287096,0.3167428108520901,0.4187232718746602,0.1324227282050664,0.8553693222929191,0.6442737463709866,0.23528705879041334,0.8517180538023115,12.907800682543506
0.7047930079820119,0.4421802555022494,0.9898428312911868,0.33720975006103526,0.09954956673654669,0.7334590483822618,0.75704903977722,0.058965106035546944,0.8194191220038876,0.7759415138734931,16.968518187525955
0.9295963718255849,0.11854912255288841,0.6008095582809007,0.21942254162336916,0.39944195305103347,0.2650908291024313,0.4492977020040493,0.1128763284209442,0.3035155078592878,0.07091872867986293,7.7880605401934755
0.49183198805116135,0.2966832096481694,0.590308551814762,0.45644618142016824,0.24385308956767981,0.1029402185959305,0.7533166884070374,0.6331325540857738,0.03292999631956017,0.9893655599706145,10.372120523337433
0.6424902745976204,0.207180786736463,0.8404968730739756,0.8821007218066461,0.5736853967913229,0.885572197876194,0.029171763423279207,0.9451667111673736,0.05720361408693553,0.6423900639604377,18.06919950300818
0.34589463693980005,0.039312351446165295,0.9292883069351798,0.13535765925540744,0.853744187423979,0.3303450090159695,0.7411640027372566,0.25422078980813856,0.5834339377276563,0.799553807144939,9.735128236726394
0.5661798303301319,0.30655256364296535,0.23343573391123285,0.17480559678175467,0.838812522043247,0.6109426251343064,0.5086779247574513,0.249580683828736,0.4337532485406709,0.6200628083546562,12.549712694536812
0.0718816535120469,0.36071493657994314,0.23950365174781496,0.6465149062621776,0.6062690079619933,0.2994154946451709,0.04163072210686514,0.1828127508067824,0.1600620755949096,0.568394334962377,11.667337354890956
0.16929145635436993,0.48233435427289817,0.6145288373231816,0.8795655829997133,0.24502756297339012,0.1859129362492632,0.1732538331330602,0.3604293095120823,0.6491812193185408,0.671862420719731,12.820358250052376
0.21096190065662423,0.131233451860838,0.4486779337285698,0.1411912819562925,0.8129207449497415,0.08388144748525073,0.7520933221797597,0.04264791551779734,0.8069841159949945,0.627151675589833,6.3978575042605925
0.32237310585828616,0.4055184947646141,0.6736172405573119,0.18562814400131378,0.890320669089437,0.48288713419189466,0.7601394943946658,0.5066960257744356,0.45227922846496804,0.4696155623576074,10.90320938061539
0.3631247107734441,0.7327541956705592,0.8461524437415656,0.8543966643062522,0.12114571393407714,0.7613679053506286,0.19995461970527773,0.012178345024572712,0.27545903527924664,0.2928685982319579,18.965252945799428
0.809789054083428,0.7423963152427697,0.08468457028813392,0.3259613077877195,0.2512998466801655,0.5954551877860335,0.5415119732513967,0.6789128055772071,0.9107298319849904,0.4210735575840988,17.46485146900231
0.6559240108994772,0.9183524917390006,0.5416805844305528,0.3082809800502456,0.40290015440895655,0.754613656657924,0.7200111581060012,0.7484154016865513,0.7432968902773425,0.9204588986899616,14.61935512784753
0.7640051458394751,0.8554370861230555,0.5737116506160231,0.644171386741776,0.9677194740192528,0.8703008759847547,0.7773602406366273,0.6855146423443877,0.35851823777615366,0.5481255637554632,20.247738083106263
0.055128188472936435,0.4161667496041844,0.11189641773498094,0.7286395359115408,0.8923176371198865,0.17408299568920804,0.245683383799847,0.8569809425533081,0.5858321753985994,0.5883088828251491,15.480607956567514
0.5628763646458568,0.2182607607252215,0.24330301520041708,0.9496431154787687,0.7234701521068021,0.09043448706535495,0.22293827165861224,0.6271155211808765,0.2834653869239495,0.2517336560066129,18.196104800932225
0.20234799300314,0.18572686353665158,0.6133305817702374,0.9058488238817073,0.3611318559695591,0.12150860137617181,0.12429934268542886,0.9336897048986453,0.5287354781178689,0.4662855106777537,12.298939212799006
0.890741243950107,0.5071129373486559,0.48059889284860646,0.9266525336023682,0.4744591229539643,0.3909610757740035,0.5816621319666938,0.9772315315338098,0.9638290426003434,0.7756014040221038,21.53147665480582
0.49928085928743116,0.8814617083697632,0.4193829783791647,0.640143044740331,0.1794268436357721,0.6612876467619041,0.27610591602835066,0.7717529816548947,0.41404016131390675,0.3984097845466673,17.251989575866574
0.7465776474475811,0.42531863916988,0.7140213572496472,0.8550655605465821,0.13687863467913342,0.47902299599733067,0.9449115298370896,0.8121814514361916,0.9736122659883045,0.8603084567520753,18.5526560916954
0.31021981791908315,0.179152610058529,0.21054180444486847,0.2168927383229552,0.07573639485448636,0.9067950929767684,0.5025485892881599,0.10127119776322757,0.7626416068033857,0.32564073210132005,5.960465943191881
0.07103750782530516,0.18975655765503285,0.6575498251634971,0.7940062955977409,0.2536767105463116,0.577058270825001,0.0008725578125903244,0.2783874706068934,0.18163382184152854,0.07654622464937488,10.128240333736626
0.48389529841038326,0.6310155148322024,0.04637635365675363,0.13789117919537042,0.9322911787614354,0.2231128431681061,0.7599877465540076,0.7477349949924448,0.3215825023761464,0.20411689924662668,18.34358844643988
0.24395055361572648,0.5658989669835696,0.3811590204199494,0.4955653582353706,0.8116124831636912,0.5022963847963366,0.9952289257384755,0.6658338038175092,0.20724765812520662,0.49951878212326783,13.49850122142594
0.8134177219636645,0.21830153488950288,0.7294221386435478,0.03344903419087886,0.9426338313999593,0.6633617494144463,0.1625703042015807,0.874294699378396,0.08182068088901062,0.4059289636462212,11.394014693801129
0.7369493395994334,0.9374066273632651,0.3488102668392269,0.8305112309634005,0.1967522576652706,0.035110369164783606,0.028760983292548725,0.6581704912143995,0.1542073059355734,0.050324310389726845,18.00231757642565
0.9767475258316312,0.24201226832967893,0.46255448297955104,0.6130811391199174,0.14445603662431183,0.3571688606886352,0.6477068447684706,0.6397617174746266,0.8420573087367015,0.43742243275475434,13.643375689272526
0.889827625552956,0.6821927355252346,0.5621051949014577,0.11713682606041431,0.574703912142932,0.5946720178062785,0.758804382860636,0.7191390674835222,0.5299801793459549,0.5928291713896664,13.56199178228707
0.7723427120347177,0.351440262136801,0.13497111560052755,0.874299380502617,0.965018775220905,0.42930483873409464,0.9903097892776931,0.3226949148337013,0.06657409409073045,0.5724595811887515,23.763801658619307
0.8682006845469478,0.6174818182363937,0.009427148243593142,0.011832681416528601,0.7243510728644192,0.8453429957141313,0.2530367091228257,0.47013105676258604,0.9610909004874731,0.4605740836098966,18.489081324503132
0.13581409940801303,0.9116530066718829,0.495167669194432,0.344306942048876,0.09743272240601908,0.45826829707578964,0.7696727690606185,0.7171843434380811,0.49658765030960106,0.7195353460261571,7.723123528965438
0.350760568381173,0.7352682025301956,0.08573415825035846,0.1992340334148739,0.8777233221329369,0.2936554069642583,0.20594139446762716,0.08900258813514561,0.3929549943963827,0.06698207500928677,17.05771370167612
0.49698045995495066,0.9192047369666261,0.7871343451951031,0.04067376966401526,0.29975816410493095,0.1876442829679863,0.0669398551536089,0.10864054797965805,0.908144372562899,0.3100832150637972,13.462611031450196
0.3922238762285959,0.48570086832169646,0.7449290981477144,0.7983704740855817,0.9637295428719317,0.21067807061411814,0.30106617847547357,0.31296071521487734,0.44525879330966656,0.8074043514237499,19.636066562153516
0.239456085531082,0.7829217665629822,0.20404001837851438,0.710147617197332,0.7990013198496779,0.8537837408144622,0.5102855414405925,0.3287149866388732,0.7723842333347591,0.32091645716034134,18.40338822978748
0.14808877618140037,0.834686448695626,0.4112409297570312,0.5708337663416274,0.9184440464019853,0.1357966212342272,0.557183896445583,0.5587645916480961,0.8618913057982563,0.34125897232365643,14.244508181228927
0.4012140896539307,0.5192931618447624,0.1671999822447755,0.4706613944326762,0.43608179423026716,0.19739447501662788,0.8330225187976915,0.43103376172083707,0.30606591051848064,0.1303742366021926,15.190113136792979
0.08974779437028302,0.9602268933900128,0.9951534380570007,0.8979253838031929,0.45863143214044844,0.807915759812086,0.8342821985912089,0.2998092106405821,0.5860290501688901,0.9568220167587763,18.85036563525366
0.2800678001993395,0.6628863741985809,0.6625411251474501,0.45267065183854494,0.49032885525273784,0.45638251229005566,0.5210769230149661,0.14877779599515517,0.7947471119950124,0.6610751127809227,13.01410938311076
0.9738222732912388,0.2456431890731119,0.14596824307427858,0.3425540658624918,0.5097414031485059,0.20500955443430813,0.46060103107191186,0.6426132477143695,0.05617129512540242,0.7580298631846681,15.308439874549773
0.9397112806630296,0.2682482149232154,0.776222371651978,0.4179342612335003,0.6644326618979851,0.7430160700801279,0.2949736492910301,0.7873975953966011,0.10511133524177119,0.9867248477582207,16.144513327550083
0.33702498496134725,0.22380276527749654,0.13865404569269302,0.8121821253323727,0.5858903733500668,0.9516702970454465,0.647678390465619,0.34059298471843624,0.8364125340085606,0.2812350412368151,16.0101903568726
0.2908406853803468,0.028280089355379845,0.25202268912706294,0.2614342183043924,0.297521507598966,0.3686285993525642,0.5766739828201319,0.21639102013151545,0.6367610170480911,0.13331505932272347,5.590171915318431
0.9309108979514895,0.026110235486305977,0.9081978890347998,0.5472002596471889,0.7100453452462073,0.29834273088840013,0.1737987849044762,0.9472947088465331,0.44100381774671704,0.4805129013562709,13.117602805780615
0.9856784043163309,0.33606879898235953,0.10019160200050226,0.5869142228630496,0.5548075810196069,0.7731043679123186,0.9550780955043773,0.3076743767229351,0.7217964475205391,0.4345030728729893,20.467550556542555
0.7837727896100272,0.16427696262124092,0.500856417164145,0.07718692786921366,0.5611745292023493,0.16897360922478644,0.960045069716461,0.5543303316016042,0.5293745882884102,0.9723307236853581,7.513332721765167
0.4984152867767553,0.6767264640446135,0.04668152898027278,0.7083388155935584,0.10431037378526553,0.7802346294801988,0.8768458325453161,0.3154678685644212,0.8781300140506192,0.4826367415561337,20.436639837632118
0.5715760811861254,0.41098287108628817,0.4765421274622126,0.9082708970170565,0.9472944031734087,0.44586894209155725,0.5143614727662008,0.1161749835467174,0.3256211439023974,0.5132371789178942,20.558173055052666
0.2025827500978543,0.5765332640354385,0.6852832338430006,0.6499600454817133,0.44251249298829387,0.7693191205602291,0.3195224107913407,0.4692769344161499,0.2701548882638084,0.6036285900656577,12.986223940596908
0.44070703324862004,0.21711274654955315,0.3081849548609096,0.2794680768472565,0.9109127196543327,0.5219542754458351,0.6526558384621578,0.9347337737018538,0.18221779526900284,0.9368937571976791,11.046013023566656
0.5396372099186767,0.8562142092532524,0.16799555490041929,0.2729358792121277,0.1941710295774126,0.6534217837378402,0.14076140254590042,0.7925225513932529,0.25043629116419885,0.25547546197949633,15.83374746299724
0.28112129639097183,0.746388095450015,0.9242159516096689,0.907510014160477,0.10125422101072501,0.26243690330867786,0.6721819659232785,0.6185506407577828,0.3500290649055665,0.8628433234146519,19.3052948523916
0.13046627511853592,0.6390318780852128,0.2730844756913712,0.5271746220517312,0.38748657044918444,0.979735099427626,0.4866922737745971,0.9760933927893963,0.2550209167103672,0.7679409322815423,10.82835926767708
0.7170581251923094,0.8476452874621011,0.6936074637590649,0.6823590981205424,0.6607077572786171,0.9850515720764219,0.22809777607786452,0.030113684859411904,0.6779708644339175,0.1723377699855596,20.308687236753244
0.6793839301609718,0.3196854108297005,0.04335171740648791,0.7697679922240804,0.051648174838824334,0.22413831563502296,0.33640863379517716,0.1327494505810004,0.913569160893126,0.621836490916805,18.432425141129
0.875395946806438,0.6820520629575765,0.9919454060036618,0.5251527988606594,0.053763241295324615,0.1608586443576815,0.5884326619687137,0.34772853905764345,0.11289280096528354,0.23813974191864884,19.89919769251538
0.47457073036751163,0.5181818702163431,0.9345812588033608,0.09067924830675589,0.357807450167401,0.5060492113911284,0.1132675809721958,0.6878020232766745,0.5150280913172708,0.4595119176984208,13.452765627507269
0.6560805738320898,0.28781469104401214,0.3393271016825943,0.1626984983208173,0.5237259683709662,0.37240875374918125,0.2603308639257339,0.12474220775435185,0.023225204265160504,0.19335227144125122,10.352315910149533
0.2474261968264203,0.48543630674863003,0.2409966234577362,0.8176534936674849,0.4741288901284929,0.6238107643167533,0.20793834447901716,0.41612812897435847,0.602777356964514,0.31104588793238674,15.573282798458207
0.336197408906027,0.8074251835419408,0.8371813703234824,0.53294093242183,0.8964107553091025,0.7366820029963393,0.055301585889300786,0.5594734470181492,0.6977932974068682,0.5408848315285244,19.61653413084352
0.8319758503177797,0.300837129868071,0.06547913314741116,0.6336205287851278,0.730800613045803,0.7652538682911644,0.011060523435591163,0.6733782483249342,0.020727784302182473,0.7747860166079458,20.843865926624936
0.7031051406315949,0.5674139036419403,0.506324405975447,0.7151078630502681,0.05719530835695974,0.8321893673215472,0.20122618790513425,0.477788863125842,0.48679942474079985,0.7771235330411236,16.93819112391969
0.19299107040025143,0.29974973893906587,0.6631079606327435,0.4127717413120384,0.2988636230562436,0.621423222473238,0.08657219025643437,0.7897785719189427,0.5247492172342946,0.2060205093087234,7.961512534945266
0.40851591730057746,0.1310768012781619,0.6165811129293514,0.6693006313183777,0.40528592810067277,0.33969048824763803,0.8497847491411552,0.5760692437111086,0.6670212720451503,0.12751911340194844,10.665563448817107
0.7133252942615788,0.4446107745230976,0.36666842278703415,0.9294041996488015,0.053933987195970756,0.19560640489945147,0.37504008608704165,0.3240400971223949,0.5106838500438239,0.40090205256096256,18.314260172563085
0.7882890588402506,0.7680005531665673,0.7723747760369498,0.3693545525780124,0.40736847776144913,0.7204619285175254,0.12419836638693083,0.8519196171586426,0.5412582378131942,0.8485452204449154,16.670858232119155
0.7936029809357132,0.37438308537547915,0.10155970999903696,0.9208302408099802,0.34460534971658996,0.3737416905569876,0.9090485010491267,0.9173472029185887,0.26290618689425194,0.0889562806460652,22.142922123256387
0.0011080262304651312,0.4382944846219564,0.5685734016273842,0.27033800313214673,0.2597496510988164,0.3567850453979742,0.26308510295341003,0.8584384045522442,0.6428423911128044,0.8289468328822328,4.111431395771679
0.8604782496055124,0.4350099460061394,0.4775774486299732,0.9778195986926447,0.8168399123638508,0.7978943208261092,0.5837132072726439,0.4611502595466028,0.8946106966482202,0.80455696158721,23.103008888876033
0.5167889073344694,0.27049080197404907,0.14727940395646666,0.5527057085546244,0.29603001981794974,0.26421578615303976,0.10578623436071921,0.03447271989165568,0.7833538225692199,0.10798506672023855,13.747170725081553
0.8886094666634103,0.2137828075943322,0.7596756923982174,0.8229994802102778,0.7925559220991167,0.87285582006679,0.33972085703420174,0.9858884762824421,0.2795947006101396,0.9342980898979321,19.16144306661902
0.4374400948560725,0.056931993207097076,0.7849164693050371,0.7874108329531724,0.19729789447273172,0.8235124481326502,0.1575794029521307,0.1514316589676542,0.8089192879339613,0.2902191243075414,11.265740520714495
0.07687783516158808,0.9563439859237466,0.5570401559292054,0.4480774894323233,0.5041100438610606,0.6704502771851815,0.8616659852415349,0.6725788883075845,0.7395263929694876,0.18015308005863173,9.35566499644906
0.38409306978747226,0.5848097930109899,0.619406493673085,0.27069311173169286,0.9749822518998477,0.11818597216122295,0.11227834815649163,0.22915019883448529,0.7539132652589838,0.036551288457150166,14.35243188975316
0.9878657786035819,0.987729446526484,0.15968419662732591,0.4012032742781797,0.20391733947244828,0.4080152123571015,0.5328628142511795,0.822731951195336,0.035807297807483374,0.9868976711763379,8.10920007958138
0.9405629598651294,0.5704172989390586,0.4808963788115984,0.5506447534677762,0.018440926422570558,0.7376826919922066,0.4964359843278485,0.2860399194676898,0.4615435588271707,0.2925678022346879,15.540231123070622
0.6999507724779798,0.6144342037646162,0.388092599090059,0.31424194199127153,0.8780366443752882,0.6822386436483094,0.7157818171696403,0.6186055919288922,0.0752305502346241,0.05926248669924772,17.54274037554915
0.42917151840694656,0.9304999570557894,0.5247080788985717,0.8758845130934276,0.09654984203605588,0.7242610749346629,0.24533785496081117,0.5244961598024163,0.2929210703540758,0.7123333600020745,18.757981386944365
0.4008890527705262,0.4621684924995937,0.24534537318152916,0.28145801530639414,0.17947569070933522,0.5537985473681842,0.14499695603144602,0.26820261167236237,0.5304613546480865,0.2748312990775861,10.50647149000673
0.5884996597343284,0.014164004458195767,0.9732227876999444,0.7299888563804402,0.503819128547145,0.9208379198842983,0.8697660809449779,0.3665543199484371,0.11612917834948988,0.25223239207675807,14.559618240808945
0.20868926946413557,0.7500574355421744,0.5481098925130063,0.8500981831583604,0.48970075046417505,0.7697650549113666,0.3234228375938074,0.6021508030174038,0.6394001829263013,0.7592870910017443,15.717470744548557
0.7994884004190875,0.27650304230487677,0.38505800151555614,0.2071350908546915,0.7478343705157137,0.2707282636532402,0.3910192017823302,0.8030264755663209,0.3398026404036042,0.2915003091677629,12.474642834810973
0.6511814330425661,0.9753735857775574,0.06262396911493195,0.834788404580431,0.12160483425989077,0.3448981172582488,0.416717932632925,0.7187393601059867,0.9265659308504236,0.10201096028236145,21.894019119119207
0.7448084521182475,0.32229239544123345,0.901910995691909,0.27821682029422157,0.6938619496459134,0.1647558003622549,0.9579470786665832,0.004324338594380639,0.23285197731258067,0.6759441160318042,16.3286536583672
0.8535242298891719,0.9935573092939326,0.17326063693954263,0.3071438396898517,0.8918520210413986,0.03249991584702561,0.7333218223056637,0.4230519230220289,0.6888180198785083,0.5249001218399821,14.260965160499378
0.6271118868404127,0.6666637102394958,0.6312459447968033,0.6645629779470779,0.5683479326356473,0.7138953583613707,0.7760234732162268,0.7879354187945043,0.8535130987928965,0.316402420502774,19.502476206690098
0.7457734308443524,0.9466612912703294,0.3674680789351492,0.777641115731628,0.2914627778920882,0.17556926544131657,0.44642689213455744,0.8065321591132667,0.3071225196559517,0.29493936821753064,17.563061399959636
0.27767503517299075,0.21812098472247143,0.6111109928205504,0.243336885204114,0.9349028220693844,0.34593104673754815,0.5423987569753451,0.4091704621408523,0.962715734090869,0.4240115034111325,9.2460958495741
0.5636944482280372,0.7634232599890378,0.17129653721755145,0.03264180255866722,0.45491991528671316,0.550641067963404,0.2870610387019038,0.4625046658357518,0.6151604558348351,0.9732729573060053,14.523411691270873
0.6017771558011328,0.44885729635414184,0.022528493962539087,0.31058323192905146,0.3584859636646218,0.47694456964979715,0.7821710627701225,0.7758873761787207,0.8452859834315578,0.2899925588665021,16.961281427039104
0.3464593415177629,0.15023889057405548,0.8574157761834648,0.6522351650993091,0.07754990582115728,0.3036569978188556,0.15272505131544167,0.9692281564202759,0.32460280856450496,0.49646731856905246,11.092995110714858
0.3179020156308747,0.4742965322872206,0.998622145766988,0.28738877610696023,0.2826220534281473,0.371379571216121,0.16931677337133944,0.7389917407128296,0.37934030124137164,0.5808587772939663,13.821198927942515
0.6613030882480143,0.03544363246204263,0.6440027921322574,0.5327693591465298,0.0828504103829325,0.12448652077384037,0.4407984244365244,0.34630771464406307,0.4374958049850488,0.6355150846281578,6.89237384477088
0.1544248112833323,0.6624446147124654,0.8181263854225421,0.0029282320915400284,0.36846360036947545,0.2751675904219105,0.43199977749663965,0.6152787164951232,0.18756930132050953,0.1340956184843044,7.054434027248394
0.7288384105162093,0.6857531406138728,0.46084449397983973,0.5013227277198118,0.26986124200741046,0.3291791276202237,0.3200825767608292,0.7263351086493569,0.555643101795994,0.7294886693533431,16.39319464957185
0.5907166590906519,0.545636308817007,0.32058195348290697,0.39546580979643575,0.8873978760864646,0.5759300006785847,0.5244552973859551,0.053131476446557246,0.6708891697620847,0.6860174479394726,17.517513595261818
0.6906565698239581,0.09122211426569116,0.3004552600154906,0.37122604623696087,0.8264968959280694,0.9806727341158386,0.41474759347572765,0.5542807073324794,0.007337258676562763,0.008779281421117724,10.607511059364555
0.07450022905530196,0.7194664422438344,0.1781365978210172,0.7578490106529152,0.4318761514946534,0.849969008706956,0.8703163736022755,0.8798329081563826,0.5435026380764975,0.7885074302322843,13.485751844601213
0.6619122336922288,0.18671319325805602,0.3815167255102494,0.9623623520880437,0.7725647014054083,0.2629938769536707,0.28097433751567047,0.2541811228457711,0.3288150254971487,0.9283073762634135,17.55301956082086
0.43354229054419824,0.3642524117326036,0.23918233539843048,0.8924080648540741,0.9573765604031258,0.3235414505833568,0.6166534232475291,0.9584333474382388,0.49948000101245593,0.4686623648676821,19.831619991762533
0.5276942496552944,0.0331700319103464,0.30011901065544655,0.6989922182571519,0.9667295560964869,0.5687447201867782,0.19047583510426092,0.42681327131661695,0.4900196852217329,0.1522247099493026,13.172233987658288
0.3292828010693303,0.4450645422977523,0.2619021837402262,0.3538863989424691,0.2762443604754977,0.6128215225088899,0.578602620345209,0.5516952610535342,0.09673531920987877,0.1835576468932395,10.4970248119213
0.11082716896076839,0.06328096676967931,0.24682988020871388,0.19452147109582707,0.7249963990020482,0.6958868193993206,0.20133917883318786,0.16556372328407987,0.14489575351543027,0.3200499706223625,7.072408830625616
0.2941868683771288,0.02853760955459217,0.5678704680697783,0.8980314694776976,0.5388566642467874,0.06380813246796768,0.5995509541949889,0.48495603596437964,0.9069288447897671,0.36321944661339256,12.030444401990877
0.7519820304355295,0.03844025136159124,0.7214930854168543,0.04152659798279423,0.3447152777025284,0.9480858237456092,0.7032048031123406,0.925023106061072,0.4958529695998709,0.6062166253149008,4.026899090494094
0.5177483055547939,0.4788645864511816,0.5782306304175419,0.03889935508464415,0.18568393785575832,0.214621551191174,0.38284893160960853,0.4345551431526187,0.7397181379698226,0.16554007822474726,8.464778347192821
0.5698924908844702,0.27228914289465833,0.5156537444187628,0.6266153268814936,0.582450533553855,0.21538079798345444,0.7094531295373664,0.6537878573421589,0.9320032833031111,0.6341519245304044,13.867477851030515
0.720324408034855,0.8110276529172535,0.10600428274075013,0.6963342719208928,0.3185802305752614,0.8231487753294177,0.48018051036113774,0.5806158547840479,0.26033757415599934,0.6505651185795476,21.313047187575126
0.03564933007982429,0.7485742842726223,0.16329584200619496,0.2275745512086743,0.0009102628528449008,0.31317463490691955,0.3882492180614684,0.23399969710929092,0.2302104121003895,0.892980988121682,5.385079679480773
0.32645250403171033,0.7222821079558217,0.2373814932084618,0.8090412282265614,0.677741991204918,0.756203992315402,0.4395367685921786,0.8795645652198497,0.3740124238733076,0.6008950500489241,19.606971435061617
0.6400721142429376,0.9522513859725289,0.134522689161787,0.13560514714665217,0.4620514166671039,0.9178756196656414,0.021685107971407658,0.27627560729898326,0.28358632407731044,0.3049526028018895,15.75179753868733
0.0247049691131771,0.8256063333304683,0.008909452660077144,0.4777039539928971,0.056359023039486145,0.7986440296290374,0.7465858369843289,0.721530861664715,0.7362649441084913,0.9402395550995404,10.522572184437388
0.41681091281676896,0.8615748039250786,0.18423225305998314,0.4512645030884104,0.008909094412893448,0.2841402933110655,0.45815947612184604,0.9092898384256127,0.31695156524835133,0.6724085527127278,15.587757079897962
0.8339668053818466,0.3265297313036697,0.169228201695091,0.5911941441266417,0.2843838483971237,0.652452109189216,0.13470104333526367,0.15159484367525966,0.6759230683884201,0.9735594399719393,17.071067142616318
0.24689631417966096,0.7139128343202711,0.5320406118033185,0.8438415328663382,0.3888859923772905,0.9717139960295321,0.08239686889686604,0.9846478369418444,0.8462373113802765,0.8664581277476757,15.662138294962084
0.8424034375786872,0.8618636788196724,0.8151525953184059,0.8995171362273078,0.4608007413822872,0.9392909470184128,0.38496285307322586,0.7285166243343448,0.7103525766383085,0.8208965023687979,20.8684611734733
0.7383826358154603,0.03537950697039116,0.7391528325991339,0.023296766417752246,0.5332303119270722,0.8389493069830123,0.8295751606418907,0.8413129912580216,0.6024106277775834,0.18381204569071807,4.862777313132764
0.5079781179747799,0.5162118899219694,0.32476775088619125,0.4240992759172939,0.8721766683651511,0.5179278357107884,0.704743820672414,0.49581147838795014,0.6174712972808798,0.09258699767782219,16.553346865194968
0.9313882068447173,0.43593306638937723,0.7483026692872553,0.6671011263589489,0.799272183620035,0.03487290665049181,0.9353518652069222,0.8297468447040759,0.8337615609020651,0.46711344222929196,21.46778651811195
0.7963239078909086,0.5751820353077632,0.5034780359638578,0.7849219742826068,0.6278000329317556,0.0771604169846305,0.31450962151819317,0.6220927047582295,0.9038009154460063,0.9330008359807964,20.901667086804267
0.838911622349041,0.25431253956154154,0.4733818748471931,0.4333903946721024,0.43868529991453575,0.04978458284107956,0.17363803533944733,0.15326023514279075,0.617268563237028,0.4117983635864759,12.753284320607749
0.32438800268710855,0.44390509039864523,0.3242140496471514,0.7574698196415753,0.16704193436173798,0.0561347341733337,0.6507054225947727,0.23057915175362753,0.643354276529444,0.058541773454054646,13.399008497034044
0.24709712297837794,0.15388385669518168,0.2906733107926742,0.3288552531329042,0.4951968051955804,0.5201386452999579,0.6300980389312795,0.3316521216948446,0.5320212427854949,0.9901173272493364,7.8326180827324015
0.21063927589992204,0.15270580773011633,0.8425641022780279,0.41036559895171987,0.8468836856685722,0.424689010660107,0.021684861846444248,0.374873037893272,0.6101306822336068,0.44755476210480793,11.693878449225805
0.45934296855829215,0.9983159420452421,0.5441271674823415,0.6969397551849924,0.7209729215852323,0.00017125536797524266,0.552460978194697,0.9630562755681628,0.750822822827819,0.34042742045786956,20.528620234546345
0.3645712105139314,0.3036171977864215,0.6302082702182321,0.09731548969531756,0.29000041380288877,0.49821447572544986,0.5352170703470671,0.6074076696512082,0.79722498605167,0.16323642680186246,6.170010167377864
0.22501522327137558,0.872312803104723,0.8311589256585767,0.8215707246002876,0.20861577898137018,0.05825667233320386,0.5234148587854598,0.870042794795425,0.23751688317722264,0.9042003011880534,17.235110325255693
0.1415325017560538,0.2980961999296454,0.29828823709619035,0.15110016987187913,0.8727781728358458,0.4125899427802374,0.19065745140009138,0.14724424893777166,0.4209141028180735,0.01728839071318722,8.010215137417283
0.1210560940959996,0.0036980855153785352,0.024385466236524156,0.9973737268480055,0.44888921602231624,0.728924778518423,0.7370807486825306,0.8804074759575836,0.10374578402860779,0.5256725018621323,16.756431188167745
0.3217193607678319,0.5484823356832738,0.3321195265554958,0.18365794771751853,0.672827226991345,0.03842894086583626,0.895385526853862,0.14626545274848124,0.6151442279314022,0.754204761094559,11.028361678656161
0.07292747547289313,0.9032945679694606,0.35617718598605963,0.9967264257409573,0.06878192044678355,0.7167733945262219,0.16071444367097643,0.4026926107335631,0.4432124686524004,0.4061548457187484,12.779656714983874
0.3375730732276826,0.7672095207411149,0.8198895291175203,0.3356141834382842,0.4826449115436703,0.421757997630278,0.5935168652765301,0.15026602525596278,0.8056849411136867,0.7970127181305318,15.08386585637371
0.5904131585780901,0.7461442279361431,0.9885051679024108,0.9225080080230518,0.6114489488658152,0.5114014237606473,0.534527061402239,0.46661450342844757,0.48022597758452445,0.7320370107345051,26.88106934376139
0.9921216308348749,0.04531429724971858,0.2301881219534495,0.21020763685310062,0.8328561800876509,0.4197238506593226,0.525132267121614,0.469152335292352,0.8536812868816237,0.49971980108750935,9.130010317718156
0.6678459916490458,0.019483518720180837,0.6524544445671152,0.24095171495096623,0.8668686059134172,0.7515541885546558,0.10928689971211025,0.10347160358867213,0.2929982873665724,0.12576359512630508,7.617377211047321
0.7403279022224273,0.9868164971241347,0.6552567326502057,0.24904669546626768,0.5642723917205924,0.8056491286091298,0.9622074444882089,0.005071737649740116,0.5236902913519934,0.45321427894423294,13.283224552432726
0.41449272632519085,0.5038377063242053,0.4035060218176517,0.3440155024278062,0.11480776132471548,0.4998456027793813,0.8210514152415885,0.1047323314945815,0.7384913599537073,0.26776611850428633,10.300577210416478
0.381243315975238,0.9880847028325143,0.6752114228161936,0.7191123197082988,0.6023909361745371,0.3223634970427357,0.6751158833063312,0.45726832224463343,0.8320828028753477,0.5710571599554511,20.07616837432476
0.7712360010970436,0.84850810809932,0.8211196403641169,0.4021072657180941,0.36875657582713195,0.8690675545242408,0.14310015864026815,0.2794037804018368,0.12100953767342126,0.04209132817358796,16.77367286661944
0.6158610572350285,0.9007805446071685,0.12941600651968865,0.795709025573487,0.3793399100804813,0.6181389151434448,0.7637417273520244,0.7100796140678752,0.1367039520008827,0.11538580713424895,22.452849854154383
0.9241933713001151,0.0794711500341464,0.21839969231293233,0.4383474359423134,0.8210111007883965,0.6026259569318646,0.5711833761535884,0.6919548409757177,0.8021585389858631,0.2325224837067692,12.361480813007532
0.01890138297580346,0.12719717519995677,0.16516396350588758,0.040023038214424544,0.7475180365504485,0.8849246822406631,0.7106498585538865,0.18862322344499027,0.6064448042607994,0.5206036784946163,6.455653523261573
0.8199634372246504,0.9422987400912896,0.7429348496117596,0.5125386178964846,0.5110482583854433,0.807786867079894,0.12251435240385311,0.1533137626350609,0.34351274426831435,0.7471389965183814,15.41140389706283
0.06597667616815295,0.34432365581888935,0.31854045624632643,0.4857376095150411,0.4637165095908017,0.7144051877291806,0.6255610749713703,0.9027699842867554,0.18065643419148536,0.4320809451563531,8.54759024156262
0.40009560890400186,0.11251849360226784,0.16482763496471975,0.33663060773062925,0.7348023260393868,0.15016123111191648,0.265318407250159,0.6764203281364858,0.5966540338221882,0.10439386259514838,10.696704982887052
0.943705043518827,0.14802892581691185,0.06140719852302967,0.3042534234221238,0.026467547168557815,0.030723789776571864,0.5787321955212392,0.8929507668609125,0.40254439487782856,0.3021424859296782,11.27128422980246
0.9146272546002892,0.061461301077286534,0.47331258097911755,0.25260234115368885,0.3817111487035926,0.4107939216475305,0.545137620901005,0.4532509561550716,0.9880494294094652,0.025511190248887705,6.205678549577298
0.7576588681623434,0.050995308216160384,0.43107029616009795,0.2018468474244608,0.945302300541623,0.7224903927904186,0.462847162328235,0.9522421173730322,0.7212946202659195,0.9519403789428295,8.050846254977653
0.704574872426067,0.0777108101660452,0.6163053699275335,0.9803497053489981,0.21418210044409225,0.7927396840642914,0.18463206421288902,0.4522371845391193,0.08466372103373165,0.3405861430439674,12.85659524185132
0.7762264819775997,0.04526804795127348,0.320196635512778,0.6297523152110285,0.9485574215020868,0.24535177001005515,0.17315000963845262,0.2036706305638294,0.23680873684027703,0.6383215552406787,12.788555524798564
0.9986678517824064,0.5235912811148954,0.27143078098578544,0.7469597708192639,0.1582516406107003,0.030014173045798787,0.6052649689644379,0.21029555425982116,0.39923725180732095,0.23113663997470135,19.279880276624887
0.9180617328862675,0.337988641638314,0.44907348831285965,0.23484297553835942,0.08485101161066022,0.5125566185664424,0.8687232692164236,0.35168164831788284,0.7809686042579368,0.032612323304415214,11.100556504760448
0.23550864580866415,0.13149532705831846,0.40288239781875557,0.8943329287127705,0.37351193049005105,0.603323629002106,0.8981421192564709,0.35978655112615654,0.3657556255764284,0.08798304077648766,11.970888856218311
0.3490496514796043,0.7461598812778872,0.8446293786570812,0.7227505153695296,0.006925354715853538,0.11697680000546606,0.730981997971438,0.9423966586184593,0.69536113028681,0.22610331317105248,16.936808926902344
0.10755836059503987,0.8770162835563939,0.09903051195694312,0.15103696374400066,0.5966927215285136,0.1899970780308966,0.22759335597487973,0.14225856887305033,0.9443261995457408,0.1249251812281208,10.629655463312595
0.9313320624713097,0.32619697778889556,0.8215594900551018,0.9499975694873153,0.5192577510993545,0.770172124680791,0.2660104670849659,0.38296419264927406,0.5529867255662884,0.8504611766760519,22.32399476662235
0.6207380396813578,0.022098824013375373,0.30478456559086387,0.8649718345079956,0.24023682192943474,0.36792817024917956,0.3896147231533714,0.15445273435458517,0.3498120493526923,0.8174207189784531,11.043900898827012
0.8490938684319272,0.5808975441083306,0.6787396049691616,0.53457270346679,0.04427256447055128,0.6966848667151172,0.9965508756035688,0.22782332582415576,0.9821511989335481,0.9977736006191767,16.20378947634711
0.14151460548743033,0.9261351802916176,0.6755326345573083,0.46637182445488623,0.34466071748639127,0.6298015936230628,0.8427866771553829,0.03410235978509801,0.5354622712979302,0.6502639843263973,11.005322454011147
0.025603291662331218,0.8890775995993768,0.9517899194679718,0.6124913137723906,0.11700107446274388,0.9324117103251868,0.8050070973829877,0.028548229053914853,0.5791576279114922,0.11453731637961895,11.506722320772443
0.14106639620544603,0.1925099449354165,0.3961884949872295,0.8763828608528218,0.031075412673382985,0.689210969919215,0.9645507890507378,0.6412334437976625,0.8156050594068804,0.9017723157625925,9.986860042682396
0.7147978048100271,0.6598427982885109,0.017966743903196414,0.518889089033459,0.469225786702382,0.5227056270551659,0.4324803902407529,0.906557514690062,0.889030089553553,0.1256985553637704,22.14251680892245
0.5328928005062453,0.9595589837983567,0.5986641556625324,0.8016684201088936,0.3733600220854463,0.37724899553263536,0.3256872833536406,0.021845464628765354,0.9248516124555237,0.34964169908125886,20.07182903531184
0.3670879563702457,0.7595474083951754,0.526893122661873,0.36204215503815873,0.8836174299471532,0.8253792134939151,0.9768015715662536,0.6410216359645033,0.6900966110247114,0.3244995234017236,15.734437425708542
0.09957998845311955,0.1059167347057709,0.6459404619066152,0.11327163696366871,0.9066265657553721,0.7038686541253535,0.2262067399707336,0.2792116610234281,0.7099737174181607,0.8241199350559775,6.423110596105609
0.8394299872814838,0.6010271721512663,0.15523198628663404,0.8183595013523133,0.7916435286353826,0.8353575859668384,0.1576637804983344,0.6843577461691444,0.9602439334483366,0.2560615861493638,24.518104036147978
0.7167280267157523,0.25891743146068,0.30709640874815713,0.48526807607635514,0.8949540435899326,0.03866181181560735,0.9896413108154577,0.7720771496095649,0.35977889750727843,0.3541602036156979,15.576961765248042
0.4829812361232231,0.8754785460988419,0.01791734083862595,0.5482496506918623,0.056086445131872664,0.11560074734259174,0.6906658644055712,0.23430888515188053,0.04159480524609371,0.1642372800741645,20.11863457452215
0.20863808357893487,0.7697819957102922,0.6249241314635218,0.7351240126796921,0.3698222796006897,0.11313277437351876,0.8052901034445771,0.14040683865519543,0.3826817668808681,0.26227824166289826,14.346679079030316
0.29653485367609056,0.6018566617370735,0.16435215235611844,0.4458738902715982,0.638688390824455,0.8689131970224486,0.3712275197084677,0.3186917814667941,0.36784722499409694,0.5007970704905469,15.223032141258816
0.3130945937555768,0.2504520650370853,0.3753030921318782,0.7778292648002352,0.2528147869970194,0.8446296330240802,0.2851065414207937,0.6030768968879645,0.9709762822654435,0.9517928597307516,11.79199704831379
0.4346329985723647,0.06751576929917213,0.9026287143815211,0.12691598159151707,0.9235492330653954,0.7326306062421623,0.9342391205368411,0.6653918118143971,0.9951126764685372,0.467001680947402,10.049685561649902
0.3296215077387987,0.3933119570325213,0.35028893211478496,0.4007972851593137,0.8852021058741588,0.5920611351587253,0.7256979206215554,0.2878732598665211,0.989870683163845,0.28073474217542915,12.84346596674501
0.15902514557532343,0.7781945852989951,0.8390753349421332,0.3937952665191362,0.5410717822129785,0.41412798360505876,0.2939219559806522,0.8133770318512336,0.7570373561858398,0.4853286297328442,12.733350365193417
0.45555092239970907,0.1801636947759664,0.6372733600410236,0.9236777419812995,0.7188438923167687,0.5062704942763271,0.03865850905672319,0.9302828443194143,0.3080443380269784,0.2999525209894489,15.757823662250713
0.46959605370071533,0.4291659231175986,0.9623494970407309,0.1650074548233461,0.6891221547756843,0.10676319874726459,0.2768975784952127,0.7221371784026575,0.8040434338588961,0.46892451229451293,15.287814559916109
0.7893451084443702,0.9351270509575684,0.9357874347648402,0.3424744554328043,0.31213984143697504,0.7264446521920853,0.6540945027685156,0.39226510827084893,0.2286733041453416,0.6184318876445828,16.113263213462588
0.43023899240172203,0.13211344161384708,0.6392487517068299,0.6976744117921114,0.36423201007447226,0.8319544071100526,0.07367308326130084,0.49590977998947383,0.956334472617106,0.19046313671198245,10.961925915790594
0.1723242419272235,0.37869668578381044,0.2680840425788543,0.2215333936717312,0.9498430615322235,0.34484777324901594,0.0598380747013596,0.8997817151365838,0.44824604764884834,0.7359417622528003,10.076077708971743
0.36734724725328116,0.9351690369991462,0.2878002554391088,0.6627666432211929,0.8243449247204908,0.2379327845082294,0.8015108413372112,0.7922760110362526,0.9642236018453714,0.9228119153767448,20.46594443256597
0.3886087250628083,0.5905437543623125,0.925294321579182,0.004375672862950042,0.6273501420770521,0.2153635101354462,0.7387660102630493,0.7964696911098172,0.7129592370404921,0.996078001993556,13.399115185701438
0.4792576259928467,0.5613454773238284,0.40899242264509006,0.9739831541573468,0.9227563510148848,0.9866367801502973,0.9848912027058507,0.8954567846978188,0.9308775281119159,0.11988117283075794,22.000165579291302
0.1735280351634071,0.8851875803240572,0.7268004620930155,0.874988711772606,0.7700335156737577,0.13958355296314562,0.9165657028400407,0.7712285249341566,0.5708061975800096,0.532361568446491,18.26934194498643
0.5737986757688749,0.3904169431645411,0.8032193394935565,0.9090175007895108,0.25291502119682885,0.038047206625278274,0.20292740402407883,0.7573386420416909,0.868401053101875,0.34856551266553404,18.664645494935925
0.1523870156317566,0.8585340534202894,0.21464285754892432,0.2418741860871555,0.09261258802469785,0.9103242204019236,0.3267233407722048,0.1718413527100473,0.9536449213713657,0.33552042037494934,8.505758742873454
0.7474858483953514,0.23039558873917632,0.7268257755570239,0.23216221987000552,0.6377399831569459,0.4408630303761253,0.7987177894418745,0.7302718310265631,0.9354856241717242,0.3766223083958945,11.689572790055212
0.7543351266683458,0.9688435317656056,0.33630902757443626,0.2900042438141961,0.7690507867047598,0.44552140228182735,0.3986517644265585,0.5456125140540066,0.9355307390135289,0.08385018120878973,14.764975991719815
0.4656858638793492,0.11014102503223233,0.883586059707899,0.13670124128110817,0.08970338703887126,0.9637543965954967,0.5633428415424441,0.8258929309854849,0.4702567828472709,0.43564185055504345,6.362688622842151
0.9116097596692945,0.9898725697492836,0.618531880960104,0.9181883407019681,0.8627186093505577,0.5440098884623115,0.9411036945143948,0.21005616221286294,0.8848450660982248,0.3093564109653716,16.795521424971135
0.03051555344870238,0.7870875556362003,0.9300175172525583,0.21678248670353184,0.5340855873876043,0.7493466962564082,0.3316235880136287,0.146918353307816,0.3922460967173125,0.4565700680262085,9.290398959214544
0.742220929101136,0.19868386271647487,0.8151121939843261,0.5021791097331857,0.9038905162100392,0.5657859322136682,0.44685458168055825,0.28679364616821934,0.1062424031461443,0.3717033053840664,15.996025386369586
0.4136232545493267,0.568286938174439,0.8598511619030232,0.46381499561066475,0.31428452471315127,0.873258612103213,0.7339180380779768,0.30702966058018344,0.16694569861819153,0.29102740525972126,15.53087210948604
0.12363761624870118,0.9034163375468998,0.6117268711483419,0.8635125459127125,0.8203608720116148,0.15323558130194415,0.4430012651859192,0.9720633938453805,0.23379430228062303,0.05023889980546059,16.424057185090362
0.3460101476789249,0.5109458067443404,0.05587744724596788,0.4266737739784704,0.2534126663319012,0.2121179559510349,0.263907132970594,0.10539874686430417,0.0766478551391645,0.5958454810543553,14.751613462296357
0.9478307205417746,0.80474006847875,0.8338986528046706,0.7350816013517626,0.9559828049176664,0.9505504797205696,0.7783031116414177,0.7159462585798083,0.30527951653609664,0.09116639255243375,21.142564359976323
0.09286797400874891,0.7362610760106546,0.028373860781731763,0.8164092489684818,0.3664764492147162,0.19208053901730326,0.4075885046872165,0.7032722274596633,0.27511061392699176,0.17361837528708224,16.576684119592798
0.7378842771016445,0.8806813047434476,0.5855448003964044,0.523855581242303,0.7548754506776693,0.7326465306143461,0.006278402546455841,0.2818444986563511,0.9320129912766036,0.9602021670369151,18.071624793279295
0.5102871569981421,0.5600900151843106,0.0006565214592899604,0.6723400158582125,0.21243584751713718,0.12791188692431332,0.30468412993753313,0.6648921890525386,0.43633337117969906,0.3490582871819876,20.59258306107897
0.7268077059418845,0.8137200898216089,0.8692024680654618,0.44475281605071193,0.7178279218533818,0.8852134030553553,0.9089063990198505,0.4921213853412676,0.3553265627329415,0.9001860712581113,20.353289912802893
0.26143046826483995,0.7968474418772212,0.9086549016407692,0.7397187996647249,0.6798601634192725,0.05067715979008691,0.2034729897009001,0.6665696248000978,0.7851955883038148,0.06339097338700928,20.22375233371595
0.01905945371737061,0.31151257388927844,0.6449550750930727,0.512042643020653,0.008359315706361947,0.15161216846664682,0.7522008548008772,0.2976617050709268,0.11718870818222282,0.05086342588132675,5.768976176872959
0.8504422209799141,0.47166599635693496,0.5036786464191012,0.06134125411261848,0.4885799251767631,0.6457731545733474,0.12279864656277373,0.9025157121201534,0.7833479731354672,0.8018850832568266,12.578007022143112
0.5365330771136227,0.33392188097849596,0.64045222226076,0.2253701480371012,0.1368847170307821,0.5383306182832632,0.47862618815567726,0.15028239560170775,0.5304038727951738,0.5464682709175246,8.668633198207077
0.8715147754531419,0.7592100563079949,0.21756566445810444,0.8179320218774085,0.9690141620150442,0.7166195126337138,0.7870031577730914,0.26642981302169666,0.991902549194355,0.17639454246828523,23.357555692874268
0.7508600739333752,0.3952192973075257,0.3568690670710145,0.285159229625653,0.4410607968850203,0.7908746030842686,0.9409725800629128,0.41623824346247174,0.6516716409854393,0.7882241430327579,13.496443163804676
0.09973616866687551,0.9605436666283985,0.21163346480147305,0.9150793031915295,0.9866028477291378,0.10040460639438342,0.8927472732853591,0.6409092736996982,0.817926736337371,0.10909765649607917,18.711356439951842
0.8342619812202595,0.6260343186716486,0.5106187156501921,0.5600326801570005,0.7444676819533519,0.29763672903800786,0.9434772420611139,0.3076365718411258,0.8770801479959656,0.012111493606326018,19.300441475740186
0.9164800657304576,0.8515778197369519,0.12418042279160424,0.7369229303153461,0.37411508199127974,0.4797782678089779,0.06859323921840221,0.21257379206446236,0.9536460345830929,0.41795048705533977,18.42785319161486
0.026030346896862455,0.5150781092037208,0.9946991336135659,0.33282062688907765,0.14121356289142406,0.643553428729538,0.9198243412155594,0.859149431165945,0.6569875165101887,0.1841474556501549,9.349908316465193
0.7843598646390868,0.8232219546624808,0.8495477804883542,0.40394130751264934,0.40885894480386376,0.15515710544528505,0.7726867637390882,0.737226226087412,0.0997497140424628,0.02013422095751005,17.497928710099703
0.9517199260323838,0.017268408877701646,0.6285986592300257,0.45364150700789496,0.7774134874984067,0.0877287378330801,0.6823735950985672,0.6149425513510989,0.8535941757711406,0.5185451341659922,9.270316423456054
0.7282920817482831,0.43758306240118106,0.9839785300634951,0.5594110664886007,0.7535391722235856,0.09293514602561603,0.46275592701458623,0.06443767481342522,0.12171097759759542,0.5061353806430725,22.467637662498316
0.3523048273631252,0.45982301671412207,0.4961441876560281,0.15975020358855196,0.36583141760025173,0.8605975181471378,0.8566109787997509,0.49061698678041055,0.7491460664626745,0.753552714618256,8.29939925107011
0.04410676042775097,0.6108912068202997,0.8045265660497295,0.5939712020662203,0.5415527958325613,0.5312157117699199,0.5079491833727562,0.7783081779522236,0.6424322734098624,0.21550286271292118,11.347678356491258
0.4333482361881832,0.5286252504094613,0.41895085728842296,0.23758150838627057,0.12474071566806488,0.11731232571370831,0.29628790337024147,0.402655153033048,0.6828776440757403,0.9849169492761515,9.722280913947767
0.8973559364145967,0.8136977815386209,0.8137360703335539,0.5960649670368144,0.25275967868270266,0.4719402093682784,0.14255401294572356,0.5664306017734676,0.02300072155863142,0.18946512227577772,16.69049640663402
0.7122947228196413,0.2768923538295994,0.4199622425512265,0.8320609672265722,0.04455805235149457,0.022734039922783666,0.2289871493986142,0.684443370131337,0.23612083533051287,0.863698406973685,14.478722730830059
0.35184819877374807,0.28351119455874507,0.2329130990460122,0.573970354910692,0.8563112774862225,0.4060623085459476,0.25251699278777295,0.42086623130557876,0.9047897537922018,0.3345375818072519,14.530754363643833
0.6557479120245392,0.32973953220498176,0.6747578297401446,0.8810107486892936,0.5985587728708035,0.9474419785594901,0.6015171907220472,0.9748758934483253,0.7237304458151873,0.6527883095589371,18.696146683017037
0.8298332608483097,0.011092776569627816,0.2572494636445867,0.21609063811907725,0.11089806804923452,0.9377866381857298,0.13100213150016193,0.26283666836092934,0.33516398240691536,0.6246279640439408,4.1831013448430285
0.7674642431631075,0.6046759919641989,0.7489543885169937,0.40212420428716245,0.995778236919221,0.1700923244308694,0.39976020881138163,0.8321830142125585,0.24676019774963354,0.7508430155980929,20.17605012822546
0.3642803936707676,0.17759627536913947,0.4033404646428108,0.7847885064759241,0.11195514746957347,0.5161015527473743,0.7413564180968221,0.7515720446365668,0.3895867141104544,0.46643837918373043,10.613006479121818
0.856765946519586,0.2083778394621285,0.992592467720301,0.419237171251714,0.2754513189443458,0.0025993515290329006,0.12502310411603845,0.7565090242323639,0.6492308398156079,0.24650640174961735,15.741821369890502
0.9270031172350371,0.8356880060563828,0.26927383134443406,0.33008787191276256,0.18475363677884515,0.6425588488376079,0.7011374210148787,0.39588110915351526,0.7371587026887,0.9915666515186401,11.791331264515508
0.6119482073284284,0.6492838557600032,0.3738423855676818,0.010586355192799046,0.9539213691657762,0.7723447053989316,0.6955681262738074,0.029810556783505193,0.7590121449559074,0.6700842430293755,14.678076649054546
0.568906120072077,0.6236007096271321,0.9183661505872464,0.006690394649451981,0.15697216222105503,0.8947571968682553,0.00821066650355029,0.9036361428790844,0.029631851847085056,0.7793377861464146,13.329467639474737
0.8909232111390795,0.6125272585565622,0.641441052748454,0.05056373192967889,0.2108912186465971,0.8994717781122422,0.8237160226403486,0.0595476750512538,0.8129851110026333,0.42348450734662146,11.857252580729956
0.5607226676514605,0.10840545797244305,0.39864403913577806,0.4349105139713342,0.6694883452764452,0.6575353033399012,0.5488744803596967,0.03144598673569077,0.16150106484470528,0.16026917269414298,9.800051847974128
0.8877324325438504,0.9017096751340242,0.8064982548474416,0.17487937065540338,0.8401516238997138,0.1875943936022907,0.5546306968560087,0.7338763549170102,0.05156100545556841,0.597929315057763,13.694099867613154
